retriever_name,user_input,retrieved_contexts,category_alignment,vibe_relevance
dense,현대적인 쇼핑과 문화를 함께 즐길 수 있는 복합 공간 추천해줄래?,"['장소명: 반스 두타\n내용: 동대문 디자인 플라자(DDP) 근처에 위치한 반스 두타는 쇼핑과 문화를 한번에 즐길 수 있는 복합 문화 공간입니다. 이곳에는 다양한 브랜드의 패션 상품과 더불어 현대적인 디자인의 건축물이 조화를 이루고 있습니다. 또한, 현대면세점이 입점해 있어 외국인 관광객들에게도 인기가 많습니다. 분위기 있는 식사를 원한다면 레스토랑이나 카페를, 쇼핑을 즐기고 싶다면 다양한 브랜드 매장을 방문해보세요. 친구나 가족과 함께 쇼핑과 문화를 즐기고 싶은 분들에게 특히 추천드립니다.', '장소명: 한섬 타임 현대동대문\n내용: 한섬 타임 현대동대문은 대한민국의 수도 서울에 위치한 현대적인 쇼핑과 엔터테인먼트 복합 공간입니다. 다양한 브랜드의 상점들과 식당, 문화 시설들이 있으며, 도심 속에서의 편리하고 즐거운 시간을 보낼 수 있는 곳입니다. 특히, 서울의 전통과 현대가 어우러진 분위기와 함께 다양한 문화 행사 및 전시가 열리기도 합니다. 다양한 쇼핑과 함께 서울의 문화를 경험하고 싶은 사람들에게 적합한 장소입니다. 가족이나 친구들과 함께 방문하여 도심 속에서의 여유로운 휴식을 즐기는 것을 추천합니다.', '장소명: 본 현대동대문\n내용: **본 현대동대문은 동대문 패션의 중심지에서 쇼핑과 휴식을 동시에 즐길 수 있는 복합 문화공간입니다.**  \n\n서울의 번화가 동대문에 위치한 이 복합몰은 패션, 푸드, 엔터테인먼트가 어우러진 현대적인 공간으로, 특히 24시간 영업으로 언제든지 방문할 수 있어 실용적입니다. 1층에는 다양한 패스트패션 브랜드와 편의시설이 자리해 쇼핑객들의 발길을 사로잡으며, 내부에는 현대적인 인테리어와 편의시설이 조화를 이룹니다.  \n\n주요 볼거리 중 하나는 동대문 패션의 트렌디한 아이템을 한눈에 만날 수 있는 매장들입니다. 특히 젊은 층을 겨냥한 캐주얼웨어부터 세련된 오피스룩까지 폭넓은 스타일을 제안해 방문객의 취향에 맞는 쇼핑이 가능합니다. 또한, 푸드코트와 카페 공간에서는 간단한 식사나 커피를 즐기며 잠시 쉬어가기 좋습니다.  \n\n이 공간은 단순한 쇼핑을 넘어 문화적 경험을 제공합니다. 야간에도 운영하는 만큼, 동대문의 활기찬 밤문화를 경험하려는 여행객들에게 특히 인기가 많습니다. 건물 내부에는 아트월이나 포토존도 마련되어 있어 SNS에 남길 인생샷을 찍기 적합합니다.  \n\n방문객을 위한 팁으로는, 무료 주차 시설을 활용할 수 있다는 점을 추천합니다. 특히 주말이나 저녁 시간대에는 쇼핑객이 많으므로 비교적 한산한 오후 이른 시간을 노리는 것도 좋습니다. 또한, 동대문의 명물인 길거리 음식과 함께 즐기면 더 풍부한 경험을 할 수 있습니다.  \n\n동대문을 방문한다면, 본 현대동대문은 트렌드와 편의를 모두 잡은 필수 코스입니다. 패션, 맛집, 휴식이 공존하는 이곳에서 서울의 활기찬 에너지를 만끽해 보세요!', ""장소명: GCUT\n내용: GCUT는 서울 중심부에 위치한 현대아울렛 동대문점 4층에 자리한 복합 문화 공간으로, 패션·디자인·예술이 어우러진 창의적인 플랫폼입니다. '지오다노' 매장이 입점해 있는 이 공간은 젊은 감성과 트렌드를 반영한 패션 아이템부터 독창적인 디자인 소품까지 다채로운 볼거리를 제공하며, 도심 속 특별한 쇼핑 경험을 선사합니다.\n\n이곳은 역사적 건물인 현대아울렛 동대문점의 현대적 리모델링을 통해 탄생했는데, 을지로6가의 산업 유산을 보존하면서도 모던한 감성으로 재해석한 것이 특징입니다. 특히 4층의 GCUT는 층고의 넉넉함과 자연채광이 조화를 이뤄 편안한 분위기에서 쇼핑과 휴식을 동시에 즐길 수 있습니다. 주변에는 동대문역, 동대문역사문화공원역, 종로5가역 등 3개의 지하철역이 5~9분 거리에 위치해 접근성이 뛰어나며, 46개의 버스 노선으로도 편리하게 연결됩니다.\n\n방문객들을 위한 추천 팁으로는, 평일 오후 시간대에 방문하면 한적한 분위기에서 쇼핑을 즐길 수 있다는 점, 인근에 위치한 전통 시장과 현대 복합 문화공간을 함께 탐방하며 서울의 다채로운 매력을 경험할 수 있다는 점을 꼽을 수 있습니다. 또한 GCUT 내부에서는 한정판 콜라보레이션 제품이나 로컬 디자이너의 작품을 발견할 수 있으니, 세심한 관찰력을 발휘해 보시길 추천합니다. 도심 속 트렌디한 문화를 경험하고 싶다면 GCUT를 방문해 보는 것이 좋습니다."", '장소명: 레더라SFC\n내용: 레더라SFC는 대한민국 수도 서울특별시의 중심지에 위치한 복합문화공간입니다. 현대적인 건축물과 다양한 문화, 예술 작품이 어우러져 있으며, 수많은 상점, 레스토랑, 카페 등이 자리 잡고 있습니다. 특히, 지하에는 SFC Mall이 위치해 있어 쇼핑과 식사를 동시에 즐길 수 있습니다. 다양한 전시회와 공연이 열리며, 도시의 역동적인 분위기를 느끼고 싶거나 문화 예술에 관심이 많은 사람들에게 추천하는 장소입니다. 또한, 비즈니스와 여가를 동시에 즐기고 싶은 사람들에게도 적합한 곳입니다.', ""장소명: 지오송지오 롯데서울역\n내용: **지오송지오 롯데서울역**은 롯데아울렛 서울역점과 함께 현대적인 쇼핑과 문화 체험을 동시에 즐길 수 있는 복합 공간입니다.  \n\n이곳은 서울역 인근의 한강대로 405에 위치해 있으며, 롯데아울렛 서울역점과 연계된 편의시설과 독특한 디자인의 건축물로 주목받고 있습니다. 특히, 롯데아울렛과 연결된 지하 1층부터 지상 5층 규모의 공간에는 다양한 패션 브랜드와 라이프스타일 숍이 입점해 있어 쇼핑 애호가들에게 인기가 높습니다.  \n\n역사적 배경보다는 현대적인 복합 문화공간으로서의 역할이 두드러지는데, 롯데서울역점은 2014년 개장한 이후 서울의 교통 중심지에서 빠르게 성장했습니다. 내부에는 커피숍, 푸드코트, 휴게 공간 등이 마련되어 쇼핑 중 편안하게 휴식할 수 있으며, 대형 주차장과 역세권 접근성이 뛰어나 여행객과 지역 주민 모두에게 편리합니다.  \n\n체험 요소로는 계절별 프로모션과 한정판 상품 출시 이벤트가 정기적으로 열리며, 가족 단위 방문객을 위한 키즈 존과 편의시설도 구축되어 있습니다. 또한, 인근 서울역사의 근대 건축 양식과 어우러진 도시 풍경을 감상할 수 있는 점도 매력적입니다.  \n\n방문객을 위한 팁으로는 평일 오전 시간대를 활용해 혼잡도를 피하는 것을 추천합니다. 특히, 롯데서울역점 내 '제일제면소' 매장은 지역 맛집과 협업한 한정 메뉴로 인기가 있으니 꼭 들러보시기 바랍니다. 지하철 1호선·4호선·경의중앙선과 직결되어 대중교통으로도 편리하게 접근할 수 있습니다.  \n\n이곳은 단순한 쇼핑 공간을 넘어 서울의 활기찬 도시 생활을 체험할 수 있는 장소로, 여행의 중간 기착지이자 필수 코스로 추천합니다."", ""장소명: 컬럼비아 현대동대문\n내용: **컬럼비아 현대동대문은 서울 중심부의 현대적 쇼핑과 문화 체험이 어우러진 복합 문화공간입니다.**  \n\n이곳은 동대문 현대시티아울렛 내 위치한 컬럼비아 매장으로, 글로벌 아웃도어 브랜드의 대표 아이템을 한자리에서 만날 수 있습니다. 특히 컬럼비아의 기능성 재킷, 방수 의류, 캐주얼웨어 등 다양한 라인이 체계적으로 전시되어 쇼핑의 편의성을 높였으며, 트렌디한 디자인과 실용성을 겸비한 제품들을 직접 체험해 볼 수 있습니다. 매장 내부에는 계절별 추천 코디와 신제품 소개 코너가 마련되어 있어 방문객의 니즈에 맞는 쇼핑이 가능합니다.  \n\n컬럼비아 현대동대문은 단순히 제품을 판매하는 공간을 넘어 브랜드의 역사와 철학을 엿볼 수 있는 문화적 요소도 갖추고 있습니다. 아웃도어 활동의 영감을 주는 사진 전시나 한정판 컬렉션 소개 등 특별 이벤트가 종종 열리며, 이는 쇼핑에 재미와 깊이를 더합니다. 또한 동대문 패션 중심가의 이점을 살려 인근에 위치한 다양한 패션 편집숍, 먹거리 거리와의 연계 탐방도 추천할 만합니다.  \n\n방문객을 위한 팁으로는, 주말보다는 평일 오후를 이용해 비교적 한적한 분위기에서 쇼핑하기, 매장의 사이즈 교환 정책을 미리 확인해 체형에 맞는 옷을 선택하기, 계절별 프로모션 기간을 노려 할인 혜택을 누리는 것 등을 추천합니다. 특히 컬럼비아의 베스트셀링 아이템인 '아웃드라이' 재킷이나 '헤이터' 시리즈는 실용성과 디자인 면에서 높은 평가를 받고 있으니 꼭 체크해 보시길 바랍니다.  \n\n동대문 현대시티아울렛의 중심부에 위치한 이 매장은 쇼핑과 휴식을 동시에 즐기기에 최적화된 공간입니다. 방문 시 인근 카페나 푸드코트에서 잠시 쉬어가며 쇼핑의 피로를 풀어보는 것도 좋은 방법입니다. 컬럼비아 현대동대문은 단순한 구매 공간을 넘어, 삶의 방식을 제안하는 라이프스타일 허브로의 역할을 꾸준히 이어가고 있습니다."", '장소명: JDX 현대동대문\n내용: JDX 현대동대문은 대한민국 수도이자 문화, 인문, 정치, 경제 중심지인 서울특별시 동대문구에 위치한 현대적 복합 쇼핑몰 입니다. 이곳에는 다양한 패션 브랜드와 엔터테인먼트 시설이 입점해 있어, 트렌디한 쇼핑과 여가를 동시에 즐기고 싶은 방문객에게 적합합니다. 특히 가족 단위 여행자나 젊은 연인들이 방문하기에 좋은 장소로, 최신 유행을 선도하는 패션 아이템을 구매하고 다양한 문화 생활을 경험할 수 있습니다.', '장소명: 롯데 서울역점(SJSJ)\n내용: **롯데 서울역점(SJSJ)은 서울역 중심에 위치한 복합 쇼핑몰로, 쇼핑과 문화 체험을 동시에 즐길 수 있는 현대적인 공간입니다.**  \n서울역 광장과 연결된 한강대로 405에 자리한 이 장소는 롯데아울렛 서울역점을 중심으로 다양한 패션, 라이프스타일 브랜드, 푸드 코너가 어우러져 있습니다. 특히, 역사(驛舍)와의 연계로 교통 접근성이 뛰어나 여행객과 지역 주민 모두에게 편리함을 제공합니다. 내부에는 트렌디한 의류 매장부터 일상 속 필요한 아이템을 찾을 수 있는 편집숍까지 다양하게 구성되어 있어, 쇼핑뿐만 아니라 시간을 보내는 즐거움을 선사합니다.  \n\n주요 볼거리로는 계절별 프로모션과 한정 기획전이 열리는 특별관이 있으며, 푸드 존에서는 국내외 다양한 맛과 함께 편안한 식사를 즐길 수 있습니다. 또한, 문화 행사나 팝업 이벤트가 종종 개최되어 방문객에게 특별한 경험을 선사하기도 합니다. 쇼핑 후 피로를 풀기에 좋은 휴게 공간도 마련되어 있어, 여유롭게 공간을 둘러보며 휴식을 취할 수 있습니다.  \n\n방문객을 위한 팁으로는, 주말이나 연휴에는 인파가 많을 수 있으므로 평일 오후를 추천드리며, 서울역과의 직결 구조 덕분에 대중교통 이용 시 편리하게 이동 가능합니다. 또한, 푸드 코너에서는 현지인과 여행객 모두에게 사랑받는 메뉴들이 준비되어 있으니, 쇼핑 후 맛있는 식사까지 계획해 보시길 권합니다. 롯데 서울역점(SJSJ)은 단순한 쇼핑몰을 넘어 도시의 활기와 현대적 감성을 느낄 수 있는 공간으로, 서울 방문 시 놓치지 말아야 할 장소입니다.', '장소명: 타임\n내용: 타임은 서울특별시 중구에 위치한 현대시티타워 12층에 플라즈마스페어와 함께 자리하고 있는 곳입니다. 이곳은 다양한 쇼핑 시설과 엔터테인먼트 공간을 제공하여 방문객들에게 매력적인 경험을 선사합니다. 특히, 쇼핑을 목적으로 방문하는 이들에게 추천하는데, 현대시티아울렛 동대문점과 연결되어 있어 다양한 브랜드의 상품을 손쉽게 구매할 수 있습니다. 또한, 플라즈마스페어에서는 독특한 디자인의 제품들을 만나볼 수 있어 패션과 디자인에 관심 있는 사람들에게 인기 있는 장소입니다. 타임은 친구나 가족과 함께 방문하여 쇼핑과 여가를 동시에 즐길 수 있는 최적의 장소입니다.']",1,0
dense,역사적 의미가 깃든 조용한 사찰 주변에 산책로 있을까?,"['장소명: 안산자락길\n내용: **안산자락길**은 서울 서대문구에 위치한 안산의 둘레를 따라 조성된 총 길이 약 7km의 숲길입니다. 이 길은 도심 속에서 자연과 함께 산책하며 일상의 여유를 만끽할 수 있는 매력적인 공간으로, 사계절 다양한 풍경과 체험을 선사합니다.  \n\n### 🌳 주요 볼거리와 체험 요소  \n안산자락길은 산책로 중간중간 설치된 쉼터와 전망대에서 서울 도심의 경관을 조망할 수 있으며, 특히 가을에는 단풍, 봄에는 신록이 어우러져 환상적인 풍경을 연출합니다. 역사적으로는 안산이 예로부터 서울의 진산(鎭山)으로 여겨지며 지역 주민들에게 영감과 휴식을 제공한 점이 특징입니다. 길 주변에는 봉원사길과 연결된 문화유적지가 있어 역사적 분위기와 자연을 동시에 즐길 수 있습니다.  \n\n체험 측면에서는 맨발 걷기, 숲속 명상, 가벼운 트레킹 등 도심 속에서 접하기 어려운 자연 활동을 추천합니다. 주차 시설도 편리해 국립임시정부기념관 주차장을 이용하면 접근성이 좋습니다.  \n\n### 🚶 마무리 팁  \n안산자락길을 방문할 때는 편한 신발과 함께 간단한 음료, 간식, 카메라를 준비하는 것이 좋습니다. 특히 주말에는 가족이나 친구와 함께 산책하며 사진 촬영을 즐기기에 최적이며, 평일 오후에는 한적한 분위기 속에서 혼자만의 시간을 보내기 좋습니다. 코스 중간중간에 있는 쉼터에서 잠시 숨을 고르며 숲의 정기를 느껴보세요.  \n\n도심 속 비밀 정원 같은 안산자락길은 바쁜 일상 속에서 잠시 멈추고 싶은 이들에게 강력히 추천하는 명소입니다. 🌿', '장소명: 사라진 성곽길을 따라 걷기\n내용: 사라진 성곽길을 따라 걷기는 역사적인 분위기를 느끼며 산책할 수 있는 활동입니다. 성곽은 과거에 방어나 거주 등의 목적으로 건설된 구조물로, 해당 성곽길은 과거의 흔적을 간직하고 있어 역사적 의미를 가지고 있습니다. 이 성곽길을 따라 걸으면, 과거의 풍경과 문화를 상상하며 시간 여행을 하는 기분을 느낄 수 있습니다. 특히, 역사에 관심이 많은 분들이나 평온한 분위기 속에서 산책을 즐기고 싶은 분들에게 추천합니다. 또한, 사진 찍기를 좋아하는 분들에게는 아름다운 전경과 역사적 장면을 담아낼 수 있는 좋은 기회가 될 것입니다.', '장소명: 정동길\n내용: 정동길은 서울시 중구에 위치한 역사적인 길로, 다양한 문화와 역사가 살아 숨 쉬는 곳입니다. 덕수궁 돌담길과 함께 서울 도심의 보행자 전용 도로 중 하나로, 많은 관광객과 시민들이 찾는 인기 있는 명소입니다. 정동길은 덕수궁과 서울시립미술관을 잇는 약 1km의 길로, 고즈넉한 분위기와 함께 다양한 카페, 레스토랑, 상점들이 자리 잡고 있습니다. 특히 가을이 되면 단풍이 아름다워 데이트 코스나 산책로로 적합합니다. 또한, 주변에 위치한 덕수궁, 대한 성공회 성당, 정동 경향 신문사 등 역사적인 건물들도 함께 볼 수 있어, 역사와 문화를 느끼고 싶은 여행객들에게 추천합니다. 정동길은 도심 속에서도 한적하고 여유로운 분위기를 느낄 수 있는 곳으로, 바쁜 일상에서 벗어나 휴식을 취하고 싶은 이들에게 적합한 장소입니다.', '장소명: 남산순환나들길\n내용: 도시 한복판에 우뚝 솟은 남산은 서울의 랜드마크이자 사계절 시민들의 휴식처로 사랑받는다. 남산둘레길은 서울타워를 기점으로 남산을 한 바퀴 돌아볼 수 있는 길로 걷기 좋은 산책 길이다. 총길이 7.3㎞로 2시간 30분 정도 걸린다. 누구나 걷기 좋은 북측순환로, 이야기가 있는 역사문화길, 남산의 자연환경을 엿볼 수 있는 자연생태길과 야생화원길, 그리고 산림숲길로 이어지는 코스이다. 그중에서도 북측순환로는 휠체어나 유아차 사용자와 시각장애인 등 보행 약자가 동행자 또는 보호자의 큰 도움 없이 다닐 수 있어 무장애산책로로 선정됐다. 남산둘레길 북측순환로는 남산케이블카 입구에서 시작하여 국립극장까지 이어지는 3.4km의 산책로로, 자동차와 자전거 통행이 금지되어 안전하게 걸을 수 있다. 모든 길의 가운데에는 점자 블록이 설치되어 있고, 점자 블록이 설치된 중간 길을 기준으로 비장애인은 우측으로 통행하며 질서를 지키자는 의미로 ‘배려의 길’이라고도 불린다.남산둘레길의 관광포인트로는 안중근 의사가 남긴 붓글씨, 관련 사진, 건국공로 훈장과 서한, 공판 당시 신문 보도 내용, 유명 인사 휘호 등이 전시되어 있는 ‘안중근 의사 기념관’, 누에의 머리를 닮았다 하여 이름 붙여진 잠두봉의 포토존 잠두봉 ‘포토아일랜드’, 남산서울타워 광장에서 볼 수 있는 ‘사랑의 자물쇠’, 남산 정산 부근 서울 시내를 내려다볼 수 있는 전파 송출 및 관광용 타워 ‘남산서울타워’ 등이 있다.', '장소명: 덕수궁 돌담길\n내용: 기존의 도로를 보행자 중심의 도로로 재정비하고, 보행자를 위해 보도와 차도 공존도로 및 푸르름이 가득한 가로공간인 녹도의 개념을 복합적으로 도입한 우리나라 최초의 사례로 길이는 900m이다. 자연친화적인 점토블록 및 보행자의 안전한 보행권 확보를 위해 차도에 석고석 포장(페이빙스톤) 실시하였고, 시민들의 휴식 공간을 위해 느티나무 외 2종 130주 식재, 평의자 20개 설치하였으며 주변의 역사적 시설인 덕수궁과 연계한 역사적 가로 경관의 창출 및 가로환경 개선하였다. 낭만이 가득한 덕수궁 돌담길은 연인들이 걷기에 더없이 좋은 곳이며, 주변에 서울시립미술관과 서울역사박물관이 있어 문화산책 코스로도 제격이다.', '장소명: 가야성\n내용: 가야성은 서울 특별시에 위치한 유서 깊은 사찰로, 도심의 중심에 자리 잡고 있어 많은 사람들에게 마음의 안식처를 제공합니다. 이곳은 불교 문화의 중심지 중 하나로, 역사적으로 중요한 역할을 해왔습니다. 방문객들은 이곳에서 마음을 다스리고, 서울의 바쁜 일상에서 벗어나 잠시 휴식을 취할 수 있습니다. 특히, 전통문화를 체험하고 싶은 여행자들에게 추천하며, 조용한 환경에서 자신과 대화를 나누고 싶은 사람들에게 이상적인 장소입니다.', ""장소명: 개뿔\n내용: **낙산성곽길의 아늑한 쉼표, 카페 개뿔**  \n도심 속 역사와 현대 감성이 조화된 특별한 카페에서 특별한 시간을 보내고 싶다면, 낙산성곽길 초입에 자리한 '개뿔'을 추천합니다.  \n\n'개뿔'은 서울 종로구 낙산성곽서1길 26에 위치한 1·2층 카페로, 낙산성곽의 고즈넉한 풍경과 어우러진 아늑한 공간입니다. 성곽길을 따라 20분 정도 걷다 보면 만나는 이 카페는, 역사적인 돌담과 현대적 인테리어가 조화를 이루며 방문객들에게 독특한 분위기를 선사합니다. 1층에서는 탁 트인 매장 바깥의 성곽 풍경을 감상할 수 있고, 2층은 좀 더 프라이빗한 공간에서 여유로운 시간을 보내기에 좋습니다.  \n\n이 카페의 매력은 단순한 음료 제공을 넘어, 낙산성곽길 산책과 결합된 체험에 있습니다. 낮 시간에는 따스한 햇살 아래 성곽 위를 걸으며 오랜 역사의 흔적을 느끼고, 카페에서 향긋한 커피와 디저트로 잠시 숨을 고르는 여정이 가능합니다. 특히 해질 무렵에는 성곽 위에서 바라보는 도심의 야경과 어우러진 카페의 조명이 낭만적인 분위기를 자아냅니다. 반려동물 동반이 가능해 반려견과의 산책 후 편안하게 머무르기에도 적합합니다.  \n\n운영 시간은 매일 오전 10시부터 오후 11시까지이며, 주차 공간이 없으므로 대중교통 이용을 권장합니다. 낙산성곽길 초입의 좁은 골목길에 위치하므로, 성곽길 안내 표지판을 따라 찾으면 쉽게 도착할 수 있습니다.  \n\n**추천 여행 팁**  \n1. 성곽길 산책 후 카페에서 휴식을 취해보세요. 역사적 정취와 현대적 편의가 결합된 특별한 경험이 될 것입니다.  \n2. 저녁 시간대 방문 시, 야경과 어우러진 카페 분위기를 즐기실 수 있습니다.  \n3. 반려동물과 함께라면 동반 입장이 가능하니, 함께 여유로운 시간을 보내보세요.  \n\n낙산성곽길의 과거와 현재를 동시에 경험하고 싶다면, '개뿔'은 단순한 카페 이상의 의미를 선사할 것입니다. 하루의 속도를 늦추며, 성곽길의 숨결을 카페에서 되새기는 시간을 가져보시길 바랍니다."", '장소명: 후암편백\n내용: 후암편백은 서울 용산구 후암로에 위치한 자연과 휴식이 공존하는 도심 속 힐링 명소입니다.  \n\n후암편백은 후암동 두텁바위 마을 인근에 자리한 조용한 공간으로, 편백나무의 은은한 향기로 일상의 스트레스를 해소하는 데 최적화된 장소입니다. 특히 남산 자락의 자연 경관과 어우러져 도보로도 쉽게 접근할 수 있는 점이 매력적입니다. 이곳은 전통 한옥과 현대적 감성이 어우러진 건축물로, 방문객들은 산책로를 따라 걷거나 편백나무 숲에서 명상을 즐기며 여유로운 시간을 보낼 수 있습니다. 주변에는 용산도서관, 남산공원, 서울역 등 문화·역사 명소도 가까워 연계 관광이 가능합니다.  \n\n후암편백의 주변에는 외국인 거주 비율이 높은 지역적 특성을 반영한 다문화 프로그램이나 영어·다국어 도서가 갖춰진 도서관도 있어, 다양한 문화적 체험을 원하는 여행객에게도 추천합니다. 또한, 인근 카페와 한옥 골목에서는 감성적인 분위기와 함께 지역 특색을 느낄 수 있습니다.  \n\n방문객을 위한 팁으로는, 교통편이 편리하지만 전용 주차장이 없으므로 지하철(서울역)이나 버스 이용을 권장합니다. 특히 오후 3시부터 5시까지는 인근 상점의 휴식 시간일 수 있으니, 방문 계획을 세울 때 참고하시면 좋습니다. 후암편백에서의 시간은 도심 속에서도 자연과 전통을 느끼며 마음의 안정을 찾는 특별한 경험이 될 것입니다.  \n\n혹시 주변에 맛집이나 카페를 찾고 있다면, 후암동 일대의 감성 카페와 지역 특색 있는 음식점도 함께 둘러보시길 추천합니다. 단, 방문 전 운영 시간을 확인하는 것이 좋습니다. 후암편백은 사계절 내내 아름다운 풍경을 자랑하므로, 계절별로 다른 매력을 발견해 보시기 바랍니다.', '장소명: 한양도성 남산 도시 숲부터 남대문 시장까지\n내용: 서울 한양도성은 조선 시대 한양의 도심부를 둘러싸고 있던 성으로, 현재는 서울특별시의 주요 문화유산 중 하나입니다. 남산 도시 숲부터 남대문 시장까지 이어지는 성곽을 따라 걷다 보면, 조선 시대로의 시간 여행을 경험할 수 있습니다. 한양도성은 역사적인 의미뿐만 아니라, 도심 속에서 자연을 즐길 수 있는 산책로로도 인기가 많습니다. 특히, 남산 구간은 서울 시내의 아름다운 전경을 감상할 수 있어 많은 관광객과 시민들에게 사랑받고 있습니다. 역사적인 분위기를 느끼며 산책하고 싶거나, 서울의 아름다운 경치를 만끽하고 싶은 분들에게 추천하는 장소입니다.', '장소명: 600년 역사의 재미난 스토리가 흐르는 골목\n내용: 600년의 역사를 자랑하는 이 골목은 단순한 길이 아닌 수많은 이야기와 역사를 담고 있는 곳입니다. 방문객들은 이곳을 거닐며 과거로부터 전해지는 재미난 스토리와 문화에 대해 알아볼 수 있습니다. 특히, 역사를 좋아하거나 이 골목만의 독특한 분위기를 느끼고 싶은 분들에게 추천합니다. 또한, 이곳은 매년 열리는 전통적인 축제의 장으로도 유명하며, 다양한 문화체험 프로그램도 제공하고 있습니다. 이 골목의 고즈넉한 분위기와 함께 역사적 이야기를 따라 산책하며, 전통 문화에 대한 이해와 즐거움을 동시에 느껴보세요.']",1,0
dense,전문적이고 친절한 안경 서비스와 맞춤형 안경을 찾을 수 있는 곳 있을까?,"['장소명: 김안경\n내용: 김안경은 대한민국의 수도이자 문화, 인문, 정치, 경제 중심지인 서울 특별시 내에 위치한 안경원입니다. 서울은 오랜 역사와 전통을 자랑하며, 다양한 문화유산과 현대적인 도시의 모습을 동시에 볼 수 있는 도시입니다. 이곳에서 김안경은 고객님께 전문적이고 친절한 서비스를 제공하여 최상의 안경을 매칭해 드립니다. 특히, 서울을 방문하여 새로운 안경을 맞추고 싶거나, 편안한 시생활을 위해 보다 전문적인 안경 서비스를 원하는 분들에게 추천합니다. 또한, 서울에 거주하시는 분들 중 자신의 라이프스타일에 맞는 맞춤형 안경을 찾는 분들에게도 적합한 장소입니다.', '장소명: 뉴카이스트안경원\n내용: 뉴카이스트안경원은 서울 남대문시장에 위치한 안경원입니다. 이곳은 최신 디자인의 안경과 선글라스를 다양하게 보유하고 있으며, 전문 안경사들이 고객의 요구에 맞는 제품을 추천해줍니다. 또한, 정확하고 친절한 시력검사 서비스를 제공하여 고객 만족도가 높습니다. 안경이나 선글라스를 구매하고자 하는 분들이나 시력검사가 필요한 분들이 방문하기에 적합한 장소입니다.', '장소명: 불가리안경\n내용: 불가리안경은 서울의 중심가에 위치한 독특한 안경 전문점으로, 1950년대부터 이어온 역사와 전통을 바탕으로 고객 맞춤 서비스를 제공하는 곳입니다. 서울특별시 중구 소월로 3에 자리한 이 매장은 단순한 안경 판매를 넘어 개인의 얼굴 형태와 라이프스타일을 고려한 세심한 피팅으로 유명합니다.  \n\n불가리안경의 가장 큰 특징은 숙련된 안경사가 직접 고객의 얼굴 구조를 분석해 최적의 프레임을 추천한다는 점입니다. 70년 이상의 노하우를 바탕으로 한 전통적인 제작 방식부터 현대 기술을 접목한 디지털 검사까지, 다양한 서비스를 경험할 수 있습니다. 특히, 매장 내부에는 시대별 안경 변천사를 보여주는 사진 자료와 빈티지 프레임 전시 코너가 마련되어 있어 방문객들에게 흥미로운 볼거리를 제공합니다.  \n\n체험 요소로는 맞춤 렌즈 체험, 프레임 디자인 워크숍 등이 있으며, 예약제로 진행되는 특별 상담 서비스도 인기 있습니다. 또한, 매장에서는 한국 안경 문화의 역사를 소개하는 소책자를 배포하며, 고객들은 이를 통해 국내 안경 산업의 발전 과정을 알아볼 수 있습니다.  \n\n방문객들에게는 주말 오전 시간대를 추천하는데, 이때가 가장 한산하며 안경사와의 여유로운 상담이 가능하기 때문입니다. 계절에 따라 한정 판매되는 특별 컬렉션도 있으니, 방문 전 공식 홈페이지에서 이벤트를 확인하는 것이 좋습니다. 불가리안경은 단순한 쇼핑 공간이 아닌, 개인의 스타일을 완성하는 문화 공간으로 기억될 것입니다.', '장소명: 믿음안경\n내용: 믿음안경은 대한민국 수도이자 문화, 인문, 정치, 경제의 중심지인 서울 특별시에 위치한 안경원이다. 서울은 대한민국의 대표적인 도시로, 역사적인 유적지와 현대적인 건축물이 공존하는 독특한 분위기를 가지고 있다. 믿음안경은 이러한 서울에서도 친절하고 전문적인 서비스로 유명하다. 안경을 구매하거나 검안을 받고 싶은 분들, 또는 안경에 대한 궁금한 점이 있는 분들은 서울을 방문할 때 믿음안경을 방문해보자. 최신 안경 트렌드를 만나볼 수 있으며, 전문 안경사의 친절한 상담을 통해 자신에게 딱 맞는 안경을 찾을 수 있을 것이다.', '장소명: 바니스튜디오 안경(명동역점)\n내용: 바니스튜디오 안경 명동역점은 서울특별시 중구에 위치한 안경 전문점입니다. 이곳은 다양한 스타일과 기능성의 안경과 선글라스를 제공하여 고객들의 눈 건강을 지키고 패션을 완성시켜줍니다. 특히, 최신 트렌드를 반영한 디자인과 편안한 착용감을 자랑하는 제품들이 많이 구비되어 있습니다. 방문 고객들은 전문 안경사들의 친절한 상담을 받으며, 자신에게 가장 적합한 안경을 선택할 수 있습니다. 바니스튜디오 안경 명동역점은 스타일과 실용성을 동시에 추구하는 사람들에게 추천하는 장소입니다. 패션에 관심이 많거나, 새로운 안경을 찾고 있는 분들이 방문하면 좋은 곳입니다.', '장소명: 아이닥안경\n내용: 아이닥안경은 다양한 안경테와 콘택트렌즈를 제공하는 안경원입니다. 최신 트렌드의 안경테부터 클래식한 디자인까지 다양한 제품군을 자랑하며, 시력 검사와 함께 고객의 필요에 맞는 안경을 제안합니다. 또한, 각종 브랜드 콘택트렌즈를 합리적인 가격에 구매할 수 있어 편리합니다. 시력 교정이 필요하거나 새로운 안경을 구매하고자 하는 분들께 추천합니다.', '장소명: 오렌즈 광화문\n내용: 오렌즈 광화문점은 대한민국의 수도이자 최대 도시인 서울특별시의 중심에 위치한 안경원이다. 광화문이라는 이름에서 알 수 있듯이, 역사적인 장소인 광화문이 가까이에 있어 서울의 역사와 문화를 체험할 수 있는 좋은 위치에 있다. 오렌즈 광화문점은 다양한 브랜드의 안경과 콘택트렌즈를 보유하고 있어, 방문객들은 자신의 얼굴형과 스타일에 맞는 안경을 찾을 수 있다. 또한, 전문적인 안경사와 검안사가 상주하여 고객의 시력 검사를 진행하고, 이에 맞는 안경이나 렌즈를 추천해준다. 특히, 서울을 방문하는 관광객들이나 외국인들에게도 친절한 서비스를 제공하여 좋은 평가를 받고 있다. 서울의 중심에서 편안하고 전문적인 안경 서비스를 받고 싶은 사람들에게 추천할 만한 장소이다.', '장소명: 하버드안경\n내용: 하버드안경은 대한민국 수도 서울에 위치한 안경 전문점입니다. 서울은 대한민국의 최대 도시이자 오랜 역사를 지닌 고도 중 하나로, 문화, 인문, 정치, 경제 중심지 역할을 하는 도시입니다. 하버드안경은 서울 시민들과 서울을 방문하는 관광객들에게 다양한 안경 제품을 제공하고, 전문적인 안경 검안과 피팅을 통해 고객들의 눈 건강을 지켜줍니다. 서울을 방문하여 새로운 안경을 구매하거나, 눈 검안을 받고 싶은 분들은 하버드안경을 방문하여 전문적인 서비스를 받아 보시기 바랍니다.', '장소명: 하나로안경원\n내용: 서울특별시 내에 위치한 하나로안경원은 시력교정이 필요한 이들이나 새로운 안경을 찾는 이들에게 최적화된 장소입니다. 서울은 대한민국의 수도이자 최대 도시로, 오랜 역사와 현대적인 문화가 공존하는 곳입니다. 하나로안경원은 이러한 문화·인문·정치·경제 중심지에서 정확하고 전문적인 안경 맞춤 서비스를 제공합니다. 안과 진료 후 안경이 필요한 경우나, 패션 아이템으로 안경을 바꾸고 싶은 경우, 최신 트렌드의 안경을 찾고 있는 경우 등 다양한 상황에서 방문하기에 적합한 곳입니다.', '장소명: 조은안경 회현\n내용: 조은안경은 대한민국 서울 중구 남대문로에 위치한 안경원입니다. 최신 안경과 선글라스를 다양한 스타일과 가격으로 제공하며, 고객의 시력과 생활 패턴에 맞는 제품을 추천해줍니다. 또한, 조은안경에서는 정확한 시력 검사와 안경 피팅 서비스를 제공하며, 수리 및 렌즈 교체 서비스도 함께 운영하고 있습니다. 조은안경을 방문하기에 적합한 상황은 새로운 안경이나 선글라스를 구매하고자 하거나, 정확한 시력 검사와 안경 피팅이 필요한 경우입니다. 남대문시장에 방문하여 쇼핑을 즐기며, 안경을 구매하거나 점검하고 싶은 분들에게도 좋은 선택이 될 수 있습니다.']",1,0
dense,최신 뷰티 트렌드를 경험할 수 있는 매장 추천해줘,"['장소명: 올리브영 명동본점\n내용: 올리브영 명동본점은 서울특별시 중구 명동길에 위치한 라이프스타일 체험형 드럭스토어입니다. 올리브영은 뷰티, 헬스, 퍼스널 케어 등 다양한 제품들을 한 곳에서 만나볼 수 있는 곳으로, 최신 트렌드를 반영한 제품들을 선보이고 있습니다. 특히 명동본점은 올리브영의 대표 매장 중 하나로, 다양한 브랜드와 제품을 경험할 수 있는 공간과 고객들을 위한 편의시설도 잘 갖춰져 있습니다. 쇼핑과 관광의 중심지인 명동에 위치하여 언제든지 방문하기 좋은 곳으로, 최신 뷰티 트렌드를 경험하고 싶은 분이나 다양한 라이프스타일 제품을 한 번에 만나보고 싶은 분들에게 추천합니다.', '장소명: 올리브영 명동 타운\n내용: 올리브영 명동 타운은 대한민국 문화, 인문, 정치, 경제적 중심지인 서울특별시의 중심지인 명동에 위치한 유명 헬스 앤 뷰티 스토어입니다. 이곳에서는 다양한 뷰티 제품과 건강 보조제를 만날 수 있으며, 최신 트렌드를 직접 경험해 볼 수 있습니다. 쇼핑과 트렌드에 관심이 많은 분들, 특히 뷰티 제품에 관심이 많은 분들이 방문하기에 적합한 장소입니다. 서울을 여행하면서 최신 뷰티 제품을 체험해보고 싶거나, 다양한 뷰티 브랜드를 한번에 비교하고 싶을 때 방문하면 좋은 곳입니다.', '장소명: 올리브영 명동대로\n내용: 올리브영 명동대로는 대한민국의 수도이자 문화, 인문, 정치, 경제 중심지인 서울특별시 명동대로에 위치한 올리브영 매장입니다. 이 곳은 최신 트렌드의 뷰티 제품과 헬스케어 제품을 만나볼 수 있는 대표적인 곳입니다. 서울특별시의 중심부인 명동에서 최신 뷰티 제품과 트렌드를 경험하고 싶은 분들이 방문하기에 적합합니다. 다양한 브랜드의 제품들을 한 자리에서 비교하고, 전문가의 피부 상담을 받을 수 있어 뷰티에 관심 있는 분들에게는 필수 방문지라고 할 수 있습니다.', '장소명: 서울뷰티위크\n내용: 서울뷰티위크는 대한민국 수도 서울의 대표적인 뷰티 행사입니다. 이번 가을, 서울에서 열리는 이 행사는 단순한 박람회가 아닌 뷰티 산업의 미래를 내다볼 수 있는 특별한 축제입니다. K-뷰티의 최신 트렌드를 경험하고, 글로벌 뷰티 트렌드를 이끄는 산업의 현주소를 체험할 수 있습니다. 이곳에서 산업계 전문가들과의 교류를 통해 비즈니스 기회를 넓힐 수도 있습니다. 뷰티에 관심 있는 사람들이라면 누구나 방문해 볼 만한 가치가 있는 행사이며, K-뷰티에 관심이 많은 분들이나 뷰티 업계 종사자들에게 더욱 추천하고 싶은 행사입니다.', '장소명: 코리아뷰티페스티벌\n내용: 코리아뷰티페스티벌은 서울특별시 중구 명동에서 열리는 뷰티 페스티벌입니다. 명동은 서울의 대표적인 번화가로, 다양한 쇼핑과 문화 시설을 즐길 수 있는 곳입니다. 코리아뷰티페스티벌은 최신 뷰티 트렌드를 경험하고, 다양한 뷰티 상품들을 만나볼 수 있는 기회입니다. 뷰티에 관심 있는 사람들이나 새로운 뷰티 경험을 원하는 사람들에게 추천하는 장소입니다. 또한, 명동의 다른 관광 명소나 쇼핑을 함께 즐길 수 있기 때문에 여행 중 방문하기 좋습니다.', '장소명: 올리브영 종로YBM\n내용: 올리브영 종로YBM은 한국 최대의 헬스앤뷰티 스토어로, 전국에 약 1,300개 이상의 매장을 운영하는 유명한 곳입니다. 특히 서울의 성동구에 위치한 올리브영N 성수는 K뷰티의 1번지로 꼽히며, 누적 방문객 수가 250만 명을 돌파한 인기 명소입니다. 이곳에서는 AI를 활용한 피부 및 두피 스캔과 컨설팅 서비스를 제공하여 방문객들에게 큰 인기를 얻고 있습니다. 올리브영 종로YBM은 최신 뷰티 트렌드와 다양한 제품을 경험하고 싶은 국내외 관광객들에게 추천하는 곳입니다.', '장소명: 네이처리퍼블릭 (명동월드점)\n내용: 네이처리퍼블릭 명동월드점은 명동의 중심에 위치한 인기 있는 화장품 매장입니다. 이곳은 다양한 피부 타입과 관심사에 맞춘 고품질의 화장품과 스킨케어 제품을 제공합니다. 특히, 자연에서 영감을 얻은 제품들로 유명하며, 방문 고객들은 피부 관리에 대한 전문적인 상담과 함께 제품을 체험할 수 있습니다. 네이처리퍼블릭 명동월드점은 최신 화장품 트렌드를 경험하고 싶은 분, 자연 친화적인 제품을 찾고 있는 분, 피부 관리에 대한 전문적인 조언을 구하고 싶은 분들에게 추천합니다.', '장소명: 올리브영 무교동점\n내용: 올리브영 무교동점은 대한민국에서 인기 있는 뷰티·헬스 스토어 중 하나입니다. 다양한 뷰티 및 헬스 관련 제품들을 한곳에서 만나볼 수 있으며, 혁신적인 매장으로 유명합니다. 특히 CJ올리브영의 다양한 브랜드 제품들을 직접 경험하고 구매할 수 있는 최적의 장소입니다. 올리브영 무교동점은 무교동 일대에서 쇼핑을 즐기거나 관광을 계획 중인 분들에게 추천합니다. 방문 시, 최신 뷰티 및 헬스 트렌드를 파악하고, 자신에게 맞는 제품을 찾아보는 기회를 가질 수 있습니다.', '장소명: 드로어써클 신세계본점\n내용: 드로어써클 신세계본점은 서울특별시 중구 소공로에 위치한 신세계백화점 본점의 라이프 스타일 공간입니다. 다양한 패션 브랜드, 뷰티 제품, 라이프 스타일 아이템을 한 곳에서 만나볼 수 있는 곳입니다. 특히, 최신 트렌드를 반영한 제품들과 함께 편안한 휴식 공간을 제공하여 쇼핑과 여유를 동시에 즐길 수 있습니다. 쇼핑을 좋아하는 분들, 최신 패션과 트렌드에 관심 있는 분들, 도심 속에서 휴식을 취하고 싶은 분들에게 추천합니다.', '장소명: 올리브영\n내용: 올리브영은 대한민국 수도인 서울특별시에서 쉽게 찾을 수 있는 대표적인 헬스 앤 뷰티 스토어입니다. 서울은 대한민국의 문화, 인문, 정치, 경제 중심지로 다양한 시설과 즐길 거리를 경험할 수 있는 도시입니다. 올리브영은 서울 시민들의 편리한 쇼핑 공간으로 최신 뷰티 제품부터 헬스 관련 상품까지 다양한 제품을 제공합니다. 서울을 방문한 여행자들이 현지인의 라이프스타일을 경험하고자 할 때, 혹은 최신 뷰티 트랜드를 접하고 싶을 때 방문하기에 적합한 장소입니다.']",1,0
dense,쇼핑과 업무를 동시에 즐길 수 있는 복합 공간 어디 있을까?,"['장소명: 본 현대동대문\n내용: **본 현대동대문은 동대문 패션의 중심지에서 쇼핑과 휴식을 동시에 즐길 수 있는 복합 문화공간입니다.**  \n\n서울의 번화가 동대문에 위치한 이 복합몰은 패션, 푸드, 엔터테인먼트가 어우러진 현대적인 공간으로, 특히 24시간 영업으로 언제든지 방문할 수 있어 실용적입니다. 1층에는 다양한 패스트패션 브랜드와 편의시설이 자리해 쇼핑객들의 발길을 사로잡으며, 내부에는 현대적인 인테리어와 편의시설이 조화를 이룹니다.  \n\n주요 볼거리 중 하나는 동대문 패션의 트렌디한 아이템을 한눈에 만날 수 있는 매장들입니다. 특히 젊은 층을 겨냥한 캐주얼웨어부터 세련된 오피스룩까지 폭넓은 스타일을 제안해 방문객의 취향에 맞는 쇼핑이 가능합니다. 또한, 푸드코트와 카페 공간에서는 간단한 식사나 커피를 즐기며 잠시 쉬어가기 좋습니다.  \n\n이 공간은 단순한 쇼핑을 넘어 문화적 경험을 제공합니다. 야간에도 운영하는 만큼, 동대문의 활기찬 밤문화를 경험하려는 여행객들에게 특히 인기가 많습니다. 건물 내부에는 아트월이나 포토존도 마련되어 있어 SNS에 남길 인생샷을 찍기 적합합니다.  \n\n방문객을 위한 팁으로는, 무료 주차 시설을 활용할 수 있다는 점을 추천합니다. 특히 주말이나 저녁 시간대에는 쇼핑객이 많으므로 비교적 한산한 오후 이른 시간을 노리는 것도 좋습니다. 또한, 동대문의 명물인 길거리 음식과 함께 즐기면 더 풍부한 경험을 할 수 있습니다.  \n\n동대문을 방문한다면, 본 현대동대문은 트렌드와 편의를 모두 잡은 필수 코스입니다. 패션, 맛집, 휴식이 공존하는 이곳에서 서울의 활기찬 에너지를 만끽해 보세요!', '장소명: 레더라SFC\n내용: 레더라SFC는 대한민국 수도 서울특별시의 중심지에 위치한 복합문화공간입니다. 현대적인 건축물과 다양한 문화, 예술 작품이 어우러져 있으며, 수많은 상점, 레스토랑, 카페 등이 자리 잡고 있습니다. 특히, 지하에는 SFC Mall이 위치해 있어 쇼핑과 식사를 동시에 즐길 수 있습니다. 다양한 전시회와 공연이 열리며, 도시의 역동적인 분위기를 느끼고 싶거나 문화 예술에 관심이 많은 사람들에게 추천하는 장소입니다. 또한, 비즈니스와 여가를 동시에 즐기고 싶은 사람들에게도 적합한 곳입니다.', ""장소명: 찰스앤키스 눈스퀘어\n내용: **명동의 새로운 패션·엔터테인먼트 복합공간, 찰스앤키스 눈스퀘어**  \n찰스앤키스 눈스퀘어는 패션, 식음료, 엔터테인먼트가 한데 어우러진 명동의 대표 복합 문화공간으로, 흰 결정체를 형상화한 모던한 디자인과 편의성이 돋보이는 쇼핑 명소입니다.  \n\n### 주요 볼거리 & 특징  \n눈스퀘어는 한국 최초로 외부 에스컬레이터를 도입해 접근성을 극대화했으며, 국내외 다양한 패션 브랜드부터 CGV 영화관, 카페까지 한곳에서 즐길 수 있는 것이 특징입니다. 특히 지하 2층에는 한양문고&카페가 위치해 쇼핑 후 편안하게 책을 읽거나 휴식할 수 있습니다. 최근 오픈한 ZARA 플래그십 스토어와 한국 독점 '자카페(ZARA Cafe)'는 감각적인 인테리어와 독특한 쇼핑 경험을 선사하며 방문객들의 발길을 사로잡습니다.  \n\n패션 섹션은 실용성과 트렌드를 겸비한 카테고리로 구성되어 있으며, F&B 존에서는 간편하게 즐길 수 있는 글로벌 패스트푸드와 현지 맛집을 함께 만날 수 있습니다. 영화관은 최신 상영작과 편안한 관람 환경을 제공해 쇼핑과 문화생활을 동시에 즐기기에 이상적입니다.  \n\n### 방문객을 위한 팁  \n- **플래그십 스토어 체험**: ZARA 플래그십 스토어는 단순한 매장이 아닌 공간 자체가 예술품으로, 컬렉션마다 특별 섹션이 마련되어 있으니 천천히 둘러보시길 추천합니다.  \n- **자카페 활용**: 한국에서만 만날 수 있는 ZARA의 카페는 커피와 디저트를 즐기며 쇼핑 피로를 풀기에 좋습니다.  \n- **지하 2층 서점**: 한양문고&카페에서 조용히 책을 읽거나 기념품용 책을 고르는 것도 특별한 경험이 될 것입니다.  \n\n눈스퀘어는 명동의 번화가에 위치하지만, 외부 에스컬레이터와 깔끔한 내부 설계로 오히려 여유로운 분위기입니다. 패션, 문화, 휴식을 한곳에서 누리고 싶다면 반드시 방문해 보세요!"", '장소명: 롯데 서울역점(SJSJ)\n내용: **롯데 서울역점(SJSJ)은 서울역 중심에 위치한 복합 쇼핑몰로, 쇼핑과 문화 체험을 동시에 즐길 수 있는 현대적인 공간입니다.**  \n서울역 광장과 연결된 한강대로 405에 자리한 이 장소는 롯데아울렛 서울역점을 중심으로 다양한 패션, 라이프스타일 브랜드, 푸드 코너가 어우러져 있습니다. 특히, 역사(驛舍)와의 연계로 교통 접근성이 뛰어나 여행객과 지역 주민 모두에게 편리함을 제공합니다. 내부에는 트렌디한 의류 매장부터 일상 속 필요한 아이템을 찾을 수 있는 편집숍까지 다양하게 구성되어 있어, 쇼핑뿐만 아니라 시간을 보내는 즐거움을 선사합니다.  \n\n주요 볼거리로는 계절별 프로모션과 한정 기획전이 열리는 특별관이 있으며, 푸드 존에서는 국내외 다양한 맛과 함께 편안한 식사를 즐길 수 있습니다. 또한, 문화 행사나 팝업 이벤트가 종종 개최되어 방문객에게 특별한 경험을 선사하기도 합니다. 쇼핑 후 피로를 풀기에 좋은 휴게 공간도 마련되어 있어, 여유롭게 공간을 둘러보며 휴식을 취할 수 있습니다.  \n\n방문객을 위한 팁으로는, 주말이나 연휴에는 인파가 많을 수 있으므로 평일 오후를 추천드리며, 서울역과의 직결 구조 덕분에 대중교통 이용 시 편리하게 이동 가능합니다. 또한, 푸드 코너에서는 현지인과 여행객 모두에게 사랑받는 메뉴들이 준비되어 있으니, 쇼핑 후 맛있는 식사까지 계획해 보시길 권합니다. 롯데 서울역점(SJSJ)은 단순한 쇼핑몰을 넘어 도시의 활기와 현대적 감성을 느낄 수 있는 공간으로, 서울 방문 시 놓치지 말아야 할 장소입니다.', ""장소명: GCUT\n내용: GCUT는 서울 중심부에 위치한 현대아울렛 동대문점 4층에 자리한 복합 문화 공간으로, 패션·디자인·예술이 어우러진 창의적인 플랫폼입니다. '지오다노' 매장이 입점해 있는 이 공간은 젊은 감성과 트렌드를 반영한 패션 아이템부터 독창적인 디자인 소품까지 다채로운 볼거리를 제공하며, 도심 속 특별한 쇼핑 경험을 선사합니다.\n\n이곳은 역사적 건물인 현대아울렛 동대문점의 현대적 리모델링을 통해 탄생했는데, 을지로6가의 산업 유산을 보존하면서도 모던한 감성으로 재해석한 것이 특징입니다. 특히 4층의 GCUT는 층고의 넉넉함과 자연채광이 조화를 이뤄 편안한 분위기에서 쇼핑과 휴식을 동시에 즐길 수 있습니다. 주변에는 동대문역, 동대문역사문화공원역, 종로5가역 등 3개의 지하철역이 5~9분 거리에 위치해 접근성이 뛰어나며, 46개의 버스 노선으로도 편리하게 연결됩니다.\n\n방문객들을 위한 추천 팁으로는, 평일 오후 시간대에 방문하면 한적한 분위기에서 쇼핑을 즐길 수 있다는 점, 인근에 위치한 전통 시장과 현대 복합 문화공간을 함께 탐방하며 서울의 다채로운 매력을 경험할 수 있다는 점을 꼽을 수 있습니다. 또한 GCUT 내부에서는 한정판 콜라보레이션 제품이나 로컬 디자이너의 작품을 발견할 수 있으니, 세심한 관찰력을 발휘해 보시길 추천합니다. 도심 속 트렌디한 문화를 경험하고 싶다면 GCUT를 방문해 보는 것이 좋습니다."", '장소명: 마루이홈\n내용: **마루이홈은 서울 중심부에 위치한 트렌디한 라이프스타일 편집매장으로, 일본과 글로벌 패션·라이프스타일 브랜드를 한자리에서 경험할 수 있는 공간입니다.**  \n\n현대시티타워 12층에 자리 잡은 마루이홈은 도심 속에서 특별한 쇼핑과 휴식을 동시에 즐길 수 있는 복합 문화 공간입니다. 이곳은 단순히 제품을 판매하는 매장이 아니라, 감각적인 인테리어 디자인과 함께 편안하게 공간을 탐방하며 쇼핑을 즐길 수 있도록 구성되어 있습니다. 특히 일본 내 인기 있는 브랜드의 한정판 제품이나 한국에서 쉽게 접하기 어려운 독특한 아이템을 만날 수 있어 패션과 라이프스타일 애호가들의 발길이 끊이지 않습니다.  \n\n주요 볼거리로는 각 브랜드의 핵심 제품을 체계적으로 전시한 테마 존과, 계절별 기획 전시를 통해 선보이는 한정 컬렉션이 있습니다. 또한 매장 내부에는 카페와 휴식 공간이 마련되어 있어 쇼핑 중 잠시 여유를 즐기기에도 좋습니다. 마루이홈은 단순히 물건을 사는 공간을 넘어, 트렌디한 아이템을 발견하고 일상의 영감을 얻을 수 있는 문화적 경험을 제공합니다.  \n\n방문객을 위한 팁으로는, 평일 오후나 주말 오전에 방문하면 비교적 한적하게 쇼핑을 즐길 수 있다는 점을 추천합니다. 또한 매장 내 브랜드별로 할인 이벤트나 팝업 전시가 자주 열리니, 방문 전 공식 홈페이지나 SNS를 확인해 보는 것이 좋습니다. 트렌드에 민감한 제품이나 한정판은 조기 품절될 수 있으니, 관심 있는 아이템이 있다면 미리 체크한 후 방문하는 것을 권장합니다.  \n\n마루이홈은 독특한 쇼핑 경험과 함께 일상의 특별함을 찾고자 하는 분들에게 강력히 추천하는 곳입니다. 도심 속에서 새로운 스타일을 발견하고, 여유로운 시간을 보내기에 완벽한 장소입니다.', '장소명: 엔소유 두타\n내용: 서울 중구에 위치한 두산타워는 업무시설과 상업시설이 복합된 건물입니다. 1999년 개장했으며, 지상 34층, 지하 7층으로 이뤄져 있습니다. 높이 156m로 장충단로 일대의 랜드마크로 자리잡고 있습니다. 쇼핑과 비즈니스가 공존하는 공간이기 때문에, 방문객들은 최신 패션 아이템을 찾아 쇼핑을 즐기거나, 비즈니스 미팅을 위해 방문하기에 적합합니다. 또한, 다양한 음식점들이 입점해 있어 식사도 해결할 수 있습니다.', '장소명: 지이크 롯데서울역\n내용: **지이크 롯데서울역**은 서울역과 연계된 복합 쇼핑공간으로, 패션부터 생활용품까지 다양한 쇼핑과 편의를 한곳에서 즐길 수 있는 핫플레이스입니다.  \n\n이곳은 서울역 2층 출구와 직접 연결되어 있어 접근성이 뛰어나며, 특히 롯데아울렛 브랜드의 다양한 상품을 만나볼 수 있습니다. 5층 규모의 건물 내부에는 트렌디한 의류 매장부터 일상 속 필요한 아이템을 찾는 라이프스타일 샵까지 고루 구성되어 있어 쇼핑객들의 니즈를 충족시킵니다. 또한, 롯데마트 주차장과 연계되어 차량으로 방문하는 경우에도 편리하게 이용할 수 있으며, 24시간 출차가 가능한 점도 장점입니다.  \n\n역사적으로는 경부고속철도 서울민자역사 건물 내에 자리 잡은 지이크 롯데서울역은 현대적인 쇼핑 공간과 역사적 철도 인프라가 조화를 이룬 독특한 매력을 지녔습니다. 특히 서울역을 오가는 여행객이나 출장이 잦은 비즈니스 여행객들에게 잠시 쉬어가며 쇼핑을 즐길 수 있는 공간으로 사랑받고 있습니다.  \n\n방문객을 위한 팁으로는, 평일 오후나 주말 오전 등 비교적 한산한 시간대에 방문하면 여유롭게 쇼핑할 수 있다는 점입니다. 또한, 서울역 공항철도와 가까워 공항 이동 전후로 필요한 물품을 구입하거나 기념품을 구매하기에 최적의 장소입니다.  \n\n지하철과 기차를 이용하는 여행자라면, 도보 3분 거리의 접근성을 활용해 짧은 시간 동안 알차게 쇼핑을 즐겨보세요. 지이크 롯데서울역에서의 쇼핑이 여행의 피로를 풀어주고 특별한 추억을 선사할 것입니다.', '장소명: 크리스 PING 롯데서울역\n내용: **크리스 PING 롯데서울역**은 서울역 민자역사 내에 위치한 현대적인 복합 쇼핑 공간으로, 롯데마트와 롯데아울렛이 결합된 편의성과 쇼핑의 즐거움을 동시에 선사하는 곳입니다.  \n\n이곳은 2004년 개점 이후 서울 도심 교통의 핵심 거점인 서울역을 찾는 방문객들에게 편리한 쇼핑과 주차 서비스를 제공해 왔습니다. 특히 1번 출구에서 도보로 1분 거리에 있어 접근성이 뛰어나며, 다양한 대중교통(간선버스, 지선버스, 광역버스)과 연결되어 전국 각지에서 찾아온 여행객들이 편리하게 방문할 수 있습니다.  \n\n크리스 PING 롯데서울역의 가장 큰 특징은 **쇼핑과 일상의 편의를 한곳에서 해결할 수 있다는 점**입니다. 롯데마트에서는 신선한 식재료부터 생활용품까지 다양한 상품을 만날 수 있고, 롯데아울렛에서는 국내외 유명 브랜드의 패션 아이템을 합리적인 가격에 구매할 수 있습니다. 또한, 옥외주차장 왼편에 자리한 **서울역 옥상정원**은 도심 속에서 한적하게 휴식을 취하고 서울로7017과 이어지는 아름다운 풍경을 감상할 수 있는 명소입니다.  \n\n방문객들을 위한 팁 하나! 주차장은 최대 840대까지 수용 가능하며, 기본 요금은 30분 3,000원, 1일 요금은 28,000원으로 장시간 쇼핑 시에도 부담 없이 이용할 수 있습니다. 주말이나 공휴일에는 방문객이 많을 수 있으니, 여유 있게 일정을 계획하는 것을 추천합니다.  \n\n크리스 PING 롯데서울역은 단순한 쇼핑 공간을 넘어 서울 여행의 중간 기착지로, 편리한 인프라와 다양한 즐길 거리를 통해 방문객에게 특별한 경험을 선사합니다. 도심 속 쇼핑과 휴식을 동시에 누리고 싶다면 이곳이 바로 최적의 장소입니다.', ""장소명: 지오송지오 롯데서울역\n내용: **지오송지오 롯데서울역**은 롯데아울렛 서울역점과 함께 현대적인 쇼핑과 문화 체험을 동시에 즐길 수 있는 복합 공간입니다.  \n\n이곳은 서울역 인근의 한강대로 405에 위치해 있으며, 롯데아울렛 서울역점과 연계된 편의시설과 독특한 디자인의 건축물로 주목받고 있습니다. 특히, 롯데아울렛과 연결된 지하 1층부터 지상 5층 규모의 공간에는 다양한 패션 브랜드와 라이프스타일 숍이 입점해 있어 쇼핑 애호가들에게 인기가 높습니다.  \n\n역사적 배경보다는 현대적인 복합 문화공간으로서의 역할이 두드러지는데, 롯데서울역점은 2014년 개장한 이후 서울의 교통 중심지에서 빠르게 성장했습니다. 내부에는 커피숍, 푸드코트, 휴게 공간 등이 마련되어 쇼핑 중 편안하게 휴식할 수 있으며, 대형 주차장과 역세권 접근성이 뛰어나 여행객과 지역 주민 모두에게 편리합니다.  \n\n체험 요소로는 계절별 프로모션과 한정판 상품 출시 이벤트가 정기적으로 열리며, 가족 단위 방문객을 위한 키즈 존과 편의시설도 구축되어 있습니다. 또한, 인근 서울역사의 근대 건축 양식과 어우러진 도시 풍경을 감상할 수 있는 점도 매력적입니다.  \n\n방문객을 위한 팁으로는 평일 오전 시간대를 활용해 혼잡도를 피하는 것을 추천합니다. 특히, 롯데서울역점 내 '제일제면소' 매장은 지역 맛집과 협업한 한정 메뉴로 인기가 있으니 꼭 들러보시기 바랍니다. 지하철 1호선·4호선·경의중앙선과 직결되어 대중교통으로도 편리하게 접근할 수 있습니다.  \n\n이곳은 단순한 쇼핑 공간을 넘어 서울의 활기찬 도시 생활을 체험할 수 있는 장소로, 여행의 중간 기착지이자 필수 코스로 추천합니다.""]",0,0
sparse,역사적 의미가 깃든 조용한 사찰 주변에 산책로 있을까?,"['장소명: 박석고개\n내용: 박석고개는 서울특별시 종로구에 위치한 역사적인 고개로, 창경궁과 창덕궁을 잇는 중요한 길목입니다. 이 고개는 조선 시대에 박석(얇고 넓은 돌)을 깔아 만들어졌다고 하여 그 이름이 유래되었습니다. 박석고개는 주변의 아름다운 자연 경관과 함께 많은 역사와 이야기를 간직하고 있어, 역사나 문화에 관심이 많은 이들이 방문하기에 좋은 장소입니다. 특히, 창경궁과 창덕궁을 관광한 후, 이 고개를 따라 걸으며 과거의 모습을 상상해 보는 것은 특별한 경험이 될 것입니다. 또한, 주변에 위치한 가톨릭대학교 성신교정, 고려사이버대학교 계동캠퍼스 등을 방문해 보는 것도 좋습니다.', '장소명: 성곡미술관\n내용: 성곡미술관은 서울특별시 종로구에 위치한 미술관으로, 다양한 현대미술 전시를 선보이는 곳입니다. 경희궁 길가에 자리 잡고 있어 주변 경희궁과의 조화로운 환경을 자랑합니다. 미술에 대한 관심이 있는 분이나 최신 전시 트렌드를 따라가고 싶은 분들에게 추천드립니다. 또한, 도심 속에서 휴식을 취하고자 하는 분들, 조용한 분위기 속에서 작품을 감상하고 싶은 분들에게도 적합한 장소입니다. 미술관 방문 전후로 인근의 경희궁을 찾아 역사적인 분위기를 느끼는 것도 좋은 선택이 될 수 있습니다.', '장소명: 사라진 성곽길을 따라 걷기\n내용: 사라진 성곽길을 따라 걷기는 역사적인 분위기를 느끼며 산책할 수 있는 활동입니다. 성곽은 과거에 방어나 거주 등의 목적으로 건설된 구조물로, 해당 성곽길은 과거의 흔적을 간직하고 있어 역사적 의미를 가지고 있습니다. 이 성곽길을 따라 걸으면, 과거의 풍경과 문화를 상상하며 시간 여행을 하는 기분을 느낄 수 있습니다. 특히, 역사에 관심이 많은 분들이나 평온한 분위기 속에서 산책을 즐기고 싶은 분들에게 추천합니다. 또한, 사진 찍기를 좋아하는 분들에게는 아름다운 전경과 역사적 장면을 담아낼 수 있는 좋은 기회가 될 것입니다.', '장소명: 청와대 앞길\n내용: 청와대 앞길은 종로구 팔판동 162번지(삼청동길)에서 청와대 앞을 거쳐 궁정동 98-6번지(효자로)에 이르는 폭 25m, 길이 810m의 4차선 도로이며 이 길이 청와대 앞을 지나는 데서 그 이름을 유래했다. 1988년 3월 31일 처음 청와대 앞길로 이름 붙여졌으며 경복궁 북쪽 담장길과 북악산 기슭 청와대 사이를 횡단하여 한때 시민의 통행이 금지되기도 했다.청와대 앞길로 들어서면 좌우로 울창한 나무들이 줄지어 서 있어 나무 그늘과 아름다운 꽃밭을 감상하면서 산책을 할 수 있다. 경복궁의 북문인 신무문 맞은편에는 청와대가 있고, 청와대 앞길이 끝나는 곳에는 청와대의 기자회견장인 춘추문이 있다. 춘추문에서 경복궁 정문인 건춘문에 이르는 삼청동길에는 국제화랑, 그로리치 화랑, 갤러리 현대 등이 있으며, 효자로 쪽에는 진화랑이 있어 예술작품감상의 기회도 가질 수 있다.', '장소명: 청와대칠궁\n내용: 청와대칠궁은 청와대 영빈관 옆에 있는, 조선의 왕들을 낳았지만 왕비가 되지 못한 일곱 후궁의 신위를 모신 사당이다. 영조가 후궁 출신인 모친 숙빈 최 씨의 신주를 모신 사당 육상궁을 건립한 후, 역대 왕들의 생모인 후궁의 묘를 옮겨와 합사하게 된 것이다. 건물을 둘러싼 정원에는 냉천정, 초가집으로 된 정자, 늘어진 소나무, 긴 돌로 짠 연못과 축대, 벽돌담 등이 있다. 칠궁은 청와대가 대통령 관저로 있을 때는 사전예약 후 인솔자와 함께 들어가 관람을 했던 곳으로 사진도 촬영할 수 없었으나, 대통령 관저가 옮겨 간 후에는 예약 없이 관람할 수 있게 되었다. 칠궁 담벼락을 따라 청와대 뒷산 백악산으로 올라가는 등산 코스도 개방되어 있다.', '장소명: 낙선재\n내용: 낙선재는 본래 창경궁에 속해 있던 건물이었으나 근래에 창덕궁에 속한 것으로 취급하게 되었다. 이 건물은 헌종 12년(1846)에 건립한 것으로 본 건물에 접속된 석복헌(錫福軒)과 수강재(壽康齋) 등 3개의 건물을 총칭하여 낙선재(樂善齋)라 부르고 있다.  정문은 장락당(長樂堂)으로 낙선재 남행각(南行閣) 12칸에 설치되었다. 이 문을 들어서면 넓은 마당 뒤로 낙선재가 있다. 정면 6칸 중 우측 한 칸이 전면으로 돌출되어 누마루가 되었고 몸채는 장대석 기단 위에 방형(方形) 초석과 기둥을 한 일반적인 주택풍으로 세워졌다.  누마루의 아래 분구(焚口) 있는 주변은 불규칙한 선의 모자이크 장식이 독특하며 주간의 문짝의 무늬가 다양하다. 집 뒤로는 큰 석재로 쌓아 만든 화계(花階)가 있고 굴뚝과 각 단의 꽃나무, 괴석들이 조화를 이루고 있어 조원(造園)이 뛰어나다. 낙선재에 연접한 석복헌은 역시 정면 6칸, 측면 2칸으로 안사랑에 해당하는 건물이다. 3급 장대석 기단에 계단이 둘 설치되어 있다. 사다리꼴 초석 위에 방주가 섰다. 전면의 주간에는 세장(細長)한 장지문이 달렸는데 그중 중앙 1칸은 머름을 하여 낮고 문살 모양도 다른 문과 다르다. 건물 주위로 행각이 둘렸으며 밖으로 외행각(外行閣)이 나 있고 이것이 수강재에 이어진다. 수강재는 15칸 규모이며 5량 가구(架構)의 홑처마 단층기와지붕을 한 건물이다.', '장소명: 서울공예사\n내용: 서울공예사는 서울 종로구 인사동길에 위치한 공예품 전문 미술관입니다. 한국 전통 공예품부터 현대 공예 작품까지 다양한 작품을 전시하고 있습니다. 사용자가 전통 문화에 관심 있다면, 서울공예사 방문은 좋은 선택이 될 것입니다. 또한, 인사동 문화지구에 위치해 있어 주변에는 전통 찻집, 갤러리, 공예품점 등이 많아 함께 둘러보기 좋습니다. 고즈넉한 분위기에서 전통미를 느끼고 싶은 분들에게 추천합니다.', '장소명: 서울로 7017\n내용: 서울로 7017은 1970년대에 준공된 서울역 고가가 안정상 문제점이 도출되면서 철거될 위기에 놓이게 되었으나, 철거 대신 지역의 새로운 활력을 불어넣기 위하여 고가도로를 재활용하는 ‘서울로 7017’가 추진되었고, 고립되었던 서울역 일대를 연결하여 17개의 사람길로 재탄생되었다. 서울로 7017이라는 이름은 ‘1970년에 만들어진 고가도로가 2017년에 다시 태어나고, 1970년대 차량길에서 17개의 사람길로 재탄생하는 1970년대에 만들어진 17m 높이의 고가’라는 의미를 모두 담은 이름이다. 이 이름대로 서울로 7017은 단절되어 있던 도시를 연결하는 17개의 보행길을 갖추고 있어, 침체된 지역에 활력을 연결하는 역할을 하고 있다. 서울로 7017은 안내소부터 쉼터, 목련홍보관, 카페, 서울로 전시관, 장미홍보관, 정원교실 등의 편의시설을 갖추고 있다. 비짓서울 홈페이지 내에서 서울도보해설관광 프로그램을 사전에 예약하면 서울로 7017과 함께 문화역서울 284와 숭례문, 한양도성 등의 다양한 역사문화유산과 관광명소를 서울문화관광해설사의 전문적인 해설을 들으며 탐방하는 체험도 이용할 수 있다.', '장소명: 유심사 터\n내용: 3·1 운동 유적지인 유심사 터는 만해 한용훈(1879~1944)이 1918년 불교 잡지 『유심』을  발행하던 출판사가 있던 곳이다. 『유심』은 같은 해 12월 제3호로 종간되었다. 만해 한용훈이 이곳에서 불교계의 3·1 운동 참여를 주도하였다. 현재는 터만 남아 있으며, 개인이 거주하고 있는 가정집으로 사용되고 있다.', '장소명: 북악산\n내용: 북악산은 서울 분지를 둘러싸는 내4산인 북악산, 남산, 낙산, 인왕산 중 가장 높은 산이며 북한산 남쪽 지맥 중 가장 높은 봉우리이다. 이들 능선을 연결한 옛 서울의 성곽은 북악산을 기점으로 축조되었다. 옛 성벽이 능선을 따라 보존되어 있고 사소문의 하나인 창의문, 일명 자하문이 서쪽 산기슭과 인왕산과의 사이에 있어 시내 중앙지와 쉽게 연결된다. 창의문에서 정릉의 아리랑고개에 이르는 북악스카이웨이는 창의문, 팔각정, 풀장 등을 연결하는 관광도로로 울창한 숲과 서울시가지를 한눈에 볼 수 있어 조망이 좋은 경승지이다. 청와대와 삼청공원과도 이어져 있다. 북악산은 예전부터 소나무가 울창한 경승지를 이루어 조선시대 선비들이 계곡을 찾아 탁족회를 자주 열었던 곳인데 이후 벌채로 소나무가 사라지고 현재는 참나무류가 많다.고려 숙종 때 북악산 아래는 남쪽의 수도인 남경의 궁궐이 있었던 자리로 당시에는 면악이라고 불렀다. 이후 조선시대에는 백악산신을 모시는 사당이 있어 북악산을 백악산이라고도 불렀다고 전해진다. 북악산이라는 이름은 도성인 한양을 둘러싸고 있는 산 중 북쪽에 위치하여 붙은 이름이다. 북악산의 높이는 342m이며 남쪽으로 완만한 평지를 이루고 있고 모양은 삼각형으로 뾰족하게 솟아난 형상으로 주변에 비해 도드라진다. 조선이 건국되면서 무학대사에 의해 왕가의 기운을 받은 명산으로 칭송되었으며 그 아래 조선왕조의 궁궐을 세우고 도읍으로 정하게 되었다. 1394년(태조 4년)에 북악산 아래 경복궁을 축성하였으며 대한민국에 들어서 대통령의 집무실인 경무대(景武臺)도 이곳에 위치했다.']",0,0
sparse,전문적이고 친절한 안경 서비스와 맞춤형 안경을 찾을 수 있는 곳 있을까?,"['장소명: 믿음안경\n내용: 믿음안경은 대한민국 수도이자 문화, 인문, 정치, 경제의 중심지인 서울 특별시에 위치한 안경원이다. 서울은 대한민국의 대표적인 도시로, 역사적인 유적지와 현대적인 건축물이 공존하는 독특한 분위기를 가지고 있다. 믿음안경은 이러한 서울에서도 친절하고 전문적인 서비스로 유명하다. 안경을 구매하거나 검안을 받고 싶은 분들, 또는 안경에 대한 궁금한 점이 있는 분들은 서울을 방문할 때 믿음안경을 방문해보자. 최신 안경 트렌드를 만나볼 수 있으며, 전문 안경사의 친절한 상담을 통해 자신에게 딱 맞는 안경을 찾을 수 있을 것이다.', '장소명: 안경매니져남대문점\n내용: 안경매니져남대문점은 대한민국의 수도이자 최대 도시인 서울특별시에 위치한 안경점입니다. 서울특별시는 문화, 인문, 정치, 경제의 중심지 역할을 하는 도시로, 경기도와 인천광역시까지 아우르는 수도권의 중심지 기능을 하고 있습니다. 서울은 오랜 역사를 지닌 고도 중 하나이며, 다양한 관광명소와 음식 골목, 숙박 시설 등을 제공하는 방문지이기도 합니다. 안경매니져남대문점을 방문하는 분들은 최신 패션 안경부터 기능성 안경까지 다양한 제품을 만나볼 수 있으며, 전문가의 자세한 상담과 맞춤형 서비스를 받을 수 있습니다. 특히, 시력이 좋지 않아 불편함을 느끼는 분들이나 새로운 안경을 구매하고자 하는 분들에게 추천하는 장소입니다.', '장소명: 뉴카이스트안경원\n내용: 뉴카이스트안경원은 서울 남대문시장에 위치한 안경원입니다. 이곳은 최신 디자인의 안경과 선글라스를 다양하게 보유하고 있으며, 전문 안경사들이 고객의 요구에 맞는 제품을 추천해줍니다. 또한, 정확하고 친절한 시력검사 서비스를 제공하여 고객 만족도가 높습니다. 안경이나 선글라스를 구매하고자 하는 분들이나 시력검사가 필요한 분들이 방문하기에 적합한 장소입니다.', '장소명: 조은안경\n내용: 조은안경은 서울특별시 영등포구 도림로에 위치한 안경 업체입니다. 조은몰을 운영하고 있으며, 품질 좋은 안경과 서비스를 제공하는 곳입니다. 안경을 새로 맞추거나, 기존 안경을 수리하고자 하는 분들, 그리고 합리적인 가격대의 안경을 찾고 있는 분들에게 적합한 장소입니다.', '장소명: 바니스튜디오 안경(명동역점)\n내용: 바니스튜디오 안경 명동역점은 서울특별시 중구에 위치한 안경 전문점입니다. 이곳은 다양한 스타일과 기능성의 안경과 선글라스를 제공하여 고객들의 눈 건강을 지키고 패션을 완성시켜줍니다. 특히, 최신 트렌드를 반영한 디자인과 편안한 착용감을 자랑하는 제품들이 많이 구비되어 있습니다. 방문 고객들은 전문 안경사들의 친절한 상담을 받으며, 자신에게 가장 적합한 안경을 선택할 수 있습니다. 바니스튜디오 안경 명동역점은 스타일과 실용성을 동시에 추구하는 사람들에게 추천하는 장소입니다. 패션에 관심이 많거나, 새로운 안경을 찾고 있는 분들이 방문하면 좋은 곳입니다.', '장소명: 남대문 안경상가\n내용: 남대문 안경상가는 서울특별시 중구 남대문시장에 위치한 대한민국 대표 안경 전문 상가입니다. 1980년대부터 형성되기 시작한 이 상가는 현재 50여 개의 안경원들이 모여 있어 다양한 종류의 안경과 콘택트렌즈를 저렴한 가격에 구매할 수 있습니다. 특히, 전문적인 안경사들은 고객에게 맞는 안경을 추천해주며, 수리지도 가능합니다. 안경을 구매하거나 교체할 계획이 있는 사람들이 방문하기에 적합한 장소입니다. 또한, 남대문시장은 다양한 종류의 상품을 판매하는 재래시장이므로, 안경 구매 외에도 여러 가지 쇼핑을 즐길 수 있습니다.', '장소명: 오렌즈 광화문\n내용: 오렌즈 광화문점은 대한민국의 수도이자 최대 도시인 서울특별시의 중심에 위치한 안경원이다. 광화문이라는 이름에서 알 수 있듯이, 역사적인 장소인 광화문이 가까이에 있어 서울의 역사와 문화를 체험할 수 있는 좋은 위치에 있다. 오렌즈 광화문점은 다양한 브랜드의 안경과 콘택트렌즈를 보유하고 있어, 방문객들은 자신의 얼굴형과 스타일에 맞는 안경을 찾을 수 있다. 또한, 전문적인 안경사와 검안사가 상주하여 고객의 시력 검사를 진행하고, 이에 맞는 안경이나 렌즈를 추천해준다. 특히, 서울을 방문하는 관광객들이나 외국인들에게도 친절한 서비스를 제공하여 좋은 평가를 받고 있다. 서울의 중심에서 편안하고 전문적인 안경 서비스를 받고 싶은 사람들에게 추천할 만한 장소이다.', '장소명: 김안경\n내용: 김안경은 대한민국의 수도이자 문화, 인문, 정치, 경제 중심지인 서울 특별시 내에 위치한 안경원입니다. 서울은 오랜 역사와 전통을 자랑하며, 다양한 문화유산과 현대적인 도시의 모습을 동시에 볼 수 있는 도시입니다. 이곳에서 김안경은 고객님께 전문적이고 친절한 서비스를 제공하여 최상의 안경을 매칭해 드립니다. 특히, 서울을 방문하여 새로운 안경을 맞추고 싶거나, 편안한 시생활을 위해 보다 전문적인 안경 서비스를 원하는 분들에게 추천합니다. 또한, 서울에 거주하시는 분들 중 자신의 라이프스타일에 맞는 맞춤형 안경을 찾는 분들에게도 적합한 장소입니다.', '장소명: 아이닥안경\n내용: 아이닥안경은 다양한 안경테와 콘택트렌즈를 제공하는 안경원입니다. 최신 트렌드의 안경테부터 클래식한 디자인까지 다양한 제품군을 자랑하며, 시력 검사와 함께 고객의 필요에 맞는 안경을 제안합니다. 또한, 각종 브랜드 콘택트렌즈를 합리적인 가격에 구매할 수 있어 편리합니다. 시력 교정이 필요하거나 새로운 안경을 구매하고자 하는 분들께 추천합니다.', '장소명: 남대문대호안경\n내용: 남대문대호안경은 서울특별시 중구에 위치한 남대문시장에 자리한 안경원입니다. 남대문시장은 조선 초기부터 시작된 유서 깊은 시장으로, 현재는 다양한 상품을 판매하는 종합재래시장으로 자리매김했습니다. 지하철 4호선 회현역과 가까워 접근성이 매우 좋습니다. 특히, 남대문대호안경은 고객 중심의 서비스를 제공하는 곳으로 유명하며, 고품질의 안경과 친절한 상담을 받을 수 있는 곳입니다. 특히 시력이 좋지 않은 분들이나 최신 유행의 안경을 찾는 분들에게 추천합니다. 또한, 남대문시장을 방문하여 다양한 구경거리를 즐기고 필요한 물품을 구매한 뒤, 대호안경에서 안경을 맞추면서 하루를 알차게 보낼 수 있습니다.']",1,0
sparse,최신 뷰티 트렌드를 경험할 수 있는 매장 추천해줘,"['장소명: 서울뷰티위크\n내용: 서울뷰티위크는 대한민국 수도 서울의 대표적인 뷰티 행사입니다. 이번 가을, 서울에서 열리는 이 행사는 단순한 박람회가 아닌 뷰티 산업의 미래를 내다볼 수 있는 특별한 축제입니다. K-뷰티의 최신 트렌드를 경험하고, 글로벌 뷰티 트렌드를 이끄는 산업의 현주소를 체험할 수 있습니다. 이곳에서 산업계 전문가들과의 교류를 통해 비즈니스 기회를 넓힐 수도 있습니다. 뷰티에 관심 있는 사람들이라면 누구나 방문해 볼 만한 가치가 있는 행사이며, K-뷰티에 관심이 많은 분들이나 뷰티 업계 종사자들에게 더욱 추천하고 싶은 행사입니다.', '장소명: 토니모리 을지로3가역점\n내용: 토니모리 을지로3가역점은 대한민국의 수도이자 최대 도시인 서울 특별시의 을지로3가에 위치한 화장품 매장입니다. 서울은 오랜 역사와 문화를 지닌 고도 중 하나로, 정치, 경제, 문화, 인문 중심지 역할을 하는 도시입니다. 토니모리 을지로3가역점은 다양한 화장품 제품들을 판매하며, 뷰티에 관심이 많은 분들이나 새로운 화장품을 찾아보고 싶은 분들께 추천드리는 곳입니다. 서울을 방문하면서 화장품을 구매하고 싶거나, 최신 뷰티 트렌드를 경험해보고 싶은 분들은 토니모리 을지로3가역점을 방문해보세요.', '장소명: 올리브영 정동\n내용: 서울의 중심부에 위치한 올리브영 정동은 대한민국 수도 서울의 대표적인 헬스 앤 뷰티 스토어입니다. 서울은 한국의 정치, 경제, 문화 중심지로 오랜 역사와 현대적 세련미가 공존하는 도시입니다. 올리브영 정동을 방문하기에 가장 좋은 상황은 건강과 뷰티에 관심이 많은 분들, 특히 최신 한국의 뷰티 제품을 경험하고 싶거나 한국 화장품에 관심이 많은 방문객들에게 추천합니다. 이 곳은 서울의 다양한 문화를 반영하고 최신 트렌드를 경험할 수 있는 공간으로, 특히 K-뷰티에 관심 있는 분들에게 최고의 장소가 될 것입니다.', '장소명: 올리브영 종로YBM\n내용: 올리브영 종로YBM은 한국 최대의 헬스앤뷰티 스토어로, 전국에 약 1,300개 이상의 매장을 운영하는 유명한 곳입니다. 특히 서울의 성동구에 위치한 올리브영N 성수는 K뷰티의 1번지로 꼽히며, 누적 방문객 수가 250만 명을 돌파한 인기 명소입니다. 이곳에서는 AI를 활용한 피부 및 두피 스캔과 컨설팅 서비스를 제공하여 방문객들에게 큰 인기를 얻고 있습니다. 올리브영 종로YBM은 최신 뷰티 트렌드와 다양한 제품을 경험하고 싶은 국내외 관광객들에게 추천하는 곳입니다.', '장소명: 코리아뷰티페스티벌\n내용: 코리아뷰티페스티벌은 서울특별시 중구 명동에서 열리는 뷰티 페스티벌입니다. 명동은 서울의 대표적인 번화가로, 다양한 쇼핑과 문화 시설을 즐길 수 있는 곳입니다. 코리아뷰티페스티벌은 최신 뷰티 트렌드를 경험하고, 다양한 뷰티 상품들을 만나볼 수 있는 기회입니다. 뷰티에 관심 있는 사람들이나 새로운 뷰티 경험을 원하는 사람들에게 추천하는 장소입니다. 또한, 명동의 다른 관광 명소나 쇼핑을 함께 즐길 수 있기 때문에 여행 중 방문하기 좋습니다.', '장소명: 네이처리퍼블릭 (명동월드점)\n내용: 네이처리퍼블릭 명동월드점은 명동의 중심에 위치한 인기 있는 화장품 매장입니다. 이곳은 다양한 피부 타입과 관심사에 맞춘 고품질의 화장품과 스킨케어 제품을 제공합니다. 특히, 자연에서 영감을 얻은 제품들로 유명하며, 방문 고객들은 피부 관리에 대한 전문적인 상담과 함께 제품을 체험할 수 있습니다. 네이처리퍼블릭 명동월드점은 최신 화장품 트렌드를 경험하고 싶은 분, 자연 친화적인 제품을 찾고 있는 분, 피부 관리에 대한 전문적인 조언을 구하고 싶은 분들에게 추천합니다.', '장소명: 올리브영 시청역\n내용: 올리브영 시청역은 서울특별시 중구 태평로 2가에 위치한 인기 있는 뷰티 및 헬스 제품 매장입니다. 다양한 브랜드의 화장품, 건강보조식품, 헤어 및 바디케어 제품 등을 판매하며, 특히 최신 트렌드의 제품들을 만나볼 수 있어 많은 고객들이 방문합니다. 최신 미용 정보를 얻고 싶은 분들, 새로운 헬스 제품을 체험해보고 싶은 분들, 그리고 친구나 가족과 함께 즐거운 쇼핑 경험을 원하는 분들께 추천합니다.', '장소명: 올리브영 무교동점\n내용: 올리브영 무교동점은 대한민국에서 인기 있는 뷰티·헬스 스토어 중 하나입니다. 다양한 뷰티 및 헬스 관련 제품들을 한곳에서 만나볼 수 있으며, 혁신적인 매장으로 유명합니다. 특히 CJ올리브영의 다양한 브랜드 제품들을 직접 경험하고 구매할 수 있는 최적의 장소입니다. 올리브영 무교동점은 무교동 일대에서 쇼핑을 즐기거나 관광을 계획 중인 분들에게 추천합니다. 방문 시, 최신 뷰티 및 헬스 트렌드를 파악하고, 자신에게 맞는 제품을 찾아보는 기회를 가질 수 있습니다.', '장소명: 올리브영 아현역\n내용: 올리브영 아현역은 서울특별시 서대문구 신촌로 35 길 10에 위치한 올리브영 매장입니다. 올리브영은 다양한 뷰티 제품을 만나볼 수 있는 곳으로, 특히 립 제품, 스킨케어, 메이크업 제품 등 다양한 제품들이 준비되어 있습니다. 만약 뷰티 제품을 구입하거나 새로운 제품을 알아보고 싶다면 올리브영 아현역을 방문해보세요. 또한, 주변에는 이삭토스트&커피 이화여대점, 더풋샵 등의 다른 편의시설도 위치해 있어 뷰티 제품 구매와 함께 다양한 활동을 즐길 수 있습니다. 친구나 가족과 함께 방문하여 최신 뷰티 트렌드를 경험해 보세요.', '장소명: 메종드스테이\n내용: 메종드스테이는 자세한 정보가 제공되지 않았지만, 유튜브 채널과 관련이 있을 것으로 예상됩니다. 해당 채널은 다양한 콘텐츠들을 제공하고 있으며, 이를 통해 사용자들은 최신 트렌드, 뷰티, 패션, 여행 등 다양한 분야의 정보를 얻을 수 있습니다. 메종드스테이를 방문하기에 적합한 상황은 유튜브에서 제공하는 다양한 콘텐츠를 시청하고자 하는 사용자들이 실질적인 정보를 얻고자 할 때입니다.']",1,0
sparse,쇼핑과 업무를 동시에 즐길 수 있는 복합 공간 어디 있을까?,"['장소명: 안녕인사동\n내용: 2019년 10월에 오픈한 안녕인사동은 다양한 먹거리, 즐길거리, 볼거리가 가득한 복합문화공간으로, 일상의 재미와 여유를 제공하며 시민들에게 휴식을 제공한다. 1층부터 6층까지는 맛거리, 멋거리, 즐길거리 등 테마로 구성된 상업공간이 있으며, 6층부터 13층까지는 호텔로 관광과 쇼핑을 목적으로 하는 고객들을 위한 시설이 위치해 있다. 지하는 인사센트럴뮤지엄으로 전시를 하는데 정보는 홈페이지를 참고하면 된다. 주차시설은 유료이므로 확인 후 방문하길 추천한다.', '장소명: MENSA 두타\n내용: MENSA 두타는 대한민국 서울의 중심가인 중구에 위치한 두산타워에 자리한 장소입니다. 두산타워는 1999년에 개장한 복합 상업 및 업무용 빌딩으로, 지상 34층, 지하 7층의 규모를 자랑합니다. MENSA 두타는 이와 같은 편리한 환경에서 다양한 쇼핑 및 업무를 즐길 수 있는 곳입니다. 특히, 쇼핑과 업무를 동시에 처리하고자 하는 이들이나, 서울의 중심가에서 휴식과 업무를 동시에 즐기고자 하는 이들에게 추천합니다. 또한, MENSA 두타는 접근성이 뛰어나며 주변에는 다양한 문화시설과 볼거리들이 많아 관광객들에게도 좋은 경유지가 될 수 있습니다.', '장소명: 반스 두타\n내용: 동대문 디자인 플라자(DDP) 근처에 위치한 반스 두타는 쇼핑과 문화를 한번에 즐길 수 있는 복합 문화 공간입니다. 이곳에는 다양한 브랜드의 패션 상품과 더불어 현대적인 디자인의 건축물이 조화를 이루고 있습니다. 또한, 현대면세점이 입점해 있어 외국인 관광객들에게도 인기가 많습니다. 분위기 있는 식사를 원한다면 레스토랑이나 카페를, 쇼핑을 즐기고 싶다면 다양한 브랜드 매장을 방문해보세요. 친구나 가족과 함께 쇼핑과 문화를 즐기고 싶은 분들에게 특히 추천드립니다.', '장소명: 동대문디자인플라자(DDP)\n내용: 꿈꾸고(Dream), 만들고(Design), 누린다(Play)는 뜻을 가지고 있는 DDP(동대문 디자인 플라자)는 서울특별시 동대문에 위치한 복합문화공간이다. 2014년 3월 21일 개관한 이래 굵직한 전시와 패션쇼, 신제품 발표회, 포럼과 콘퍼런스를 개최해오고 있다. 알림터, 배움터, 살림터, DDP 디자인 뮤지엄, 디자인 장터와 어울림 광장, 동대문 역사 문화공원으로 나뉘었다. 알림터에서는 서울패션위크, MAMA(Mnet Asian Music Awards), 반클리프 아펠전, BMW 신차 발표회 등을 개최했고, 다목적 연회 공간인 국제회의장 시설을 갖추었다. BTS 주제전과 서울도시건축 비엔날레 등이 열렸던 배움터, 누구나 디자이너가 되는 곳을 주제로 2019년 개장한 시민 라운지 ‘D-숲’과 DDP 관련 기념품을 소개하는 DDP 디자인 스토어를 아우르는 살림터까지, 규모에 걸맞은 내실로 관람객의 흥미를 북돋운다. 식당과 베이커리, 카페가 들어선 디자인 장터 역시 감성 충전을 기대하는 가족이나 연인을 만족시키고도 남을 산책 코스다.SNS 상에 동대문디자인플라자의 야경 사진이 범람하는 데는 이유가 있는 법이다. 건축가 자하 하디드(Zaha Hadid)가 동대문디자인플라자를 설계하며 “이른 새벽부터 밤이 저물 때까지 쉴 새 없이 변화하는 동대문의 역동성에 주목해 곡선과 곡면, 사선과 사면으로 이뤄진 특유의 건축 언어로 자연물과 인공물이 이음매 없이 이어지는 공간을 만들어냈다""라고 밝혔는데, 해 질 녘 조명이 켜진 후 건축물에 오롯이 집중할게 될 때 곡선 부가 주는 역동성의 진가가 드러난다. 야경 사진을 찍기 좋은 지점은 어울림 광장 진입로로, 내부의 웅장함과 건축물의 신비로운 소재가 연출하는 분위기를 담을 수 있다. 알림터와 배움터를 나누는 살림터 문 앞은 내외부의 현란한 곡선과 조명이 정점을 이룬다.', '장소명: 이새 인사2호\n내용: **이새 인사2호**는 전통문화 중심지인 인사동에서 여성 패션을 선보이는 감각적인 매장입니다.  \n\n이 매장은 인사동길 30-1(관훈동, 인사유리)에 위치하며, 현대적이면서도 한국적 정서를 담은 여성 의류를 주로 판매합니다. 월요일부터 일요일까지 연중무휴로 운영되며, 오전 10시부터 오후 8시까지 언제든 편안한 쇼핑이 가능합니다. 인사동의 고즈넉한 분위기와의 조화를 고려해 심플하면서도 세심한 디자인으로 유명하며, 전통 공예품에서 영감을 받은 소품이나 액세서리도 함께 만나볼 수 있습니다.  \n\n특히 이곳은 글로벌텍스프리(GTF) 환급 서비스를 제공하는 사업자 등록 매장으로, 외국인 관광객도 편리하게 쇼핑할 수 있습니다. 매장 내부는 깔끔한 레이아웃과 아늑한 조명 연출로 방문객들에게 편안하면서도 트렌디한 경험을 선사합니다.  \n\n인사동 관광 중 잠시 쉬어가거나 기념품을 구매하려는 분들에게 추천하며, 주변에 전통 찻집이나 갤러리가 많아 쇼핑 후 문화 체험까지 연계하기 좋습니다. 매장 규모가 크지 않아 부담 없이 둘러볼 수 있으니, 여유로운 일정으로 방문해 보세요.  \n\n**방문 팁**: 주말에는 인사동 전체가 붐비므로 평일 오후를 추천합니다. 기념품을 구매할 경우 환급 절차를 미리 확인해 두면 더욱 편리합니다. 매장 인근에는 주차 공간이 협소하니 대중교통을 이용하는 것이 좋습니다.', ""장소명: 맥스타일 (maxtyle)\n내용: 맥스타일은 동대문 패션 특화 구역에 위치한 최고급 패션몰이자 복합문화공간입니다. '최대(最大)의 스타일'이라는 뜻의 '맥스타일(Maxtyle)'은 지하 7층, 지상 8층으로 구성된 대규모 쇼핑몰입니다. 동대문이라는 지리적인 이점을 살려 다양한 패션 브랜드와 액세서리, 라이프스타일 제품들을 한자리에서 만나볼 수 있습니다. 최신 트렌드를 쫓는 패션 피플이나 독특한 디자인의 패션 상품을 찾는 분들에게 추천합니다. 또한, 국내외 관광객들이 많이 찾는 곳이므로 호텔을 찾는 여행객들도 방문하기 좋습니다. 전기차를 이용하는 여행객들을 위한 충전 시설도 마련되어 있습니다."", '장소명: 센트럴관광호텔\n내용: 센트럴 관광호텔은 대한민국의 수도이자 문화, 인문, 정치, 경제 중심지인 서울특별시에 위치한 호텔입니다. 특히, 서울특별시는 경기도와 인천광역시까지 아우르는 수도권의 중심지 기능을 담당하고 있습니다. 센트럴 관광호텔은 서울특별시 종로구 청계천로에 자리하고 있으며, 서울대학병원 근처에 위치한 작고 아늑한 집인 대학로 파란대문집A와 같은 명소들과도 가까워 여행객들에게 인기가 있습니다. 전통과 현대가 어우러진 서울에서 여행하거나 휴식을 취하고자 하는 이들에게 이 호텔은 최적의 선택일 것입니다. 특히, 서울의 다양한 문화체험과 쇼핑, 미식을 즐기고자 하는 분들께 추천드립니다.', '장소명: 부티크호텔 르릿\n내용: 부티크호텔 르릿은 대한민국 수도인 서울, 그 중에서도 중심지인 종로에 위치한 호텔입니다. 이 호텔은 서울의 중심에 자리해 문화, 인문, 정치, 경제의 중심지로서의 서울을 경험할 수 있는 최적의 장소입니다. 호텔 주변으로는 의류관련 상가가 밀집된 장충단로가 있어 쇼핑을 즐기기에도 좋습니다. 부티크호텔 르릿은 서울을 방문하는 여행객들에게 전통과 현대가 조화를 이루는 서울의 매력을 느끼게 해줄 것입니다. 특히, 서울의 역사와 문화를 체험하고 싶은 여행객들이나 쇼핑과 액티비티를 함께 즐기고 싶은 분들에게 추천합니다.', '장소명: 갤럭시\n내용: **갤럭시: 서울의 현대적 랜드마크와 편의시설이 집약된 복합 공간**  \n서울 중구에 위치한 갤럭시는 역세권과 생활 인프라를 고루 갖춘 현대적인 복합건물로, 도시 생활의 편리함과 접근성을 집약적으로 경험할 수 있는 곳입니다.  \n\n**주요 특징과 볼거리**  \n갤럭시는 지상 23층, 지하 6층으로 구성된 대규모 건물로, 승강기 19대가 설치되어 고층 이동이 편리합니다. 특히 동대문역(4호선, 1호선)과 도보 5분 거리이며, 동대문역사문화공원역(2호선, 4호선, 5호선)도 6분 거리에 있어 서울 전역으로 빠르게 이동할 수 있습니다. 버스 정류장도 3개 이상이 도보 4분 이내에 위치해 대중교통 접근성이 뛰어납니다.  \n\n건물 내부에는 실내 주차장이 마련되어 있어 차량 이용자도 편리하게 이용할 수 있습니다. 또한 주변에 공원 2개가 도보 10분 거리에 있어 운동 및 휴식을 즐기기에 적합하며, 한양중학교도 20분 거리에 있어 가족 단위 방문객에게 편의성을 제공합니다.  \n\n**역사적 배경과 건축적 의미**  \n20년 전 완공된 갤럭시는 당시 첨단 기술과 현대적 설계를 반영한 건축물로, 시간이 흐르며 일부 보수 작업이 필요할 수 있으나 여전히 서울 도심에서 안정적인 기능을 유지하고 있습니다. 건물 내외부의 균형 잡힌 설계는 도시 환경과의 조화를 중시하는 철학을 반영하며, 다양한 세대의 요구를 수용하는 다목적 공간으로 자리 잡았습니다.  \n\n**방문객을 위한 팁**  \n- 대중교통 이용 시 동대문역이나 동대문역사문화공원역을 활용하면 접근성이 좋습니다.  \n- 주변에 공원 및 교육기관이 많아 가족 단위 방문에 적합합니다.  \n- 실내 주차장이 있으나, 주말에는 혼잡할 수 있으니 여유 시간을 두고 방문하세요.  \n- 건물 내 편의시설과 주변 상업시설을 함께 활용하면 더욱 풍부한 경험을 할 수 있습니다.  \n\n갤럭시는 서울의 번화한 도심 속에서도 편리함과 여유를 동시에 누릴 수 있는 공간입니다. 역세권과 생활 인프라가 집약되어 있어 비즈니스 방문객부터 일상 속 휴식을 원하는 이들까지 모두에게 추천할 만한 장소입니다.', '장소명: HEAL 두타\n내용: 두산타워, 약칭 두타는 서울특별시 중구에 위치한 상업 및 업무용 빌딩입니다. 1999년 개장한 이 마천루는 지상 34층, 지하 7층으로 이루어져 있으며 높이는 156m입니다. 업무시설과 함께 다양한 쇼핑 및 오락 시설을 갖추고 있어 방문객들에게 편리한 원스톱 생활 공간을 제공합니다. 특히 젊은 층을 위한 패션 브랜드와 음식점들이 많아 쇼핑과 여가를 즐기고자 하는 이들에게 추천합니다. 또한, 업무시설로서의 역할도 뛰어나 비즈니스 목적으로도 방문하기 좋습니다.']",1,0
sparse,전통 생활문화를 체험할 수 있는 어린이 친화적 박물관이 있을까요?,"['장소명: 한복문화주간\n내용: 한복문화주간은 서울의 다양한 문화공간에서 한복의 아름다움과 가치를 경험할 수 있는 행사입니다. 예를 들어, 서울교육사료관과 샬트르성바오로수녀회역사박물관, 명동에 위치한 박물관에서는 매년 다양한 전시와 행사가 열립니다. 이 기간 동안에는 한복을 입고 전통 문화 체험을 할 수 있으며, 서울패션위크와 같은 대형 행사도 함께 개최됩니다. 또한, 케이스타 실용음악학원과 덕성여자고등학교가 위치한 종로구는 문화와 교육의 중심지로서 한복문화주간의 매력을 더해줍니다. 한복을 사랑하고 전통 문화를 경험하고 싶은 모든 분들께 추천합니다.', '장소명: 한국색동박물관\n내용: 서울특별시 종로구에 위치한 한국색동박물관은 우리나라의 전통적인 색동 문화를 간직한 곳입니다. 색동의 역사와 의미, 그리고 다양한 색동 제품을 만나볼 수 있어 한국의 미를 느끼고 싶은 방문객들에게 추천합니다. 또한, 색동공예 체험 프로그램도 운영하고 있어 직접 색동공예를 경험해보고 싶은 분들에게도 좋은 장소입니다. 박물관 주변에는 경복궁, 창덕궁 등의 유서 깊은 관광지와 다양한 맛집이 있어 가족과 함께 여행하거나, 색동 문화에 관심이 있는 분들이 방문하기에 적합합니다.', '장소명: 숙명여자대학교 박물관\n내용: 숙명여자대학교 박물관은 서울특별시 용산구에 위치한 박물관입니다. 1971년에 개관한 이곳은 숙명여자대학교가 모은 다양한 유물을 전시하고 보존하는 역할을 합니다. 역사적, 문화적 가치가 높은 유물들이 많이 전시되어 있어 역사와 문화에 관심이 많은 방문객에게 추천합니다. 또한, 숙명여자대학교의 역사와 전통을 느껴보고 싶은 사람들에게도 좋은 장소입니다. 박물관에서는 정기적으로 특별 전시회를 개최하여 더욱 다채로운 문화 체험을 제공하고 있습니다. 방문객들은 박물관에서 한국의 역사와 문화를 배우고, 이를 통해 새로운 지식과 영감을 얻을 수 있습니다.', '장소명: 북촌을 중심으로 한 조선시대 생활 이야기\n내용: 북촌을 중심으로 한 조선시대 생활 이야기는 조선시대의 다양한 모습을 살펴볼 수 있는 주제입니다. TikTok과 같은 플랫폼에서는 조선시대 후궁의 모습에 대한 동영상을 찾아볼 수 있으며, 이를 통해 조선시대 여성의 삶을 엿볼 수 있습니다. 또한, 조선시대 대표 사상인 성리학과 주자학에 대한 이야기를 통해 당시의 철학과 사상을 이해할 수 있습니다. 조선시대 농사법에 대한 정보도 있으며, 특히 직파법과 이앙법(모내기) 농사법에 대해 알아보면 조선시대 농업 생활에 대한 이해가 더욱 깊어질 것입니다. 뿐만 아니라, 조선시대 헤어스타일에 대한 아이디어도 찾아볼 수 있어, 당시의 패션과 문화를 접할 수 있는 좋은 기회가 될 것입니다. 이 장소를 방문하면 역사적 배움과 함께 전통 문화에 대한 새로운 통찰력을 얻을 수 있는 기회가 될 것입니다. 특히 역사에 관심이 많은 이들이나 조선시대의 생활상에 대해 깊이 있게 알고 싶은 사람들에게 추천합니다.', '장소명: 동국대학교 박물관\n내용: 동국대학교 박물관은 대한민국 수도인 서울 특별시에 위치한 문화 기관입니다. 동국대학교 캠퍼스에 자리잡고 있어 학생들과 방문객들에게 역사와 예술에 대한 배움의 기회를 제공합니다. 이 박물관은 한국의 역사와 문화에 관련된 다양한 전시를 통해 방문객들에게 풍부한 경험을 제공합니다. 전통적인 한국의 역사와 예술에 관심이 있는 사람들이나, 서울을 방문하는 관광객들이 한국의 문화를 더 깊이 이해하고 싶을 때 방문하기에 적합한 장소입니다. 또한, 학생들과 연구자들에게는 귀중한 교육 및 연구 자원으로 활용되고 있습니다.', '장소명: 동덕아트갤러리\n내용: 동덕아트갤러리는 대한민국의 수도이자 문화, 인문, 정치, 경제 중심지인 서울 특별시의 종로구 우정국로에 위치한 미술 갤러리입니다. 이곳은 다양한 전시회와 미술 작품을 감상할 수 있는 공간으로, 미술에 관심이 많은 사람들이 방문하기에 적합한 장소입니다. 특히, 현대 미술과 전통 미술의 조화를 느끼고 싶은 분들에게 추천합니다. 또한, 서울의 중심부에 위치해 있어 다른 관광지와 함께 방문하기에도 좋습니다. 미술 작품을 통해 새로운 영감과 창의력을 얻고 싶은 분이나, 미술에 대한 이해를 넓히고 싶은 분들이 방문하면 좋을 것입니다.', '장소명: 국립현대미술관 덕수궁\n내용: 국립현대미술관 덕수궁은 서울특별시 중구에 위치한 덕수궁 내에 자리하고 있습니다. 이곳에서는 한국의 전통적인 건축물인 덕수궁의 아름다움을 감상하며 동시에 현대 미술의 다양성을 경험할 수 있습니다. 도시의 중심에 위치하여 편리하고 접근성이 뛰어나며, 고궁의 고즈넉함과 현대적 예술의 조화를 느끼고 싶은 방문객에게 추천합니다. 미술에 관심이 있는 사람들이나 한국 전통문화를 체험하고 싶은 관광객이 방문하기에 최적의 장소입니다.', '장소명: 남산골한옥마을\n내용: 1998년 조성된 남산골한옥마을은 남산 북측 옛 수도방위사령부 부지 총 79,934m²(24,180평)에 한옥 5동, 전통공예관, 천우각, 전통정원, 서울남산국악당, 새천년타임캡슐 광장으로 구성되어 시민과 관광객을 맞이하고 있다. 번화한 도심 한가운데에서 한국 전통문화를 소재로 한 다양한 체험거리를 만나볼 수 있으며, 남산 자락을 따라 전통조경 양식으로 조성된 계곡과 정자, 각종 화초가 만들어내는 아름다운 풍경을 만날 수 있다. 전통정원 가장 높은 곳에는 서울정도 600년을 기념하고 400년 후 서울정도 천년을 기대하며 1994년 당대의 기억을 매설한 서울천년타입캡슐 광장이 조성되어 있다. 옛 가옥을 복원해 놓은 남산골한옥마을 남산골한옥마을 안으로 들어서면 연못 청학지와 그 곁으로 천우각이 있다. 천우각 광장을 지나 돌계단을 오르면 서울 곳곳에 있던 한옥이 이전·복원되어 옛사람들의 생활방식을 볼 수 있게 한 예스러운 공간이 나타난다.모두 다섯 채의 한옥으로서 삼각동 도편수 이승업 가옥, 삼청동 오위장 김춘영 가옥, 관훈동 민 씨 가옥, 제기동 해풍부원군 윤택영 재실, 옥인동 윤 씨 가옥이 있다. 이 중 건물 이전이 불가능할 정도로 낡은 옥인동 윤 씨 가옥만 새 자재를 사용해 복원했고 나머지 건물은 종래의 집 부재를 그대로 이전했다. 남산골한옥마을에서 즐기는 다양한 체험거리 남산골한옥마을에는 다양한 체험거리가 마련되어 있다. 한옥 다섯 채를 활용하여 한옥실내 공간을 체험하면서 동시에 한국 전통문화프로그램을 접할 수 있다. 한복 입기, 한지 접기, 한글 쓰기, 전통차 마시기를 체험할 수 있고, 전통예절학교와 한방체험도 운영하고 있다. 토요일과 일요일 양일에는 전통혼례가 실제로 치러지고 전통혼례체험도 운영하고 있다. 그 밖에도 천우각 맞은편 원두막에서는 짚공예 시연이 이루어지고 있으며, 천우각 무대에서는 태권도 시범공연과 체험 행사에 참여할 수 있다. 피금정 마당에서는 제기차기, 윷놀이, 비석치기 등과 같은 민속놀이를 즐길 수 있어 가족이 함께 즐거운 시간을 보낼 수 있다. 또한 남산골한옥마을 곳곳을 동행하며 설명해주는 전통문화유산해설사가 상주해 있어 도움을 받을 수도 있다.', '장소명: 한벽원미술관\n내용: 한벽원미술관은 서울 종로구 삼청로에 위치한 미술관으로, 한국화와 현대미술 전시를 주로 하는 공간입니다. 이곳에서는 전통적인 한국화뿐만 아니라 현대적 감성을 담은 다양한 작품을 감상할 수 있습니다. 특히, 자연과 조화를 이루는 건축 양식과 아름다운 정원은 방문객들에게 편안한 관람 환경을 제공합니다. 예술에 관심이 많은 분들이나 마음을 차분히 가라앉히고 싶은 분들에게 추천합니다. 또한, 미술관 근처에는 다양한 문화시설과 맛집이 자리잡고 있어, 전시 관람 후 주변을 둘러보는 것도 좋은 경험이 될 것입니다.', '장소명: 모인화랑\n내용: 모인화랑은 서울특별시 종로구 인사동 10 길 13에 위치한 미술 갤러리입니다. 인사동은 서울의 중심에 위치한 문화의 거리로, 전통과 현대가 조화를 이루는 곳입니다. 모인화랑은 이러한 인사동의 문화적 분위기를 느껴보고 싶은 방문객들에게 적합한 장소입니다. 이곳은 다양한 전시와 이벤트를 개최하여 현대 미술에 관심 있는 사람들이나 새로운 예술적 경험을 찾는 분들에게 추천합니다. 특히, 모던한 건축물과 전통적인 한옥이 어우러진 인사동의 독특한 분위기를 만끽하며 미술작품을 감상할 수 있는 곳으로, 예술 애호가들이나 문화 체험을 원하는 여행객들에게 적합한 목적지입니다.']",0,0
sparse,특별한 날 고급스러운 남성 패션 아이템을 고를 수 있는 곳 있을까?,"[""장소명: 호심\n내용: 호심은 2009년 종로구 가회동에서 '아리 Ari'로 시작하여, 2012년 현재의 이름인 '호심 Hosim'으로 상호를 변경한 후 프리미엄 커스텀 주얼리를 선보이고 있는 곳입니다. Gold, Diamond, Sapphire, Emerald, Ruby, Pearl과 같은 Natural Color Stone을 사용하여 프리미엄 젬스톤 주얼리를 전문적으로 제작하고 있습니다. 호심에서는 고객의 취향을 반영한 유니크하고 고급스러운 주얼리를 만나볼 수 있습니다. 결혼을 앞둔 예비부부나, 특별한 날을 기념하고 싶은 분들, 또는 고급스러운 선물을 찾고 있는 분들에게 추천드리는 장소입니다."", ""장소명: 다미아니 신세계본점\n내용: 다미아니 신세계본점은 명품 신발 브랜드 '크록스'의 플래그십 스토어로, 서울의 중심가에 위치한 세련된 쇼핑 공간입니다.  \n\n이곳은 신세계백화점 건물 5층에 자리 잡고 있으며, 도심 속에서도 독특한 분위기를 자아내는 모던한 인테리어가 특징입니다. 다미아니 컬렉션은 이탈리아 장인 정신의 정수를 보여주는 프리미엄 신발 라인을 중심으로, 세련된 디자인과 기능적 디테일이 조화를 이룹니다. 특히 한정판 제품이나 시그니처 스타일을 직접 체험해볼 수 있는 공간으로, 패션에 관심 있는 방문객들에게 추천합니다.  \n\n매장 내부에는 제품을 편하게 신어볼 수 있는 편안한 피팅 존과 브랜드의 역사를 소개하는 전시 공간이 마련되어 있습니다. 직원들도 고객의 취향을 반영한 스타일링 조언을 제공하며, 선물 포장 서비스도 이용할 수 있습니다.  \n\n방문 전 공식 홈페이지나 신세계백화점 앱에서 할인 이벤트 여부를 확인하면 더욱 알뜰하게 쇼핑할 수 있습니다. 또한 근처에 카페와 편의시설이 많아 쇼핑 후 휴식을 취하기에도 좋습니다. 다미아니 신세계본점에서 나만의 스타일을 완성해보세요!  \n\n※ 참고: 정확한 운영 시간과 행사는 방문 전 매장에 직접 확인하는 것을 권장합니다."", '장소명: 이따리아나\n내용: 이따리아나는 대한민국의 패션 브랜드로, 1972년에 설립되어 오랜 역사와 전통을 자랑합니다. 이따리아나는 클래식한 디자인과 높은 품질의 소재로 만들어진 다양한 의류와 액세서리를 제공합니다. 특히, Tailored Jacket과 Light Trench 등의 클래식한 아우터와 Multi season 레이어드 아이템은 많은 사람들에게 사랑받고 있습니다. 또한, 이따리아나는 SFAA 2009 FW COLLECTION과 같은 다양한 패션쇼에 참여하여 최신 트렌드를 선보이며, 고객들에게 다양한 스타일링을 제안합니다. 이따리아나를 방문하기에 적합한 상황은 고급스러운 디자인과 품질을 중시하는 패션에 관심이 많은 분들이 최신 트렌드를 확인하고, 자신에게 맞는 스타일을 찾고자 할 때입니다.', '장소명: 디올 롯데 본점\n내용: 디올 롯데 본점은 대한민국의 수도이자 최대 도시인 서울에 위치해 있습니다. 서울은 오랜 역사를 지닌 고도 중 하나로, 문화, 인문, 정치, 경제 중심지 역할을 하는 도시입니다. 디올 롯데 본점은 이러한 서울의 중심에 위치해 있으며, 패션과 문화를 사랑하는 사람들에게 추천하는 장소입니다. 이곳에서는 디올의 최신 트렌드와 제품을 만나볼 수 있으며, 아름다운 인테리어와 함께 특별한 경험을 즐길 수 있습니다. 특히, 패션과 뷰티에 관심이 많은 사람들이 방문하기에 좋은 장소로, 디올의 다양한 제품과 브랜드를 직접 경험해 볼 수 있습니다.', '장소명: 이서윤한복\n내용: 이서윤한복은 서울특별시 종로구 효자로 7길 17(통의동)에 위치한 전통 한복 전문점입니다. 이곳은 한국의 아름다운 전통미를 현대적으로 재해석한 다양한 한복을 선보이고 있습니다. 고품질의 원단과 정교한 수작업으로 제작된 한복은 결혼식, 돌잔치 등 특별한 날에 적합하며, 뿐만 아니라 일상복으로도 착용하기 좋은 디자인이 많습니다. 전통문화를 체험하고 싶은 분이나 특별한 날에 입을 한복을 찾는 분들에게 추천합니다. 전통과 현대가 조화를 이루는 이서윤한복에서 한국 전통미의 아름다움을 느껴보세요.', '장소명: 발렌시아가 롯데 본점\n내용: 발렌시아가 롯데 본점은 서울 중구에 위치한 롯데 백화점 본점에 입점한 고급 패션 브랜드 매장입니다. 이곳에서는 발렌시아가의 다양한 패션 아이템을 만나보실 수 있습니다. 특히, 최신 트렌드와 전통적인 스타일이 어우러진 컬렉션을 선호하시는 분들에게 추천드립니다. 또한, 근처에는 Dior, 세란안경과 같은 다양한 브랜드 매장과 쌤소나이트 공식 매장도 있으니 함께 방문해보세요. 쇼핑을 즐기시거나, 선물을 구매하실 목적으로 방문하시면 좋습니다.', '장소명: 트루젠 현대동대문\n내용: 트루젠 현대동대문은 서울시 중구 장충단로 13길 20에 위치한 현대동대문 쇼핑센터 내에 입점한 의류 매장입니다. 현대동대문 쇼핑센터는 다양한 브랜드와 매장이 입점해 있으며, 주변 관광 명소로는 DDP, 청계천, 경복궁 등이 있어 관광과 쇼핑을 함께 즐길 수 있습니다. 특히, 트루젠은 남성복 전문 브랜드로 알려져 있어, 남성복을 구매하고자 하는 관광객들이 방문하기에 적합한 장소입니다. 트루젠 현대동대문점은 편안하고 깔끔한 매장으로 간단한 요리를 할 수 있는 공간과 깨끗한 욕실을 갖춘 호텔스카이파크 킹스타운동대문점과 더벨스파 동대문현대시티아울렛점이 근처에 있어 여행과 휴식을 함께 즐길 수 있습니다.', ""장소명: 반클리프아펠 신세계 본점\n내용: 반클리프아펠 신세계 본점은 대한민국의 수도이자 문화, 인문, 정치, 경제의 중심지인 서울특별시에 위치한 고급 주얼리 및 시계 브랜드의 매장입니다. 전통적으로 서울은 '수도'를 뜻하는 순우리말이며, 현재는 대한민국의 정치, 경제, 문화 중심지로 자리 잡고 있습니다. 반클리프아펠 신세계 본점에서는 특유의 아름다움과 장인 정신을 담은 다양한 제품을 만나볼 수 있습니다. 특히, 특별한 날이나 기념일에 사랑하는 사람에게 선물하기 좋은 아이템을 찾고 있는 분들, 또는 자신만의 패션 감각을 완성해줄 고급스러운 주얼리와 시계를 찾는 분들에게 추천합니다."", ""장소명: 휴고보스 롯데 본점\n내용: 휴고보스 롯데 본점은 서울 중심가에 위치한 명품 남성복 브랜드의 플래그십 매장으로, 세련된 의류와 액세서리를 한자리에서 경험할 수 있는 공간입니다.  \n\n이 매장은 1979년 롯데호텔 부속 건물로 문을 연 롯데백화점 본점 5층에 자리해 있으며, 독일 출신의 글로벌 라이프스타일 브랜드 휴고보스의 핵심 컬렉션을 선보입니다. 고급스러운 인테리어와 체계적인 공간 구성으로 방문객은 슈트, 캐주얼웨어, 신발, 액세서리 등을 체계적으로 둘러볼 수 있습니다. 특히 브랜드의 시그니처인 'HUGO'와 'BOSS' 라인의 차별화된 디자인을 직접 체험하며, 전문 스타일리스트의 맞춤 상담 서비스도 이용 가능합니다.  \n\n역사적 관점에서 롯데백화점 본점은 국내 최초의 현대적 백화점 중 하나로, 40년 이상 명품 쇼핑의 메카로 자리잡았습니다. 휴고보스 매장은 이러한 전통과 현대적 감각을 결합해 전 세계 패션 트렌드를 반영하는 동시에 한국 고객의 취향에 부합하는 제품을 선보입니다.  \n\n방문객을 위한 팁으로, 백화점 내 무료 발레파킹 서비스를 활용하면 도심 주차 부담을 줄일 수 있습니다. 또한 매장 인근에는 다양한 명품 브랜드 매장과 레스토랑이 밀집해 있어 쇼핑 후 여유로운 시간을 보내기 좋습니다. 휴고보스 롯데 본점은 특별한 날을 위한 아이템을 찾는 분들에게 완벽한 목적지가 될 것입니다.  \n\n*참고: 본 소개글은 검색결과를 기반으로 작성되었으며, 일부 내용은 브랜드 공식 정보와 차이가 있을 수 있습니다."", '장소명: 보테가베네타 남성 신세계 본점\n내용: 보테가 베네타는 서울시 중구 소공로 63 신세계백화점 본점 신관 6층에 위치한 이탈리아의 명문 패션 브랜드입니다. 이곳에서는 고급스러운 디자인과 탁월한 품질의 의류, 가방, 신발 등의 제품을 만나볼 수 있습니다. 특히, 보테가 베네타만의 독특한 가죽 가공 기술과 전통적인 장인 정신을 엿볼 수 있는 제품들이 유명합니다. 보테가베네타 신세계 본점은 고품격 패션에 관심 있는 분들께 추천하는 장소입니다. 또한, 주변에는 다양한 매장들이 밀집해 있어, 쇼핑을 즐기기에 적합한 환경을 제공합니다.']",1,0
multi_query_dense,현대적인 쇼핑과 문화를 함께 즐길 수 있는 복합 공간 추천해줄래?,"['장소명: 에페\n내용: **에페(EPEE)는 서울의 역사적 정취와 현대적 예술 감각이 조화를 이룬 독특한 문화 공간이다.**  \n\n종로구 골목에 자리한 에페는 1960년대 건축가 김수근의 작품으로, 한국 현대 건축사의 중요한 발자취를 간직한 건물이다. 붉은 벽돌과 기하학적 디자인이 특징인 이 공간은 과거 주택으로 사용되다가 최근에는 전시 공간과 카페로 재탄생했다. 내부에는 원형이 보존된 계단과 창문, 공간 구조가 당시의 시대적 분위기를 생생하게 전달하며, 현대적인 인테리어 요소들과 어우러져 독특한 매력을 발산한다.  \n\n이곳에서는 정기 전시회, 소규모 공연, 문화 워크숍 등 다양한 예술 행사가 열린다. 특히 역사적 건물의 정체성을 살리면서도 젊은 예술가들의 작품을 소개하는 기획전이 눈길을 끈다. 1층 카페에서는 지역 로스터리 커피를 즐기며 창밖으로 보이는 한옥과 현대적 건물의 대비를 감상할 수 있다.  \n\n방문객을 위한 팁으로는 평일 오후를 추천한다. 주말보다 한적하게 공간을 둘러보기 좋으며, 근처 좁은 골목을 걸으며 주변 전통 한옥과 갤러리 탐방을 함께 즐기기 좋다. 사진 촬영을 계획한다면 건물의 구조적 특징(예: 계단과 빛의 조화)을 활용하면 독특한 결과물을 얻을 수 있다.  \n\n에페는 과거와 현재, 건축과 예술의 경계를 넘나드는 특별한 경험을 선사하는 장소로, 단순한 관광지를 넘어 서울의 문화적 정체성을 느끼고 싶은 이들에게 강력히 추천한다.', '장소명: 아신\n내용: **아 신, 전통과 현대적 감각이 공존하는 인사동의 소규모 문화 공간**  \n아 신은 서울 종로구 인사동길에 자리한 독특한 갤러리와 복합 문화 공간으로, 전통 공예와 현대 예술이 어우러진 감성적인 체험을 선사합니다. 인사동길 50-1 1층에 위치한 이 공간은 지역 예술가들의 작품을 전시하며, 방문객들에게 일상에서 벗어난 문화적 휴식을 제공합니다.  \n\n**주요 볼거리와 특징**  \n아 신은 인사동의 역사적 분위기를 현대적으로 재해석한 공간으로, 층별로 구성된 전시 공간에서는 한국 전통 공예부터 실험적인 현대 미술까지 다양한 장르를 만날 수 있습니다. 특히, 쌈지길과 인접해 있어 주변 상점들과 함께 산책하며 문화적 여정을 즐기기 좋습니다. 공사 중인 갤러리 주변은 보행자 중심의 도로로 조성되어 있어, 여유롭게 작품 감상과 사진 촬영을 할 수 있는 장점이 있습니다.  \n\n체험 요소로는 소규모 워크숍과 공예 클래스가 진행되기도 하며, 지역 작가들의 핸드메이드 작품을 구매할 수 있는 기회도 제공됩니다. 인사동의 전통 문화와 현대적 감각이 조화를 이룬 아 신은 단순히 전시를 넘어, 방문객이 직접 참여하며 문화를 체험할 수 있는 열린 공간입니다.  \n\n**방문 팁**  \n아 신을 방문할 때는 인근 쌈지길과 인사동 골목길도 함께 둘러보시길 추천합니다. 특히 평일 오후에는 한적한 분위기에서 작품을 감상하기에 좋으며, 사전 예약이 필요한 워크숍이나 전시는 홈페이지에서 일정을 확인하는 것이 좋습니다. 인사동의 대표 카페와 갤러리와 연계해 방문하면 더욱 풍부한 문화 경험을 할 수 있습니다.  \n\n아 신은 전통과 현대를 잇는 다리 역할을 하며, 단순한 관광지를 넘어 문화와 휴식이 공존하는 특별한 공간입니다. 인사동을 찾는 방문객들에게 창의적인 영감과 힐링을 선사할 것입니다.', '장소명: 하이엔드코리아 안국\n내용: **하이엔드코리아 안국: 전통과 현대의 조화가 느껴지는 인사동의 특별한 공간**  \n하이엔드코리아 안국은 서울 종로구 인사동길 62-5 1층에 자리한 독특한 컨셉의 문화 복합 공간으로, 한국 전통 미학과 현대적 감각을 결합한 체험을 제공하는 곳입니다.  \n\n**주요 볼거리와 체험 요소**  \n이곳은 인사동의 역사적 분위기를 간직한 동시에 세련된 디자인으로 꾸며진 공간으로, 방문객들은 한국 전통 공예품과 현대 예술을 함께 감상할 수 있습니다. 특히, 한옥과 모던 인테리어가 어우러진 1층 공간에서는 지역 장인들이 만든 핸드메이드 작품이나 한정판 디자인 제품 등을 만나볼 수 있습니다. 체험 프로그램으로는 전통 문양을 활용한 액세서리 만들기, 한지 공예 워크숍 등이 진행되며, 초보자도 쉽게 참여할 수 있도록 구성되어 있습니다.  \n\n**역사적 배경과 분위기**  \n인사동은 과거부터 한국의 전통 문화와 예술이 살아 숨쉬는 동네로 알려져 있습니다. 하이엔드코리아 안국은 이러한 인사동의 정신을 이어받아 현대적 해석으로 재탄생시킨 공간입니다. 주변의 오래된 골목과 갤러리, 전통 찻집들과 어우러져 독특한 문화적 경험을 선사합니다.  \n\n**방문객을 위한 팁**  \n- 체험 프로그램은 사전 예약이 필수이며, 주말에는 인원이 많을 수 있으니 평일 방문을 추천합니다.  \n- 인사동 일대에는 다양한 갤러리와 카페가 밀집해 있어, 하이엔드코리아 안국 방문 후 주변 탐방을 즐기면 좋습니다.  \n- 공간 규모가 크지 않으므로 1~2시간 정도의 관람 시간을 계획하시면 적당합니다.  \n\n하이엔드코리아 안국은 단순한 쇼핑 공간을 넘어 한국 문화의 깊이를 체험할 수 있는 곳입니다. 전통과 현대의 조화를 느끼며, 특별한 추억을 만들기에 더할 나위 없는 장소입니다.', ""장소명: GCUT\n내용: GCUT는 서울 중심부에 위치한 현대아울렛 동대문점 4층에 자리한 복합 문화 공간으로, 패션·디자인·예술이 어우러진 창의적인 플랫폼입니다. '지오다노' 매장이 입점해 있는 이 공간은 젊은 감성과 트렌드를 반영한 패션 아이템부터 독창적인 디자인 소품까지 다채로운 볼거리를 제공하며, 도심 속 특별한 쇼핑 경험을 선사합니다.\n\n이곳은 역사적 건물인 현대아울렛 동대문점의 현대적 리모델링을 통해 탄생했는데, 을지로6가의 산업 유산을 보존하면서도 모던한 감성으로 재해석한 것이 특징입니다. 특히 4층의 GCUT는 층고의 넉넉함과 자연채광이 조화를 이뤄 편안한 분위기에서 쇼핑과 휴식을 동시에 즐길 수 있습니다. 주변에는 동대문역, 동대문역사문화공원역, 종로5가역 등 3개의 지하철역이 5~9분 거리에 위치해 접근성이 뛰어나며, 46개의 버스 노선으로도 편리하게 연결됩니다.\n\n방문객들을 위한 추천 팁으로는, 평일 오후 시간대에 방문하면 한적한 분위기에서 쇼핑을 즐길 수 있다는 점, 인근에 위치한 전통 시장과 현대 복합 문화공간을 함께 탐방하며 서울의 다채로운 매력을 경험할 수 있다는 점을 꼽을 수 있습니다. 또한 GCUT 내부에서는 한정판 콜라보레이션 제품이나 로컬 디자이너의 작품을 발견할 수 있으니, 세심한 관찰력을 발휘해 보시길 추천합니다. 도심 속 트렌디한 문화를 경험하고 싶다면 GCUT를 방문해 보는 것이 좋습니다."", ""장소명: 키이스&기비\n내용: **키이스&기비는 서울 중구에 위치한 독특한 컨셉의 문화공간으로, 예술과 휴식이 조화된 특별한 경험을 선사하는 3층 규모의 복합 문화공간입니다.**  \n\n이곳은 현대 예술과 일상의 여유를 동시에 즐길 수 있는 공간으로, 감각적인 인테리어와 다양한 문화 프로그램이 어우러져 있습니다. 3층 규모의 건물 내부에는 아트 갤러리와 북카페, 소규모 공연장이 마련돼 있어 방문객들은 조용히 책을 읽거나 전시를 감상하며 시간을 보낼 수 있습니다. 특히, 지하 1층부터 지상 3층까지 이어지는 계단식 구조에서는 층마다 다른 분위기의 공간을 경험할 수 있는 것이 특징입니다.  \n\n키이스&기비는 2020년대 초반에 문을 연 비교적 새로운 문화공간이지만, 이미 지역 주민과 젊은 세대 사이에서 입소문이 난 곳입니다. 이곳은 단순히 전시를 보는 공간을 넘어, 워크숍이나 소규모 공연 등 참여형 프로그램을 운영하며 관람객과의 소통을 중시합니다. 예를 들어, 주말에는 핸드메이드 워크숍이나 인디 밴드 공연이 열리기도 해 매번 새로운 즐거움을 발견할 수 있습니다.  \n\n방문객들을 위한 팁으로는 평일에는 비교적 한적하게 즐길 수 있지만, 주말에는 프로그램이 많아 미리 일정을 확인하는 것이 좋습니다. 또한 3층에 위치한 야외 테라스에서는 도심 속에서도 자연을 느낄 수 있는 여유로운 풍경을 감상할 수 있어 사진 촬영 명소로도 인기가 높습니다.  \n\n키이스&기비는 단순한 관광지가 아닌, 일상에서 벗어나 잠시 숨을 고를 수 있는 '도심 속 오아시스'와도 같은 곳입니다. 예술적 감성과 편안함을 동시에 추구한다면, 이곳을 방문해 보는 것을 추천합니다. 특히, 전시와 공연 일정을 미리 체크하면 더욱 풍부한 경험을 할 수 있을 것입니다."", '장소명: 갤러리카페 3안\n내용: 갤러리카페 3안은 서울 북촌로에 위치한 예술과 카페가 결합된 독특한 공간입니다. 북촌로는 북촌 한옥마을을 지나는 도로로, 역사와 문화가 가득한 곳입니다. 카페는 전통적 한국 문화와 현대적 예술이 어우러진 인테리어로, 방문객들에게 독특한 분위기를 선사합니다. 이곳에서는 커피나 차를 마시며 다양한 예술 작품을 즐길 수 있습니다. 특히, 한국의 전통과 현대를 느껴보고 싶은 분들, 문화 예술에 관심이 많은 분들, 여유로운 분위기에서 차를 마시고 싶은 분들에게 추천합니다.', '장소명: 이채\n내용: **이채**는 서울 종로구 북촌로에 위치한 한옥 카페로, 전통 건축과 현대적 감각을 조화롭게 담아낸 특별한 문화 공간입니다.  \n\n북촌 한옥마을의 고즈넉한 분위기 속에 자리한 이채는 1920년대 건축된 전통 한옥을 리모델링해 만든 공간으로, 목재와 한지, 대청마루 등 한국적 정서를 고스란히 느낄 수 있습니다. 내부는 계절별 테마로 꾸며져 방문객에게 차분하면서도 세련된 분위기를 선사하며, 특히 창밖으로 내다보이는 북촌의 지붕선은 사진 명소로도 인기가 높습니다.  \n\n이채의 가장 큰 매력은 한복 체험과 전통 다도 프로그램입니다. 한복을 대여해 입고 카페를 거닐거나 사진을 찍을 수 있어 외국인 관광객뿐만 아니라 한국인에게도 특별한 추억을 선사합니다. 또한, 정갈한 전통 다과를 곁들인 다도 체험은 바쁜 일상에서 잠시 벗어나 마음을 치유하는 시간을 만들어줍니다. 계절별 특선 메뉴(예: 봄에는 진달래 화전, 가을에는 감말랭이 차)도 이채만의 독창성을 더합니다.  \n\n방문객을 위한 팁으로는 평일 오전 시간을 추천합니다. 한적한 분위기에서 한옥 정취를 만끽하기 좋으며, 주말에는 한복 체험 대기 시간이 길어질 수 있습니다. 또한, 근처 북촌문화센터와 연계하면 전통 공예 체험 등 더 풍부한 문화 경험을 할 수 있습니다.  \n\n이채는 단순한 카페가 아닌, 한국의 전통 미학과 현대적 감성이 공존하는 복합 문화 공간입니다. 바쁜 여행 일정 속에서도 잠시 쉬어가며 한국의 아름다움을 느끼고 싶은 분들에게 강력히 추천합니다. 단, 한복 대여는 사전 예약이 필수이니 방문 전 홈페이지 확인을 잊지 마세요.', ""장소명: 제시카 두타\n내용: **제시카 두타: 서울 한복판에서 만나는 특별한 문화 공간**  \n\n제시카 두타는 서울특별시 중구에 위치한 독특한 컨셉의 문화 복합 공간으로, 현대적 감성과 예술적 요소가 조화를 이룬 장소입니다. 역사적 분위기와 모던한 디자인이 공존하는 이곳에서 방문객들은 일상 속에서 특별한 경험을 할 수 있습니다.  \n\n본문  \n제시카 두타는 과거 산업시설이었던 공간을 재해석해 탄생한 문화 허브로, 건축적 유산과 현대적 감각이 혼합된 독특한 분위기를 자랑합니다. 내부에는 갤러리, 카페, 소규모 공연장 등이 어우러져 예술과 휴식이 공존하는 환경을 제공합니다. 특히, 벽면을 장식한 현지 작가들의 그림과 조형물은 공간의 정체성을 강조하며, 계절별로 변화하는 전시와 이벤트로 매번 새로운 느낌을 선사합니다.  \n\n이곳의 가장 큰 매력은 '체험을 통한 소통'입니다. 방문객은 직접 참여하는 워크숍이나 아트 클래스를 통해 창의성을 발휘할 수 있으며, 지역 예술가들과의 교류를 통해 문화적 영감을 얻을 수 있습니다. 또한, 로케이션 촬영이나 소규모 모임 장소로도 인기가 높아, SNS에서 핫플레이스로 자주 언급됩니다.  \n\n마무리  \n제시카 두타를 방문할 때는 편한 복장으로 방문해 갤러리 탐방과 체험 프로그램을 즐기는 것을 추천합니다. 특히 평일 오후에는 한적한 분위기에서 작품과 차를 즐기며 여유로운 시간을 보낼 수 있습니다. 역사적 맥락을 간직한 공간에서 현대 예술을 접하고 싶다면, 제시카 두타가 완벽한 선택이 될 것입니다.  \n\n*※ 정확한 운영 시간과 프로그램 일정은 방문 전 공식 채널을 확인해 주시기 바랍니다.*"", '장소명: 복합한옥공간 곳\n내용: 복합한옥공간 곳은 대한민국의 수도이자 문화, 인문, 정치, 경제의 중심지인 서울 특별시 내에 위치한 전통과 현대가 조화를 이루는 공간입니다. 이곳에서는 한옥의 아름다움과 현대적인 편의시설이 결합된 독특한 경험을 할 수 있습니다. 한국 전통문화에 관심이 많은 여행자, 모던한 분위기 속에서 한국의 미를 느끼고 싶은 분들, 또는 조용하고 아늑한 환경에서 휴식을 취하고 싶은 분들에게 적합한 장소입니다. 복합한옥공간 곳에서는 다양한 문화행사와 전시회가 열리며, 전통차의 맛과 향을 즐길 수 있는 카페와 전통음식을 맛볼 수 있는 레스토랑도 자리하고 있습니다. 서울의 중심에서 한국의 전통과 현대를 동시에 체험하고 싶은 분들에게 추천하는 장소입니다.', '장소명: 황금콩밭\n내용: **황금콩밭**은 서울에서 색다른 문화 체험을 할 수 있는 독특한 복합 문화 공간입니다.  \n\n이 공간은 마포구 한적한 골목길에 자리 잡고 있으며, 현대적인 감각과 전통적인 요소가 조화를 이룬 인테리어로 방문객의 시선을 사로잡습니다. 황금콩밭은 카페와 갤러리를 결합한 공간으로, 지역 예술가들의 작품을 감상하며 편안한 시간을 보낼 수 있습니다. 특히, 계절별로 변화하는 테마 전시는 방문객에게 항상 새로운 경험을 선사합니다.  \n\n주요 볼거리 중 하나는 공간 한켠에 마련된 소규모 정원입니다. 도심 속에서도 자연을 느낄 수 있도록 조성된 이 정원은 사진 촬영 명소로도 인기 있습니다. 또한, 직접 체험할 수 있는 워크숍 프로그램이 정기적으로 열리는데, 핸드드립 커피 클래스와 소품 만들기 활동 등이 대표적입니다.  \n\n역사적 배경은 명확히 알려지지 않았지만, 건물의 외관과 내부 구조에서 느껴지는 레트로한 감성은 과거의 흔적을 간직하고 있어 묘한 분위기를 자아냅니다. 이는 현대적인 문화 공간과 조화되며 독특한 정체성을 형성합니다.  \n\n방문객을 위한 팁으로는 평일 오후를 추천합니다. 주말보다는 한적한 분위기 속에서 여유로운 시간을 보내기에 좋으며, 사전 예약을 통해 체험 프로그램에 참여할 수 있습니다. 또한, 공간 내에서 제공하는 지역 로스팅 커피와 디저트는 황금콩밭의 특별한 매력을 더하는 요소이니 꼭 경험해 보시길 권합니다.  \n\n황금콩밭은 단순한 카페나 갤러리를 넘어, 일상의 소소한 즐거움을 찾는 이들에게 강추하는 공간입니다. 예술과 휴식, 문화가 공존하는 이곳에서 나만의 특별한 이야기를 만들어 보세요.', ""장소명: 찰스앤키스 눈스퀘어\n내용: **명동의 새로운 패션·엔터테인먼트 복합공간, 찰스앤키스 눈스퀘어**  \n찰스앤키스 눈스퀘어는 패션, 식음료, 엔터테인먼트가 한데 어우러진 명동의 대표 복합 문화공간으로, 흰 결정체를 형상화한 모던한 디자인과 편의성이 돋보이는 쇼핑 명소입니다.  \n\n### 주요 볼거리 & 특징  \n눈스퀘어는 한국 최초로 외부 에스컬레이터를 도입해 접근성을 극대화했으며, 국내외 다양한 패션 브랜드부터 CGV 영화관, 카페까지 한곳에서 즐길 수 있는 것이 특징입니다. 특히 지하 2층에는 한양문고&카페가 위치해 쇼핑 후 편안하게 책을 읽거나 휴식할 수 있습니다. 최근 오픈한 ZARA 플래그십 스토어와 한국 독점 '자카페(ZARA Cafe)'는 감각적인 인테리어와 독특한 쇼핑 경험을 선사하며 방문객들의 발길을 사로잡습니다.  \n\n패션 섹션은 실용성과 트렌드를 겸비한 카테고리로 구성되어 있으며, F&B 존에서는 간편하게 즐길 수 있는 글로벌 패스트푸드와 현지 맛집을 함께 만날 수 있습니다. 영화관은 최신 상영작과 편안한 관람 환경을 제공해 쇼핑과 문화생활을 동시에 즐기기에 이상적입니다.  \n\n### 방문객을 위한 팁  \n- **플래그십 스토어 체험**: ZARA 플래그십 스토어는 단순한 매장이 아닌 공간 자체가 예술품으로, 컬렉션마다 특별 섹션이 마련되어 있으니 천천히 둘러보시길 추천합니다.  \n- **자카페 활용**: 한국에서만 만날 수 있는 ZARA의 카페는 커피와 디저트를 즐기며 쇼핑 피로를 풀기에 좋습니다.  \n- **지하 2층 서점**: 한양문고&카페에서 조용히 책을 읽거나 기념품용 책을 고르는 것도 특별한 경험이 될 것입니다.  \n\n눈스퀘어는 명동의 번화가에 위치하지만, 외부 에스컬레이터와 깔끔한 내부 설계로 오히려 여유로운 분위기입니다. 패션, 문화, 휴식을 한곳에서 누리고 싶다면 반드시 방문해 보세요!"", '장소명: 본 현대동대문\n내용: **본 현대동대문은 동대문 패션의 중심지에서 쇼핑과 휴식을 동시에 즐길 수 있는 복합 문화공간입니다.**  \n\n서울의 번화가 동대문에 위치한 이 복합몰은 패션, 푸드, 엔터테인먼트가 어우러진 현대적인 공간으로, 특히 24시간 영업으로 언제든지 방문할 수 있어 실용적입니다. 1층에는 다양한 패스트패션 브랜드와 편의시설이 자리해 쇼핑객들의 발길을 사로잡으며, 내부에는 현대적인 인테리어와 편의시설이 조화를 이룹니다.  \n\n주요 볼거리 중 하나는 동대문 패션의 트렌디한 아이템을 한눈에 만날 수 있는 매장들입니다. 특히 젊은 층을 겨냥한 캐주얼웨어부터 세련된 오피스룩까지 폭넓은 스타일을 제안해 방문객의 취향에 맞는 쇼핑이 가능합니다. 또한, 푸드코트와 카페 공간에서는 간단한 식사나 커피를 즐기며 잠시 쉬어가기 좋습니다.  \n\n이 공간은 단순한 쇼핑을 넘어 문화적 경험을 제공합니다. 야간에도 운영하는 만큼, 동대문의 활기찬 밤문화를 경험하려는 여행객들에게 특히 인기가 많습니다. 건물 내부에는 아트월이나 포토존도 마련되어 있어 SNS에 남길 인생샷을 찍기 적합합니다.  \n\n방문객을 위한 팁으로는, 무료 주차 시설을 활용할 수 있다는 점을 추천합니다. 특히 주말이나 저녁 시간대에는 쇼핑객이 많으므로 비교적 한산한 오후 이른 시간을 노리는 것도 좋습니다. 또한, 동대문의 명물인 길거리 음식과 함께 즐기면 더 풍부한 경험을 할 수 있습니다.  \n\n동대문을 방문한다면, 본 현대동대문은 트렌드와 편의를 모두 잡은 필수 코스입니다. 패션, 맛집, 휴식이 공존하는 이곳에서 서울의 활기찬 에너지를 만끽해 보세요!', '장소명: 황금콩밭\n내용: **황금콩밭**은 서울에서 색다른 문화 체험을 할 수 있는 독특한 복합 문화 공간입니다.  \n\n이 공간은 마포구 한적한 골목길에 자리 잡고 있으며, 현대적인 감각과 전통적인 요소가 조화를 이룬 인테리어로 방문객의 시선을 사로잡습니다. 황금콩밭은 카페와 갤러리를 결합한 공간으로, 지역 예술가들의 작품을 감상하며 편안한 시간을 보낼 수 있습니다. 특히, 계절별로 변화하는 테마 전시는 방문객에게 항상 새로운 경험을 선사합니다.  \n\n주요 볼거리 중 하나는 공간 한켠에 마련된 소규모 정원입니다. 도심 속에서도 자연을 느낄 수 있도록 조성된 이 정원은 사진 촬영 명소로도 인기 있습니다. 또한, 직접 체험할 수 있는 워크숍 프로그램이 정기적으로 열리는데, 핸드드립 커피 클래스와 소품 만들기 활동 등이 대표적입니다.  \n\n역사적 배경은 명확히 알려지지 않았지만, 건물의 외관과 내부 구조에서 느껴지는 레트로한 감성은 과거의 흔적을 간직하고 있어 묘한 분위기를 자아냅니다. 이는 현대적인 문화 공간과 조화되며 독특한 정체성을 형성합니다.  \n\n방문객을 위한 팁으로는 평일 오후를 추천합니다. 주말보다는 한적한 분위기 속에서 여유로운 시간을 보내기에 좋으며, 사전 예약을 통해 체험 프로그램에 참여할 수 있습니다. 또한, 공간 내에서 제공하는 지역 로스팅 커피와 디저트는 황금콩밭의 특별한 매력을 더하는 요소이니 꼭 경험해 보시길 권합니다.  \n\n황금콩밭은 단순한 카페나 갤러리를 넘어, 일상의 소소한 즐거움을 찾는 이들에게 강추하는 공간입니다. 예술과 휴식, 문화가 공존하는 이곳에서 나만의 특별한 이야기를 만들어 보세요.', '장소명: 피크닉\n내용: 피크닉은 서울 중심에 위치한 복합문화공간으로, 지하 1층부터 지상 3층까지 카페, 전시관, 레스토랑, 루프탑 등 다양한 시설을 갖추고 있습니다. 특히 서울로와 남산을 잇는 언덕에 자리 잡아 서울 도심의 풍경을 한눈에 볼 수 있는 것이 특징입니다. 1층 카페에서는 품질 좋은 커피와 디저트를 즐길 수 있으며, 2층에서는 다양한 전시회를 감상할 수 있습니다. 3층의 프렌치 레스토랑에서는 분위기 있는 식사를 즐길 수 있으며, 4층의 루프탑에서는 서울의 전망을 감상하며 휴식을 취할 수 있습니다. 건물 외부에는 독특한 디자인의 소품들을 판매하는 기프트숍이 자리 잡고 있습니다. 친구들과 함께 전시를 감상하고, 식사를 즐기며 여유로운 시간을 보내고 싶을 때 방문하기에 적합한 곳입니다.', '장소명: 반스 두타\n내용: 동대문 디자인 플라자(DDP) 근처에 위치한 반스 두타는 쇼핑과 문화를 한번에 즐길 수 있는 복합 문화 공간입니다. 이곳에는 다양한 브랜드의 패션 상품과 더불어 현대적인 디자인의 건축물이 조화를 이루고 있습니다. 또한, 현대면세점이 입점해 있어 외국인 관광객들에게도 인기가 많습니다. 분위기 있는 식사를 원한다면 레스토랑이나 카페를, 쇼핑을 즐기고 싶다면 다양한 브랜드 매장을 방문해보세요. 친구나 가족과 함께 쇼핑과 문화를 즐기고 싶은 분들에게 특히 추천드립니다.', '장소명: 콤포트\n내용: **콤포트**는 서울특별시 용산구 후암동에 위치한 독특한 컨셉의 카페이자 문화적 경험을 제공하는 복합공간입니다.  \n\n콤포트는 1970~80년대 한국의 향수를 자극하는 레트로 감성과 현대적인 편안함이 조화를 이룬 공간으로, 방문객들에게 특별한 시간을 선사합니다. 내부에는 빈티지 가구와 소품들이 섬세하게 배치되어 마치 시간이 정지한 듯한 분위기를 연출하며, 특히 한옥과 모던한 인테리어가 결합된 독특한 구조가 눈에 띕니다. 후암동의 조용한 골목길에 자리 잡고 있어 도시의 소음에서 벗어나 여유롭게 쉬어가기 좋은 곳입니다.  \n\n주요 볼거리와 체험 요소로는 레트로 감성의 사진 스팟, 한정판 아날로그 음반과 책을 즐길 수 있는 라이브러리 존, 그리고 직접 로스팅한 원두로 내린 핸드드립 커피가 있습니다. 메뉴는 계절별로 변화하는 디저트와 함께 커피, 차, 간단한 브런치까지 다양하게 구성되어 있어 취향에 따라 선택하기 좋습니다. 또한, 소규모 문화 행사나 공방이 종종 열려 지역 주민과 방문객이 소통하는 장으로도 활용됩니다.  \n\n방문객을 위한 팁으로는 주말보다는 평일 오후를 추천합니다. 비교적 한적한 시간을 이용해 느긋하게 공간을 즐기기 좋으며, 인근 후암시장의 맛집과 함께 방문하면 더욱 풍부한 경험을 할 수 있습니다. 사진 촬영을 즐기는 경우 빈티지 소품과 자연광이 어우러진 실내 공간을 적극 활용해 보세요.  \n\n콤포트는 단순한 카페를 넘어 과거와 현재가 공존하는 감성적 공간으로, 일상 속에서 특별한 휴식을 원하는 이들에게 강력히 추천합니다.', ""장소명: 지오송지오 롯데서울역\n내용: **지오송지오 롯데서울역**은 롯데아울렛 서울역점과 함께 현대적인 쇼핑과 문화 체험을 동시에 즐길 수 있는 복합 공간입니다.  \n\n이곳은 서울역 인근의 한강대로 405에 위치해 있으며, 롯데아울렛 서울역점과 연계된 편의시설과 독특한 디자인의 건축물로 주목받고 있습니다. 특히, 롯데아울렛과 연결된 지하 1층부터 지상 5층 규모의 공간에는 다양한 패션 브랜드와 라이프스타일 숍이 입점해 있어 쇼핑 애호가들에게 인기가 높습니다.  \n\n역사적 배경보다는 현대적인 복합 문화공간으로서의 역할이 두드러지는데, 롯데서울역점은 2014년 개장한 이후 서울의 교통 중심지에서 빠르게 성장했습니다. 내부에는 커피숍, 푸드코트, 휴게 공간 등이 마련되어 쇼핑 중 편안하게 휴식할 수 있으며, 대형 주차장과 역세권 접근성이 뛰어나 여행객과 지역 주민 모두에게 편리합니다.  \n\n체험 요소로는 계절별 프로모션과 한정판 상품 출시 이벤트가 정기적으로 열리며, 가족 단위 방문객을 위한 키즈 존과 편의시설도 구축되어 있습니다. 또한, 인근 서울역사의 근대 건축 양식과 어우러진 도시 풍경을 감상할 수 있는 점도 매력적입니다.  \n\n방문객을 위한 팁으로는 평일 오전 시간대를 활용해 혼잡도를 피하는 것을 추천합니다. 특히, 롯데서울역점 내 '제일제면소' 매장은 지역 맛집과 협업한 한정 메뉴로 인기가 있으니 꼭 들러보시기 바랍니다. 지하철 1호선·4호선·경의중앙선과 직결되어 대중교통으로도 편리하게 접근할 수 있습니다.  \n\n이곳은 단순한 쇼핑 공간을 넘어 서울의 활기찬 도시 생활을 체험할 수 있는 장소로, 여행의 중간 기착지이자 필수 코스로 추천합니다."", '장소명: 복합한옥공간 곳\n내용: 복합한옥공간 곳은 대한민국의 수도이자 문화, 인문, 정치, 경제의 중심지인 서울 특별시 내에 위치한 전통과 현대가 조화를 이루는 공간입니다. 이곳에서는 한옥의 아름다움과 현대적인 편의시설이 결합된 독특한 경험을 할 수 있습니다. 한국 전통문화에 관심이 많은 여행자, 모던한 분위기 속에서 한국의 미를 느끼고 싶은 분들, 또는 조용하고 아늑한 환경에서 휴식을 취하고 싶은 분들에게 적합한 장소입니다. 복합한옥공간 곳에서는 다양한 문화행사와 전시회가 열리며, 전통차의 맛과 향을 즐길 수 있는 카페와 전통음식을 맛볼 수 있는 레스토랑도 자리하고 있습니다. 서울의 중심에서 한국의 전통과 현대를 동시에 체험하고 싶은 분들에게 추천하는 장소입니다.', '장소명: 핑\n내용: **핑(PING)**은 서울 용산구 한강대로 405에 위치한 독특한 매력의 복합 문화 공간으로, 도시의 활기를 담아낸 예술과 휴식이 공존하는 장소입니다.  \n\n핑은 역사적 흔적 위에 현대적 감각을 더한 공간으로, 주변 한강 뷰를 배경으로 한 갤러리, 카페, 소규모 공연장이 어우러져 있습니다. 특히 옛 건물의 산업적인 디자인을 보존하면서도 세련된 인테리어로 재탄생시켜, 방문객들에게 색다른 경험을 선사합니다. 내부에는 지역 예술가들의 작품을 전시하는 공간이 마련되어 있어, 감각적인 예술 감상과 함께 차분한 분위기에서 커피를 즐길 수 있습니다. 계절별로 테마를 바꾼 특별 전시회나 소규모 라이브 공연이 개최되며, SNS에서 인기 있는 포토 스팟도 곳곳에 배치되어 있습니다.  \n\n공간 한쪽에는 책과 공예품을 판매하는 샵이 입점해 있어, 여행 중 소소한 기념품을 고르기 좋습니다. 특히 핑의 대표 메뉴인 시그니처 음료는 신선한 로컬 재료를 활용해 만들어지며, 디저트 역시 현지 베이커리와의 협업으로 특별함을 더합니다.  \n\n방문객을 위한 팁으로는, 주말 오후 시간대를 추천드리며, 근처 한강 공원과 연결해 산책 코스를 계획하면 더욱 풍부한 경험을 할 수 있습니다. 공연이나 전시 일정은 공식 채널에서 미리 확인하고 방문하시길 바랍니다. 일상에서 벗어난 여유로운 시간을 원한다면, 핑에서 도시의 이야기와 자연의 풍경을 동시에 만끽해보세요.', '장소명: 레더라SFC\n내용: 레더라SFC는 대한민국 수도 서울특별시의 중심지에 위치한 복합문화공간입니다. 현대적인 건축물과 다양한 문화, 예술 작품이 어우러져 있으며, 수많은 상점, 레스토랑, 카페 등이 자리 잡고 있습니다. 특히, 지하에는 SFC Mall이 위치해 있어 쇼핑과 식사를 동시에 즐길 수 있습니다. 다양한 전시회와 공연이 열리며, 도시의 역동적인 분위기를 느끼고 싶거나 문화 예술에 관심이 많은 사람들에게 추천하는 장소입니다. 또한, 비즈니스와 여가를 동시에 즐기고 싶은 사람들에게도 적합한 곳입니다.', ""장소명: 컬럼비아 현대동대문\n내용: **컬럼비아 현대동대문은 서울 중심부의 현대적 쇼핑과 문화 체험이 어우러진 복합 문화공간입니다.**  \n\n이곳은 동대문 현대시티아울렛 내 위치한 컬럼비아 매장으로, 글로벌 아웃도어 브랜드의 대표 아이템을 한자리에서 만날 수 있습니다. 특히 컬럼비아의 기능성 재킷, 방수 의류, 캐주얼웨어 등 다양한 라인이 체계적으로 전시되어 쇼핑의 편의성을 높였으며, 트렌디한 디자인과 실용성을 겸비한 제품들을 직접 체험해 볼 수 있습니다. 매장 내부에는 계절별 추천 코디와 신제품 소개 코너가 마련되어 있어 방문객의 니즈에 맞는 쇼핑이 가능합니다.  \n\n컬럼비아 현대동대문은 단순히 제품을 판매하는 공간을 넘어 브랜드의 역사와 철학을 엿볼 수 있는 문화적 요소도 갖추고 있습니다. 아웃도어 활동의 영감을 주는 사진 전시나 한정판 컬렉션 소개 등 특별 이벤트가 종종 열리며, 이는 쇼핑에 재미와 깊이를 더합니다. 또한 동대문 패션 중심가의 이점을 살려 인근에 위치한 다양한 패션 편집숍, 먹거리 거리와의 연계 탐방도 추천할 만합니다.  \n\n방문객을 위한 팁으로는, 주말보다는 평일 오후를 이용해 비교적 한적한 분위기에서 쇼핑하기, 매장의 사이즈 교환 정책을 미리 확인해 체형에 맞는 옷을 선택하기, 계절별 프로모션 기간을 노려 할인 혜택을 누리는 것 등을 추천합니다. 특히 컬럼비아의 베스트셀링 아이템인 '아웃드라이' 재킷이나 '헤이터' 시리즈는 실용성과 디자인 면에서 높은 평가를 받고 있으니 꼭 체크해 보시길 바랍니다.  \n\n동대문 현대시티아울렛의 중심부에 위치한 이 매장은 쇼핑과 휴식을 동시에 즐기기에 최적화된 공간입니다. 방문 시 인근 카페나 푸드코트에서 잠시 쉬어가며 쇼핑의 피로를 풀어보는 것도 좋은 방법입니다. 컬럼비아 현대동대문은 단순한 구매 공간을 넘어, 삶의 방식을 제안하는 라이프스타일 허브로의 역할을 꾸준히 이어가고 있습니다."", ""장소명: 제시카 두타\n내용: **제시카 두타: 서울 한복판에서 만나는 특별한 문화 공간**  \n\n제시카 두타는 서울특별시 중구에 위치한 독특한 컨셉의 문화 복합 공간으로, 현대적 감성과 예술적 요소가 조화를 이룬 장소입니다. 역사적 분위기와 모던한 디자인이 공존하는 이곳에서 방문객들은 일상 속에서 특별한 경험을 할 수 있습니다.  \n\n본문  \n제시카 두타는 과거 산업시설이었던 공간을 재해석해 탄생한 문화 허브로, 건축적 유산과 현대적 감각이 혼합된 독특한 분위기를 자랑합니다. 내부에는 갤러리, 카페, 소규모 공연장 등이 어우러져 예술과 휴식이 공존하는 환경을 제공합니다. 특히, 벽면을 장식한 현지 작가들의 그림과 조형물은 공간의 정체성을 강조하며, 계절별로 변화하는 전시와 이벤트로 매번 새로운 느낌을 선사합니다.  \n\n이곳의 가장 큰 매력은 '체험을 통한 소통'입니다. 방문객은 직접 참여하는 워크숍이나 아트 클래스를 통해 창의성을 발휘할 수 있으며, 지역 예술가들과의 교류를 통해 문화적 영감을 얻을 수 있습니다. 또한, 로케이션 촬영이나 소규모 모임 장소로도 인기가 높아, SNS에서 핫플레이스로 자주 언급됩니다.  \n\n마무리  \n제시카 두타를 방문할 때는 편한 복장으로 방문해 갤러리 탐방과 체험 프로그램을 즐기는 것을 추천합니다. 특히 평일 오후에는 한적한 분위기에서 작품과 차를 즐기며 여유로운 시간을 보낼 수 있습니다. 역사적 맥락을 간직한 공간에서 현대 예술을 접하고 싶다면, 제시카 두타가 완벽한 선택이 될 것입니다.  \n\n*※ 정확한 운영 시간과 프로그램 일정은 방문 전 공식 채널을 확인해 주시기 바랍니다.*"", ""장소명: GCUT\n내용: GCUT는 서울 중심부에 위치한 현대아울렛 동대문점 4층에 자리한 복합 문화 공간으로, 패션·디자인·예술이 어우러진 창의적인 플랫폼입니다. '지오다노' 매장이 입점해 있는 이 공간은 젊은 감성과 트렌드를 반영한 패션 아이템부터 독창적인 디자인 소품까지 다채로운 볼거리를 제공하며, 도심 속 특별한 쇼핑 경험을 선사합니다.\n\n이곳은 역사적 건물인 현대아울렛 동대문점의 현대적 리모델링을 통해 탄생했는데, 을지로6가의 산업 유산을 보존하면서도 모던한 감성으로 재해석한 것이 특징입니다. 특히 4층의 GCUT는 층고의 넉넉함과 자연채광이 조화를 이뤄 편안한 분위기에서 쇼핑과 휴식을 동시에 즐길 수 있습니다. 주변에는 동대문역, 동대문역사문화공원역, 종로5가역 등 3개의 지하철역이 5~9분 거리에 위치해 접근성이 뛰어나며, 46개의 버스 노선으로도 편리하게 연결됩니다.\n\n방문객들을 위한 추천 팁으로는, 평일 오후 시간대에 방문하면 한적한 분위기에서 쇼핑을 즐길 수 있다는 점, 인근에 위치한 전통 시장과 현대 복합 문화공간을 함께 탐방하며 서울의 다채로운 매력을 경험할 수 있다는 점을 꼽을 수 있습니다. 또한 GCUT 내부에서는 한정판 콜라보레이션 제품이나 로컬 디자이너의 작품을 발견할 수 있으니, 세심한 관찰력을 발휘해 보시길 추천합니다. 도심 속 트렌디한 문화를 경험하고 싶다면 GCUT를 방문해 보는 것이 좋습니다."", '장소명: 레더라SFC\n내용: 레더라SFC는 대한민국 수도 서울특별시의 중심지에 위치한 복합문화공간입니다. 현대적인 건축물과 다양한 문화, 예술 작품이 어우러져 있으며, 수많은 상점, 레스토랑, 카페 등이 자리 잡고 있습니다. 특히, 지하에는 SFC Mall이 위치해 있어 쇼핑과 식사를 동시에 즐길 수 있습니다. 다양한 전시회와 공연이 열리며, 도시의 역동적인 분위기를 느끼고 싶거나 문화 예술에 관심이 많은 사람들에게 추천하는 장소입니다. 또한, 비즈니스와 여가를 동시에 즐기고 싶은 사람들에게도 적합한 곳입니다.', '장소명: 가버 현대동대문\n내용: 가버 현대동대문은 대한민국의 수도이자 문화, 인문, 정치, 경제의 중심지인 서울 특별시에 위치한 현대적인 쇼핑몰입니다. 서울특별시에는 다양한 문화 유산, 역사적 명소, 현대적인 쇼핑 및 엔터테인먼트 장소가 혼합되어 있습니다. 서울을 방문하는 사람들은 가버 현대동문점을 방문하여 최신 패션, 전자제품, 그리고 다양한 글로벌 브랜드를 경험할 수 있습니다. 쇼핑과 함께 한국의 전통과 현대 문화가 공존하는 서울을 체험하고 싶은 방문객에게 추천합니다.', '장소명: 쌈지길\n내용: ‘쌈지길’은 전통을 현대적으로 재해석한 작품과 문화를 만나고 즐길 수 있는 공예품 전문 쇼핑몰이다. 한국의 인간문화재가 만든 최고급의 전통공예품과 현대공예작품, 그리고 한국의 멋이 풍기는 디자인 제품을 만나 볼 수 있어 인사동의 대표장소로 관광명소가 되고 있다. 도자, 섬유, 금속, 목공예등 다양한 공예샵과 디자이너들의 신선하고 실험적인 디자인샵이 있는 곳이다. 쌈지길 곳곳 전시, 공연 등의 문화 이벤트도 열린다. 이곳은 다양한 원데이 클래스가 준비되어 있는데 도자기공예, 자개공예, 가죽, 유리, 비누 공예 등의 체험 프로그램을 통해 공예품을 직접 만들어볼 수 있는 복합문화 공간으로 누구나 함께 문화 예술을 즐길 수 있다.', ""장소명: 지오송지오 롯데서울역\n내용: **지오송지오 롯데서울역**은 롯데아울렛 서울역점과 함께 현대적인 쇼핑과 문화 체험을 동시에 즐길 수 있는 복합 공간입니다.  \n\n이곳은 서울역 인근의 한강대로 405에 위치해 있으며, 롯데아울렛 서울역점과 연계된 편의시설과 독특한 디자인의 건축물로 주목받고 있습니다. 특히, 롯데아울렛과 연결된 지하 1층부터 지상 5층 규모의 공간에는 다양한 패션 브랜드와 라이프스타일 숍이 입점해 있어 쇼핑 애호가들에게 인기가 높습니다.  \n\n역사적 배경보다는 현대적인 복합 문화공간으로서의 역할이 두드러지는데, 롯데서울역점은 2014년 개장한 이후 서울의 교통 중심지에서 빠르게 성장했습니다. 내부에는 커피숍, 푸드코트, 휴게 공간 등이 마련되어 쇼핑 중 편안하게 휴식할 수 있으며, 대형 주차장과 역세권 접근성이 뛰어나 여행객과 지역 주민 모두에게 편리합니다.  \n\n체험 요소로는 계절별 프로모션과 한정판 상품 출시 이벤트가 정기적으로 열리며, 가족 단위 방문객을 위한 키즈 존과 편의시설도 구축되어 있습니다. 또한, 인근 서울역사의 근대 건축 양식과 어우러진 도시 풍경을 감상할 수 있는 점도 매력적입니다.  \n\n방문객을 위한 팁으로는 평일 오전 시간대를 활용해 혼잡도를 피하는 것을 추천합니다. 특히, 롯데서울역점 내 '제일제면소' 매장은 지역 맛집과 협업한 한정 메뉴로 인기가 있으니 꼭 들러보시기 바랍니다. 지하철 1호선·4호선·경의중앙선과 직결되어 대중교통으로도 편리하게 접근할 수 있습니다.  \n\n이곳은 단순한 쇼핑 공간을 넘어 서울의 활기찬 도시 생활을 체험할 수 있는 장소로, 여행의 중간 기착지이자 필수 코스로 추천합니다."", '장소명: 하이엔드코리아 안국\n내용: **하이엔드코리아 안국: 전통과 현대의 조화가 느껴지는 인사동의 특별한 공간**  \n하이엔드코리아 안국은 서울 종로구 인사동길 62-5 1층에 자리한 독특한 컨셉의 문화 복합 공간으로, 한국 전통 미학과 현대적 감각을 결합한 체험을 제공하는 곳입니다.  \n\n**주요 볼거리와 체험 요소**  \n이곳은 인사동의 역사적 분위기를 간직한 동시에 세련된 디자인으로 꾸며진 공간으로, 방문객들은 한국 전통 공예품과 현대 예술을 함께 감상할 수 있습니다. 특히, 한옥과 모던 인테리어가 어우러진 1층 공간에서는 지역 장인들이 만든 핸드메이드 작품이나 한정판 디자인 제품 등을 만나볼 수 있습니다. 체험 프로그램으로는 전통 문양을 활용한 액세서리 만들기, 한지 공예 워크숍 등이 진행되며, 초보자도 쉽게 참여할 수 있도록 구성되어 있습니다.  \n\n**역사적 배경과 분위기**  \n인사동은 과거부터 한국의 전통 문화와 예술이 살아 숨쉬는 동네로 알려져 있습니다. 하이엔드코리아 안국은 이러한 인사동의 정신을 이어받아 현대적 해석으로 재탄생시킨 공간입니다. 주변의 오래된 골목과 갤러리, 전통 찻집들과 어우러져 독특한 문화적 경험을 선사합니다.  \n\n**방문객을 위한 팁**  \n- 체험 프로그램은 사전 예약이 필수이며, 주말에는 인원이 많을 수 있으니 평일 방문을 추천합니다.  \n- 인사동 일대에는 다양한 갤러리와 카페가 밀집해 있어, 하이엔드코리아 안국 방문 후 주변 탐방을 즐기면 좋습니다.  \n- 공간 규모가 크지 않으므로 1~2시간 정도의 관람 시간을 계획하시면 적당합니다.  \n\n하이엔드코리아 안국은 단순한 쇼핑 공간을 넘어 한국 문화의 깊이를 체험할 수 있는 곳입니다. 전통과 현대의 조화를 느끼며, 특별한 추억을 만들기에 더할 나위 없는 장소입니다.', ""장소명: 골든듀 롯데본점\n내용: **골든듀 롯데본점**은 서울 중심부에 위치한 독특한 컨셉의 쇼핑 문화 공간으로, 롯데백화점 본점 1층에 자리한 이색적인 복합 매장입니다.  \n\n이 매장은 패션, 라이프스타일, 푸드 등 다양한 분야를 아우르는 브랜드들을 한자리에서 경험할 수 있는 것이 특징입니다. 특히 '골든듀'라는 이름은 금(Gold)과 듀얼(Dual)을 결합한 것으로, 고급스러움과 다채로운 콘셉트의 공존을 상징합니다. 롯데본점의 상징적인 위치에 걸맞은 세련된 인테리어와 공간 구성으로 일상 속에서도 특별한 쇼핑을 즐길 수 있습니다.  \n\n역사적 배경을 살펴보면, 롯데백화점 본점은 1979년 개장한 이래 서울의 대표 쇼핑 명소로 자리매김했으며, 골든듀는 이러한 전통을 현대적으로 재해석한 공간입니다. 매장에서는 국내·외 유명 브랜드의 패션 아이템부터 한정판 제품, 아트 콜라보레이션 상품까지 다양하게 만날 수 있어 패션 애호가들의 발길이 끊이지 않습니다. 또한, 간단한 음료나 디저트를 즐기며 휴식을 취할 수 있는 푸드 존도 마련되어 쇼핑의 피로를 잊게 합니다.  \n\n방문객을 위한 팁으로, 골든듀는 백화점 영업 시간 내에 운영되므로 오픈 시간 확인이 필수입니다. 주말이나 공휴일에는 인파가 몰릴 수 있으므로 여유로운 시간을 확보하는 것이 좋습니다. 특히 패션 아이템은 한정 재고가 많아 인기가 높은 제품은 빠르게 품절될 수 있으니, 관심 있는 상품이 있다면 미리 체크한 후 방문하는 것을 추천합니다.  \n\n**골든듀 롯데본점**은 단순한 쇼핑 공간을 넘어 문화와 트렌드가 교차하는 장소입니다. 독특한 브랜드 구성과 세련된 분위기 속에서 특별한 추억을 만들어 보시길 바랍니다."", '장소명: 아신\n내용: **아 신, 전통과 현대적 감각이 공존하는 인사동의 소규모 문화 공간**  \n아 신은 서울 종로구 인사동길에 자리한 독특한 갤러리와 복합 문화 공간으로, 전통 공예와 현대 예술이 어우러진 감성적인 체험을 선사합니다. 인사동길 50-1 1층에 위치한 이 공간은 지역 예술가들의 작품을 전시하며, 방문객들에게 일상에서 벗어난 문화적 휴식을 제공합니다.  \n\n**주요 볼거리와 특징**  \n아 신은 인사동의 역사적 분위기를 현대적으로 재해석한 공간으로, 층별로 구성된 전시 공간에서는 한국 전통 공예부터 실험적인 현대 미술까지 다양한 장르를 만날 수 있습니다. 특히, 쌈지길과 인접해 있어 주변 상점들과 함께 산책하며 문화적 여정을 즐기기 좋습니다. 공사 중인 갤러리 주변은 보행자 중심의 도로로 조성되어 있어, 여유롭게 작품 감상과 사진 촬영을 할 수 있는 장점이 있습니다.  \n\n체험 요소로는 소규모 워크숍과 공예 클래스가 진행되기도 하며, 지역 작가들의 핸드메이드 작품을 구매할 수 있는 기회도 제공됩니다. 인사동의 전통 문화와 현대적 감각이 조화를 이룬 아 신은 단순히 전시를 넘어, 방문객이 직접 참여하며 문화를 체험할 수 있는 열린 공간입니다.  \n\n**방문 팁**  \n아 신을 방문할 때는 인근 쌈지길과 인사동 골목길도 함께 둘러보시길 추천합니다. 특히 평일 오후에는 한적한 분위기에서 작품을 감상하기에 좋으며, 사전 예약이 필요한 워크숍이나 전시는 홈페이지에서 일정을 확인하는 것이 좋습니다. 인사동의 대표 카페와 갤러리와 연계해 방문하면 더욱 풍부한 문화 경험을 할 수 있습니다.  \n\n아 신은 전통과 현대를 잇는 다리 역할을 하며, 단순한 관광지를 넘어 문화와 휴식이 공존하는 특별한 공간입니다. 인사동을 찾는 방문객들에게 창의적인 영감과 힐링을 선사할 것입니다.']",1,0
multi_query_dense,전문적이고 친절한 안경 서비스와 맞춤형 안경을 찾을 수 있는 곳 있을까?,"['장소명: 불가리안경\n내용: 불가리안경은 서울의 중심가에 위치한 독특한 안경 전문점으로, 1950년대부터 이어온 역사와 전통을 바탕으로 고객 맞춤 서비스를 제공하는 곳입니다. 서울특별시 중구 소월로 3에 자리한 이 매장은 단순한 안경 판매를 넘어 개인의 얼굴 형태와 라이프스타일을 고려한 세심한 피팅으로 유명합니다.  \n\n불가리안경의 가장 큰 특징은 숙련된 안경사가 직접 고객의 얼굴 구조를 분석해 최적의 프레임을 추천한다는 점입니다. 70년 이상의 노하우를 바탕으로 한 전통적인 제작 방식부터 현대 기술을 접목한 디지털 검사까지, 다양한 서비스를 경험할 수 있습니다. 특히, 매장 내부에는 시대별 안경 변천사를 보여주는 사진 자료와 빈티지 프레임 전시 코너가 마련되어 있어 방문객들에게 흥미로운 볼거리를 제공합니다.  \n\n체험 요소로는 맞춤 렌즈 체험, 프레임 디자인 워크숍 등이 있으며, 예약제로 진행되는 특별 상담 서비스도 인기 있습니다. 또한, 매장에서는 한국 안경 문화의 역사를 소개하는 소책자를 배포하며, 고객들은 이를 통해 국내 안경 산업의 발전 과정을 알아볼 수 있습니다.  \n\n방문객들에게는 주말 오전 시간대를 추천하는데, 이때가 가장 한산하며 안경사와의 여유로운 상담이 가능하기 때문입니다. 계절에 따라 한정 판매되는 특별 컬렉션도 있으니, 방문 전 공식 홈페이지에서 이벤트를 확인하는 것이 좋습니다. 불가리안경은 단순한 쇼핑 공간이 아닌, 개인의 스타일을 완성하는 문화 공간으로 기억될 것입니다.', '장소명: 뉴카이스트안경원\n내용: 뉴카이스트안경원은 서울 남대문시장에 위치한 안경원입니다. 이곳은 최신 디자인의 안경과 선글라스를 다양하게 보유하고 있으며, 전문 안경사들이 고객의 요구에 맞는 제품을 추천해줍니다. 또한, 정확하고 친절한 시력검사 서비스를 제공하여 고객 만족도가 높습니다. 안경이나 선글라스를 구매하고자 하는 분들이나 시력검사가 필요한 분들이 방문하기에 적합한 장소입니다.', '장소명: 바니스튜디오 안경(명동역점)\n내용: 바니스튜디오 안경 명동역점은 서울특별시 중구에 위치한 안경 전문점입니다. 이곳은 다양한 스타일과 기능성의 안경과 선글라스를 제공하여 고객들의 눈 건강을 지키고 패션을 완성시켜줍니다. 특히, 최신 트렌드를 반영한 디자인과 편안한 착용감을 자랑하는 제품들이 많이 구비되어 있습니다. 방문 고객들은 전문 안경사들의 친절한 상담을 받으며, 자신에게 가장 적합한 안경을 선택할 수 있습니다. 바니스튜디오 안경 명동역점은 스타일과 실용성을 동시에 추구하는 사람들에게 추천하는 장소입니다. 패션에 관심이 많거나, 새로운 안경을 찾고 있는 분들이 방문하면 좋은 곳입니다.', '장소명: 아이닥안경\n내용: 아이닥안경은 다양한 안경테와 콘택트렌즈를 제공하는 안경원입니다. 최신 트렌드의 안경테부터 클래식한 디자인까지 다양한 제품군을 자랑하며, 시력 검사와 함께 고객의 필요에 맞는 안경을 제안합니다. 또한, 각종 브랜드 콘택트렌즈를 합리적인 가격에 구매할 수 있어 편리합니다. 시력 교정이 필요하거나 새로운 안경을 구매하고자 하는 분들께 추천합니다.', '장소명: 믿음안경\n내용: 믿음안경은 대한민국 수도이자 문화, 인문, 정치, 경제의 중심지인 서울 특별시에 위치한 안경원이다. 서울은 대한민국의 대표적인 도시로, 역사적인 유적지와 현대적인 건축물이 공존하는 독특한 분위기를 가지고 있다. 믿음안경은 이러한 서울에서도 친절하고 전문적인 서비스로 유명하다. 안경을 구매하거나 검안을 받고 싶은 분들, 또는 안경에 대한 궁금한 점이 있는 분들은 서울을 방문할 때 믿음안경을 방문해보자. 최신 안경 트렌드를 만나볼 수 있으며, 전문 안경사의 친절한 상담을 통해 자신에게 딱 맞는 안경을 찾을 수 있을 것이다.', '장소명: 김안경\n내용: 김안경은 대한민국의 수도이자 문화, 인문, 정치, 경제 중심지인 서울 특별시 내에 위치한 안경원입니다. 서울은 오랜 역사와 전통을 자랑하며, 다양한 문화유산과 현대적인 도시의 모습을 동시에 볼 수 있는 도시입니다. 이곳에서 김안경은 고객님께 전문적이고 친절한 서비스를 제공하여 최상의 안경을 매칭해 드립니다. 특히, 서울을 방문하여 새로운 안경을 맞추고 싶거나, 편안한 시생활을 위해 보다 전문적인 안경 서비스를 원하는 분들에게 추천합니다. 또한, 서울에 거주하시는 분들 중 자신의 라이프스타일에 맞는 맞춤형 안경을 찾는 분들에게도 적합한 장소입니다.', '장소명: 젠틀몬스터 제우스안경 명동(위탁)\n내용: 젠틀몬스터 제우스안경 명동(위탁)은 서울특별시 중구에 위치한 젠틀몬스터 안경점입니다. 이곳은 독특한 디자인과 고품질의 안경으로 유명하여 패션에 관심이 많은 사람들이 방문하기에 최적의 장소입니다. 특히, 명동 지역은 수많은 쇼핑 매장과 문화 시설이 모여 있어, 최신 패션 트렌드를 경험하고 싶은 분들이 방문하기에 좋습니다. 유니크하고 세련된 디자인의 안경을 찾고 있거나, 패션 아이템을 찾고 있는 분들에게 추천드립니다.', '장소명: 오렌즈 광화문\n내용: 오렌즈 광화문점은 대한민국의 수도이자 최대 도시인 서울특별시의 중심에 위치한 안경원이다. 광화문이라는 이름에서 알 수 있듯이, 역사적인 장소인 광화문이 가까이에 있어 서울의 역사와 문화를 체험할 수 있는 좋은 위치에 있다. 오렌즈 광화문점은 다양한 브랜드의 안경과 콘택트렌즈를 보유하고 있어, 방문객들은 자신의 얼굴형과 스타일에 맞는 안경을 찾을 수 있다. 또한, 전문적인 안경사와 검안사가 상주하여 고객의 시력 검사를 진행하고, 이에 맞는 안경이나 렌즈를 추천해준다. 특히, 서울을 방문하는 관광객들이나 외국인들에게도 친절한 서비스를 제공하여 좋은 평가를 받고 있다. 서울의 중심에서 편안하고 전문적인 안경 서비스를 받고 싶은 사람들에게 추천할 만한 장소이다.', '장소명: 남대문 안경상가\n내용: 남대문 안경상가는 서울특별시 중구 남대문시장에 위치한 대한민국 대표 안경 전문 상가입니다. 1980년대부터 형성되기 시작한 이 상가는 현재 50여 개의 안경원들이 모여 있어 다양한 종류의 안경과 콘택트렌즈를 저렴한 가격에 구매할 수 있습니다. 특히, 전문적인 안경사들은 고객에게 맞는 안경을 추천해주며, 수리지도 가능합니다. 안경을 구매하거나 교체할 계획이 있는 사람들이 방문하기에 적합한 장소입니다. 또한, 남대문시장은 다양한 종류의 상품을 판매하는 재래시장이므로, 안경 구매 외에도 여러 가지 쇼핑을 즐길 수 있습니다.', '장소명: 다비치안경 (명동점)\n내용: 다비치안경 명동점은 대한민국 수도인 서울에서 가장 번화한 지역 중 하나에 위치한 안경점입니다. 서울은 대한민국의 문화, 인문, 정치, 경제의 중심지로 알려져 있으며, 다양한 문화 체험과 쇼핑을 동시에 즐길 수 있는 곳입니다. 다비치안경 명동점은 최신 디자인의 안경과 렌즈를 제공하고, 고객의 얼굴형과 생활습관에 맞는 제품을 추천하여 보다 편안한 시생활을 제공하는 곳입니다. 안경을 새로 맞추거나, 렌즈 교체가 필요한 경우, 또는 패션 안경을 찾으시는 분들에게 추천드립니다. 서울을 여행하며 지친 눈을 쉬게 주고, 새로운 안경으로 스타일 변신을 하고 싶은 분들에게 방문을 권해드립니다.', '장소명: 불가리안경\n내용: 불가리안경은 서울의 중심가에 위치한 독특한 안경 전문점으로, 1950년대부터 이어온 역사와 전통을 바탕으로 고객 맞춤 서비스를 제공하는 곳입니다. 서울특별시 중구 소월로 3에 자리한 이 매장은 단순한 안경 판매를 넘어 개인의 얼굴 형태와 라이프스타일을 고려한 세심한 피팅으로 유명합니다.  \n\n불가리안경의 가장 큰 특징은 숙련된 안경사가 직접 고객의 얼굴 구조를 분석해 최적의 프레임을 추천한다는 점입니다. 70년 이상의 노하우를 바탕으로 한 전통적인 제작 방식부터 현대 기술을 접목한 디지털 검사까지, 다양한 서비스를 경험할 수 있습니다. 특히, 매장 내부에는 시대별 안경 변천사를 보여주는 사진 자료와 빈티지 프레임 전시 코너가 마련되어 있어 방문객들에게 흥미로운 볼거리를 제공합니다.  \n\n체험 요소로는 맞춤 렌즈 체험, 프레임 디자인 워크숍 등이 있으며, 예약제로 진행되는 특별 상담 서비스도 인기 있습니다. 또한, 매장에서는 한국 안경 문화의 역사를 소개하는 소책자를 배포하며, 고객들은 이를 통해 국내 안경 산업의 발전 과정을 알아볼 수 있습니다.  \n\n방문객들에게는 주말 오전 시간대를 추천하는데, 이때가 가장 한산하며 안경사와의 여유로운 상담이 가능하기 때문입니다. 계절에 따라 한정 판매되는 특별 컬렉션도 있으니, 방문 전 공식 홈페이지에서 이벤트를 확인하는 것이 좋습니다. 불가리안경은 단순한 쇼핑 공간이 아닌, 개인의 스타일을 완성하는 문화 공간으로 기억될 것입니다.', '장소명: 뉴카이스트안경원\n내용: 뉴카이스트안경원은 서울 남대문시장에 위치한 안경원입니다. 이곳은 최신 디자인의 안경과 선글라스를 다양하게 보유하고 있으며, 전문 안경사들이 고객의 요구에 맞는 제품을 추천해줍니다. 또한, 정확하고 친절한 시력검사 서비스를 제공하여 고객 만족도가 높습니다. 안경이나 선글라스를 구매하고자 하는 분들이나 시력검사가 필요한 분들이 방문하기에 적합한 장소입니다.', '장소명: 아이닥안경\n내용: 아이닥안경은 다양한 안경테와 콘택트렌즈를 제공하는 안경원입니다. 최신 트렌드의 안경테부터 클래식한 디자인까지 다양한 제품군을 자랑하며, 시력 검사와 함께 고객의 필요에 맞는 안경을 제안합니다. 또한, 각종 브랜드 콘택트렌즈를 합리적인 가격에 구매할 수 있어 편리합니다. 시력 교정이 필요하거나 새로운 안경을 구매하고자 하는 분들께 추천합니다.', '장소명: 김안경\n내용: 김안경은 대한민국의 수도이자 문화, 인문, 정치, 경제 중심지인 서울 특별시 내에 위치한 안경원입니다. 서울은 오랜 역사와 전통을 자랑하며, 다양한 문화유산과 현대적인 도시의 모습을 동시에 볼 수 있는 도시입니다. 이곳에서 김안경은 고객님께 전문적이고 친절한 서비스를 제공하여 최상의 안경을 매칭해 드립니다. 특히, 서울을 방문하여 새로운 안경을 맞추고 싶거나, 편안한 시생활을 위해 보다 전문적인 안경 서비스를 원하는 분들에게 추천합니다. 또한, 서울에 거주하시는 분들 중 자신의 라이프스타일에 맞는 맞춤형 안경을 찾는 분들에게도 적합한 장소입니다.', '장소명: 하버드안경\n내용: 하버드안경은 대한민국 수도 서울에 위치한 안경 전문점입니다. 서울은 대한민국의 최대 도시이자 오랜 역사를 지닌 고도 중 하나로, 문화, 인문, 정치, 경제 중심지 역할을 하는 도시입니다. 하버드안경은 서울 시민들과 서울을 방문하는 관광객들에게 다양한 안경 제품을 제공하고, 전문적인 안경 검안과 피팅을 통해 고객들의 눈 건강을 지켜줍니다. 서울을 방문하여 새로운 안경을 구매하거나, 눈 검안을 받고 싶은 분들은 하버드안경을 방문하여 전문적인 서비스를 받아 보시기 바랍니다.', '장소명: 하나로안경원\n내용: 서울특별시 내에 위치한 하나로안경원은 시력교정이 필요한 이들이나 새로운 안경을 찾는 이들에게 최적화된 장소입니다. 서울은 대한민국의 수도이자 최대 도시로, 오랜 역사와 현대적인 문화가 공존하는 곳입니다. 하나로안경원은 이러한 문화·인문·정치·경제 중심지에서 정확하고 전문적인 안경 맞춤 서비스를 제공합니다. 안과 진료 후 안경이 필요한 경우나, 패션 아이템으로 안경을 바꾸고 싶은 경우, 최신 트렌드의 안경을 찾고 있는 경우 등 다양한 상황에서 방문하기에 적합한 곳입니다.', '장소명: 서전안경원 두타\n내용: 서전안경원 두타는 정확한 위치나 서비스가 명시되어 있지 않지만, 일반적으로 안경원을 방문하기에 가장 적합한 상황은 시력 교정이 필요하거나 새로운 안경을 구매하고자 할 때입니다. 또한, 기존의 안경을 수리하거나 안경의도수가 변경되어 조정이 필요할 때도 방문할 수 있습니다. 선명한 시야를 원하거나 패션 아이템으로 안경을 고려하고 있는 경우에도 서전안경원 두타를 방문하면 도움이 될 것입니다.', '장소명: 조은안경 회현\n내용: 조은안경은 대한민국 서울 중구 남대문로에 위치한 안경원입니다. 최신 안경과 선글라스를 다양한 스타일과 가격으로 제공하며, 고객의 시력과 생활 패턴에 맞는 제품을 추천해줍니다. 또한, 조은안경에서는 정확한 시력 검사와 안경 피팅 서비스를 제공하며, 수리 및 렌즈 교체 서비스도 함께 운영하고 있습니다. 조은안경을 방문하기에 적합한 상황은 새로운 안경이나 선글라스를 구매하고자 하거나, 정확한 시력 검사와 안경 피팅이 필요한 경우입니다. 남대문시장에 방문하여 쇼핑을 즐기며, 안경을 구매하거나 점검하고 싶은 분들에게도 좋은 선택이 될 수 있습니다.', '장소명: 오렌즈 광화문\n내용: 오렌즈 광화문점은 대한민국의 수도이자 최대 도시인 서울특별시의 중심에 위치한 안경원이다. 광화문이라는 이름에서 알 수 있듯이, 역사적인 장소인 광화문이 가까이에 있어 서울의 역사와 문화를 체험할 수 있는 좋은 위치에 있다. 오렌즈 광화문점은 다양한 브랜드의 안경과 콘택트렌즈를 보유하고 있어, 방문객들은 자신의 얼굴형과 스타일에 맞는 안경을 찾을 수 있다. 또한, 전문적인 안경사와 검안사가 상주하여 고객의 시력 검사를 진행하고, 이에 맞는 안경이나 렌즈를 추천해준다. 특히, 서울을 방문하는 관광객들이나 외국인들에게도 친절한 서비스를 제공하여 좋은 평가를 받고 있다. 서울의 중심에서 편안하고 전문적인 안경 서비스를 받고 싶은 사람들에게 추천할 만한 장소이다.', '장소명: 믿음안경\n내용: 믿음안경은 대한민국 수도이자 문화, 인문, 정치, 경제의 중심지인 서울 특별시에 위치한 안경원이다. 서울은 대한민국의 대표적인 도시로, 역사적인 유적지와 현대적인 건축물이 공존하는 독특한 분위기를 가지고 있다. 믿음안경은 이러한 서울에서도 친절하고 전문적인 서비스로 유명하다. 안경을 구매하거나 검안을 받고 싶은 분들, 또는 안경에 대한 궁금한 점이 있는 분들은 서울을 방문할 때 믿음안경을 방문해보자. 최신 안경 트렌드를 만나볼 수 있으며, 전문 안경사의 친절한 상담을 통해 자신에게 딱 맞는 안경을 찾을 수 있을 것이다.', '장소명: 불가리안경\n내용: 불가리안경은 서울의 중심가에 위치한 독특한 안경 전문점으로, 1950년대부터 이어온 역사와 전통을 바탕으로 고객 맞춤 서비스를 제공하는 곳입니다. 서울특별시 중구 소월로 3에 자리한 이 매장은 단순한 안경 판매를 넘어 개인의 얼굴 형태와 라이프스타일을 고려한 세심한 피팅으로 유명합니다.  \n\n불가리안경의 가장 큰 특징은 숙련된 안경사가 직접 고객의 얼굴 구조를 분석해 최적의 프레임을 추천한다는 점입니다. 70년 이상의 노하우를 바탕으로 한 전통적인 제작 방식부터 현대 기술을 접목한 디지털 검사까지, 다양한 서비스를 경험할 수 있습니다. 특히, 매장 내부에는 시대별 안경 변천사를 보여주는 사진 자료와 빈티지 프레임 전시 코너가 마련되어 있어 방문객들에게 흥미로운 볼거리를 제공합니다.  \n\n체험 요소로는 맞춤 렌즈 체험, 프레임 디자인 워크숍 등이 있으며, 예약제로 진행되는 특별 상담 서비스도 인기 있습니다. 또한, 매장에서는 한국 안경 문화의 역사를 소개하는 소책자를 배포하며, 고객들은 이를 통해 국내 안경 산업의 발전 과정을 알아볼 수 있습니다.  \n\n방문객들에게는 주말 오전 시간대를 추천하는데, 이때가 가장 한산하며 안경사와의 여유로운 상담이 가능하기 때문입니다. 계절에 따라 한정 판매되는 특별 컬렉션도 있으니, 방문 전 공식 홈페이지에서 이벤트를 확인하는 것이 좋습니다. 불가리안경은 단순한 쇼핑 공간이 아닌, 개인의 스타일을 완성하는 문화 공간으로 기억될 것입니다.', '장소명: 바니스튜디오 안경(명동역점)\n내용: 바니스튜디오 안경 명동역점은 서울특별시 중구에 위치한 안경 전문점입니다. 이곳은 다양한 스타일과 기능성의 안경과 선글라스를 제공하여 고객들의 눈 건강을 지키고 패션을 완성시켜줍니다. 특히, 최신 트렌드를 반영한 디자인과 편안한 착용감을 자랑하는 제품들이 많이 구비되어 있습니다. 방문 고객들은 전문 안경사들의 친절한 상담을 받으며, 자신에게 가장 적합한 안경을 선택할 수 있습니다. 바니스튜디오 안경 명동역점은 스타일과 실용성을 동시에 추구하는 사람들에게 추천하는 장소입니다. 패션에 관심이 많거나, 새로운 안경을 찾고 있는 분들이 방문하면 좋은 곳입니다.', '장소명: 뉴카이스트안경원\n내용: 뉴카이스트안경원은 서울 남대문시장에 위치한 안경원입니다. 이곳은 최신 디자인의 안경과 선글라스를 다양하게 보유하고 있으며, 전문 안경사들이 고객의 요구에 맞는 제품을 추천해줍니다. 또한, 정확하고 친절한 시력검사 서비스를 제공하여 고객 만족도가 높습니다. 안경이나 선글라스를 구매하고자 하는 분들이나 시력검사가 필요한 분들이 방문하기에 적합한 장소입니다.', '장소명: 하버드안경\n내용: 하버드안경은 대한민국 수도 서울에 위치한 안경 전문점입니다. 서울은 대한민국의 최대 도시이자 오랜 역사를 지닌 고도 중 하나로, 문화, 인문, 정치, 경제 중심지 역할을 하는 도시입니다. 하버드안경은 서울 시민들과 서울을 방문하는 관광객들에게 다양한 안경 제품을 제공하고, 전문적인 안경 검안과 피팅을 통해 고객들의 눈 건강을 지켜줍니다. 서울을 방문하여 새로운 안경을 구매하거나, 눈 검안을 받고 싶은 분들은 하버드안경을 방문하여 전문적인 서비스를 받아 보시기 바랍니다.', '장소명: 김안경\n내용: 김안경은 대한민국의 수도이자 문화, 인문, 정치, 경제 중심지인 서울 특별시 내에 위치한 안경원입니다. 서울은 오랜 역사와 전통을 자랑하며, 다양한 문화유산과 현대적인 도시의 모습을 동시에 볼 수 있는 도시입니다. 이곳에서 김안경은 고객님께 전문적이고 친절한 서비스를 제공하여 최상의 안경을 매칭해 드립니다. 특히, 서울을 방문하여 새로운 안경을 맞추고 싶거나, 편안한 시생활을 위해 보다 전문적인 안경 서비스를 원하는 분들에게 추천합니다. 또한, 서울에 거주하시는 분들 중 자신의 라이프스타일에 맞는 맞춤형 안경을 찾는 분들에게도 적합한 장소입니다.', '장소명: 아이닥안경\n내용: 아이닥안경은 다양한 안경테와 콘택트렌즈를 제공하는 안경원입니다. 최신 트렌드의 안경테부터 클래식한 디자인까지 다양한 제품군을 자랑하며, 시력 검사와 함께 고객의 필요에 맞는 안경을 제안합니다. 또한, 각종 브랜드 콘택트렌즈를 합리적인 가격에 구매할 수 있어 편리합니다. 시력 교정이 필요하거나 새로운 안경을 구매하고자 하는 분들께 추천합니다.', '장소명: 조은안경 회현\n내용: 조은안경은 대한민국 서울 중구 남대문로에 위치한 안경원입니다. 최신 안경과 선글라스를 다양한 스타일과 가격으로 제공하며, 고객의 시력과 생활 패턴에 맞는 제품을 추천해줍니다. 또한, 조은안경에서는 정확한 시력 검사와 안경 피팅 서비스를 제공하며, 수리 및 렌즈 교체 서비스도 함께 운영하고 있습니다. 조은안경을 방문하기에 적합한 상황은 새로운 안경이나 선글라스를 구매하고자 하거나, 정확한 시력 검사와 안경 피팅이 필요한 경우입니다. 남대문시장에 방문하여 쇼핑을 즐기며, 안경을 구매하거나 점검하고 싶은 분들에게도 좋은 선택이 될 수 있습니다.', '장소명: 오렌즈 광화문\n내용: 오렌즈 광화문점은 대한민국의 수도이자 최대 도시인 서울특별시의 중심에 위치한 안경원이다. 광화문이라는 이름에서 알 수 있듯이, 역사적인 장소인 광화문이 가까이에 있어 서울의 역사와 문화를 체험할 수 있는 좋은 위치에 있다. 오렌즈 광화문점은 다양한 브랜드의 안경과 콘택트렌즈를 보유하고 있어, 방문객들은 자신의 얼굴형과 스타일에 맞는 안경을 찾을 수 있다. 또한, 전문적인 안경사와 검안사가 상주하여 고객의 시력 검사를 진행하고, 이에 맞는 안경이나 렌즈를 추천해준다. 특히, 서울을 방문하는 관광객들이나 외국인들에게도 친절한 서비스를 제공하여 좋은 평가를 받고 있다. 서울의 중심에서 편안하고 전문적인 안경 서비스를 받고 싶은 사람들에게 추천할 만한 장소이다.', '장소명: 믿음안경\n내용: 믿음안경은 대한민국 수도이자 문화, 인문, 정치, 경제의 중심지인 서울 특별시에 위치한 안경원이다. 서울은 대한민국의 대표적인 도시로, 역사적인 유적지와 현대적인 건축물이 공존하는 독특한 분위기를 가지고 있다. 믿음안경은 이러한 서울에서도 친절하고 전문적인 서비스로 유명하다. 안경을 구매하거나 검안을 받고 싶은 분들, 또는 안경에 대한 궁금한 점이 있는 분들은 서울을 방문할 때 믿음안경을 방문해보자. 최신 안경 트렌드를 만나볼 수 있으며, 전문 안경사의 친절한 상담을 통해 자신에게 딱 맞는 안경을 찾을 수 있을 것이다.', '장소명: 남대문 안경상가\n내용: 남대문 안경상가는 서울특별시 중구 남대문시장에 위치한 대한민국 대표 안경 전문 상가입니다. 1980년대부터 형성되기 시작한 이 상가는 현재 50여 개의 안경원들이 모여 있어 다양한 종류의 안경과 콘택트렌즈를 저렴한 가격에 구매할 수 있습니다. 특히, 전문적인 안경사들은 고객에게 맞는 안경을 추천해주며, 수리지도 가능합니다. 안경을 구매하거나 교체할 계획이 있는 사람들이 방문하기에 적합한 장소입니다. 또한, 남대문시장은 다양한 종류의 상품을 판매하는 재래시장이므로, 안경 구매 외에도 여러 가지 쇼핑을 즐길 수 있습니다.']",1,0
multi_query_dense,최신 뷰티 트렌드를 경험할 수 있는 매장 추천해줘,"['장소명: 올리브영 명동본점\n내용: 올리브영 명동본점은 서울특별시 중구 명동길에 위치한 라이프스타일 체험형 드럭스토어입니다. 올리브영은 뷰티, 헬스, 퍼스널 케어 등 다양한 제품들을 한 곳에서 만나볼 수 있는 곳으로, 최신 트렌드를 반영한 제품들을 선보이고 있습니다. 특히 명동본점은 올리브영의 대표 매장 중 하나로, 다양한 브랜드와 제품을 경험할 수 있는 공간과 고객들을 위한 편의시설도 잘 갖춰져 있습니다. 쇼핑과 관광의 중심지인 명동에 위치하여 언제든지 방문하기 좋은 곳으로, 최신 뷰티 트렌드를 경험하고 싶은 분이나 다양한 라이프스타일 제품을 한 번에 만나보고 싶은 분들에게 추천합니다.', '장소명: 올리브영 명동대로\n내용: 올리브영 명동대로는 대한민국의 수도이자 문화, 인문, 정치, 경제 중심지인 서울특별시 명동대로에 위치한 올리브영 매장입니다. 이 곳은 최신 트렌드의 뷰티 제품과 헬스케어 제품을 만나볼 수 있는 대표적인 곳입니다. 서울특별시의 중심부인 명동에서 최신 뷰티 제품과 트렌드를 경험하고 싶은 분들이 방문하기에 적합합니다. 다양한 브랜드의 제품들을 한 자리에서 비교하고, 전문가의 피부 상담을 받을 수 있어 뷰티에 관심 있는 분들에게는 필수 방문지라고 할 수 있습니다.', '장소명: 밀리오레 명동점\n내용: 밀리오레 명동점은 대한민국 서울의 중심지인 중구에 위치한 유명 쇼핑몰입니다. 패션, 뷰티, 식당가 등 다양한 매장이 입점해 있어 최신 유행을 접하고 쇼핑을 즐기기에 최적의 장소입니다. 서울을 방문한 여행객들이 쇼핑과 관광을 동시에 즐기고 싶을 때 방문하면 좋습니다. 또한, 서울에 거주하는 젊은이들이 트렌디한 쇼핑과 여가를 즐기기 위해 자주 찾는 곳이기도 합니다.', '장소명: 발렌시아가 신세계 본점\n내용: 발렌시아가 신세계 본점은 서울 중구에 위치한 신세계 백화점 본점에 입점한 명품 브랜드 매장입니다. 트렌디하고 세련된 디자인의 의류, 가방, 신발, 액세서리 등을 판매하며, 방문객들은 다양한 컬렉션을 통해 발렌시아가만의 독특한 감성을 느낄 수 있습니다. 쇼핑을 즐기고, 최신 패션 트렌드를 경험하고 싶은 분들에게 추천하는 장소입니다.', '장소명: 서울뷰티위크\n내용: 서울뷰티위크는 대한민국 수도 서울의 대표적인 뷰티 행사입니다. 이번 가을, 서울에서 열리는 이 행사는 단순한 박람회가 아닌 뷰티 산업의 미래를 내다볼 수 있는 특별한 축제입니다. K-뷰티의 최신 트렌드를 경험하고, 글로벌 뷰티 트렌드를 이끄는 산업의 현주소를 체험할 수 있습니다. 이곳에서 산업계 전문가들과의 교류를 통해 비즈니스 기회를 넓힐 수도 있습니다. 뷰티에 관심 있는 사람들이라면 누구나 방문해 볼 만한 가치가 있는 행사이며, K-뷰티에 관심이 많은 분들이나 뷰티 업계 종사자들에게 더욱 추천하고 싶은 행사입니다.', '장소명: 명보아이앤씨 에비뉴엘\n내용: 명보아이앤씨 에비뉴엘은 서울의 중심지에 위치한 대표적인 쇼핑 명소입니다. 이곳은 다양한 브랜드의 의류, 액세서리, 전자제품 등을 판매하는 상점들이 입점해 있어, 최신 트렌드를 쫓는 쇼핑객들에게 인기 있는 장소입니다. 또한, 고급스러운 인테리어와 편리한 시설로 인해 편안하게 쇼핑을 즐길 수 있습니다. 서울을 방문하는 여행자라면, 서울의 패션과 문화를 경험할 수 있는 명보아이앤씨 에비뉴엘을 찾아보는 것을 추천합니다. 특히, 친구나 가족과 함께하는 쇼핑 여행이나 연인의 데이트 코스로도 적합한 곳입니다.', '장소명: 올리브영 종로YBM\n내용: 올리브영 종로YBM은 한국 최대의 헬스앤뷰티 스토어로, 전국에 약 1,300개 이상의 매장을 운영하는 유명한 곳입니다. 특히 서울의 성동구에 위치한 올리브영N 성수는 K뷰티의 1번지로 꼽히며, 누적 방문객 수가 250만 명을 돌파한 인기 명소입니다. 이곳에서는 AI를 활용한 피부 및 두피 스캔과 컨설팅 서비스를 제공하여 방문객들에게 큰 인기를 얻고 있습니다. 올리브영 종로YBM은 최신 뷰티 트렌드와 다양한 제품을 경험하고 싶은 국내외 관광객들에게 추천하는 곳입니다.', '장소명: 올리브영 명동타임워크점\n내용: 올리브영 명동타임워크점은 대한민국 수도이자 문화, 인문, 정치, 경제 중심지인 서울 특별시의 중심부에 위치한 인기 있는 뷰티 및 헬스 스토어입니다. 명동 타임워크몰 내에 자리 잡고 있어 쇼핑과 관광을 즐기는 방문객들에게 편리하고 접근성이 뛰어납니다. 국내외 다양한 브랜드의 최신 뷰티 제품과 헬스 제품을 만나볼 수 있어, 최신 트렌드를 파악하고 싶은 이들이 방문하기에 좋습니다. 특히, 명동은 쇼핑과 관광객이 많이 찾는 지역인 만큼 친구나 가족과 함께하는 쇼핑 여행 중 들르기 좋은 곳입니다. 또한, 올리브영은 합리적인 가격과 다양한 제품군으로 유명하여, 최신 뷰티 제품을 시도해 보고 싶은 분들에게 추천합니다.', '장소명: 올리브영 명동 타운\n내용: 올리브영 명동 타운은 대한민국 문화, 인문, 정치, 경제적 중심지인 서울특별시의 중심지인 명동에 위치한 유명 헬스 앤 뷰티 스토어입니다. 이곳에서는 다양한 뷰티 제품과 건강 보조제를 만날 수 있으며, 최신 트렌드를 직접 경험해 볼 수 있습니다. 쇼핑과 트렌드에 관심이 많은 분들, 특히 뷰티 제품에 관심이 많은 분들이 방문하기에 적합한 장소입니다. 서울을 여행하면서 최신 뷰티 제품을 체험해보고 싶거나, 다양한 뷰티 브랜드를 한번에 비교하고 싶을 때 방문하면 좋은 곳입니다.', '장소명: 네이처리퍼블릭 (명동월드점)\n내용: 네이처리퍼블릭 명동월드점은 명동의 중심에 위치한 인기 있는 화장품 매장입니다. 이곳은 다양한 피부 타입과 관심사에 맞춘 고품질의 화장품과 스킨케어 제품을 제공합니다. 특히, 자연에서 영감을 얻은 제품들로 유명하며, 방문 고객들은 피부 관리에 대한 전문적인 상담과 함께 제품을 체험할 수 있습니다. 네이처리퍼블릭 명동월드점은 최신 화장품 트렌드를 경험하고 싶은 분, 자연 친화적인 제품을 찾고 있는 분, 피부 관리에 대한 전문적인 조언을 구하고 싶은 분들에게 추천합니다.', '장소명: 올리브영 종로1가\n내용: **올리브영 종로1가점은 서울 도심 속에서 편리하게 뷰티 & 헬스 제품을 만날 수 있는 대표 매장으로, 르메이에르종로타운 1층 한가운데 자리한 쇼핑 핫플레이스입니다.**  \n\n이 매장은 화장품, 스킨케어, 헤어용품부터 간편한 건강 간식까지 다양한 제품을 한자리에서 만나볼 수 있는 공간입니다. 특히 도심 접근성이 뛰어나 출퇴근길이나 점심시간에도 부담 없이 들러 필요한 제품을 골라볼 수 있죠. 르메이에르종로타운의 현대적 건물 구조 속에 위치해 깔끔한 인테리어와 체계적인 코너 구성이 특징이며, 신제품 체험 존이나 계절별 테마 기획전도 종종 열려 쇼핑의 재미를 더합니다.  \n\n주변에는 광화문 광장과 세종문화회관이 가까워 문화 탐방 후 잠시 들러 쇼핑하기에도 좋습니다. 또한 인근에 위치한 카페나 베이커리에서 음료와 디저트를 즐기며 휴식할 수 있어, 도심 여행의 중간 기착지 역할을 톡톡히 해냅니다.  \n\n**방문객을 위한 꿀팁**을 드리자면, 평일에는 비교적 한산한 오후 2~4시 사이에 방문하면 여유롭게 쇼핑할 수 있습니다. 신제품 출시일이나 세일 기간에는 할인 혜택을 꼭 확인해 보세요. 특히 화장품 샘플이나 증정품을 적극 활용하면 알뜰한 쇼핑이 가능합니다. 도심 속 작은 오아시스처럼 편안하게 들러보세요!', '장소명: B the B\n내용: 동대문역사문화공원과 DDP, 주변 동대문 시장과 연결되어 있는 콘텐츠 허브 공간 B the B는 서울의 뷰티 기업과 시민들이 가깝게 소통할 수 있는 공간이자, 도심 속 자연에서 휴식을 즐길 수 있는 크리에이티브 라운지이다. 서울 뷰티 대표 기업들의 브랜드 쇼룸 및 트렌드 컨셉에 맞는 제품 큐레이션 기획 전시, 혁신 기술 결합형 제품 체험 등 다양한 콘텐츠를 무료로 감상할 수 있다. 또한 숲속 휴양림을 연상하는 힐링 공간에서 뷰티 관련 콘텐츠와 정보를 접할 수 있는 시즌별 이벤트가 수시로 전개된다.', ""장소명: 퍼니컷\n내용: **퍼니컷(Funny Cut)**은 서울 중구에 위치한 독특한 컨셉의 헤어 샵으로, 단순한 미용 서비스를 넘어 개성 넘치는 스타일과 창의적인 체험을 제공하는 공간입니다.  \n\n**주요 볼거리와 특징**  \n퍼니컷은 전통적인 헤어 디자인에 현대적인 감각을 더해 방문객에게 색다른 경험을 선사합니다. 먼저, 샵 내부는 트렌디한 인테리어와 예술적 소품으로 꾸며져 사진 찍기 좋은 핫스팟으로 인기가 높습니다. 디자이너들은 다양한 헤어스타일링 기술을 바탕으로 고객의 개성과 취향에 맞춘 맞춤형 서비스를 제공하며, 특히 캐릭터를 연상시키는 독특한 커트나 컬러링으로 SNS에서도 화제입니다.  \n\n역사적 배경은 부족하지만, 퍼니컷은 지역 내에서 젊은 층을 중심으로 빠르게 입소문을 타며 현대적 감성의 문화 공간으로 자리 잡았습니다. 체험 요소로는 '캐릭터 헤어 스타일링'과 '컬러 트렌드 워크숍'이 있는데, 이는 단순한 미용 서비스를 넘어 예술과 패션을 결합한 창의적인 활동입니다. 또한, 샵 내부에는 방문객을 위한 포토존과 소규모 전시 공간이 마련되어 있어, 헤어디자인의 예술적 가치를 느낄 수 있습니다.  \n\n**방문객을 위한 팁**  \n퍼니컷을 방문할 때는 사전 예약을 통해 원하는 디자이너와 스타일을 미리 조율하는 것이 좋습니다. 특히 주말에는 방문객이 많을 수 있으니 평일 오후 시간대를 추천합니다. 인스타그램에서 최신 트렌드를 확인하고 방문하면 더 풍부한 경험을 할 수 있습니다.  \n\n마지막으로, 퍼니컷은 단순한 미용실보다는 '자기 표현의 장'으로 즐기는 것이 핵심입니다. 평소 시도하지 못했던 과감한 스타일이나 캐릭터를 연상시키는 디자인을 도전해 보세요. 일상의 경계를 넘어 개성과 창의성을 발견할 수 있는 특별한 시간을 선사할 것입니다."", '장소명: 올리브영 종로YBM\n내용: 올리브영 종로YBM은 한국 최대의 헬스앤뷰티 스토어로, 전국에 약 1,300개 이상의 매장을 운영하는 유명한 곳입니다. 특히 서울의 성동구에 위치한 올리브영N 성수는 K뷰티의 1번지로 꼽히며, 누적 방문객 수가 250만 명을 돌파한 인기 명소입니다. 이곳에서는 AI를 활용한 피부 및 두피 스캔과 컨설팅 서비스를 제공하여 방문객들에게 큰 인기를 얻고 있습니다. 올리브영 종로YBM은 최신 뷰티 트렌드와 다양한 제품을 경험하고 싶은 국내외 관광객들에게 추천하는 곳입니다.', '장소명: 올리브영 명동본점\n내용: 올리브영 명동본점은 서울특별시 중구 명동길에 위치한 라이프스타일 체험형 드럭스토어입니다. 올리브영은 뷰티, 헬스, 퍼스널 케어 등 다양한 제품들을 한 곳에서 만나볼 수 있는 곳으로, 최신 트렌드를 반영한 제품들을 선보이고 있습니다. 특히 명동본점은 올리브영의 대표 매장 중 하나로, 다양한 브랜드와 제품을 경험할 수 있는 공간과 고객들을 위한 편의시설도 잘 갖춰져 있습니다. 쇼핑과 관광의 중심지인 명동에 위치하여 언제든지 방문하기 좋은 곳으로, 최신 뷰티 트렌드를 경험하고 싶은 분이나 다양한 라이프스타일 제품을 한 번에 만나보고 싶은 분들에게 추천합니다.', '장소명: 네이처컬렉션 광화문\n내용: 네이처컬렉션 광화물은 서울 종로구에 위치한 자연 친화적인 코스메틱 브랜드의 매장입니다. 이곳은 다양한 피부 타입에 맞춘 스킨케어 제품과 자연 유래 성분을 담은 메이크업 제품들을 만나볼 수 있는 공간입니다. 특히, 환경 보호에 신경 쓰는 사람이나 자연주의 제품을 선호하는 고객들에게 추천드립니다. 사용자들이 기분 전환이나 자기 관리 루틴 확장을 위해 방문하기에 적합한 장소입니다. 또한, 광화문 일대를 방문하는 관광객이나 현지인들이 쇼핑과 휴식을 동시에 즐길 수 있는 장소로 자리매김하고 있습니다.', '장소명: 네이처리퍼블릭 (명동월드점)\n내용: 네이처리퍼블릭 명동월드점은 명동의 중심에 위치한 인기 있는 화장품 매장입니다. 이곳은 다양한 피부 타입과 관심사에 맞춘 고품질의 화장품과 스킨케어 제품을 제공합니다. 특히, 자연에서 영감을 얻은 제품들로 유명하며, 방문 고객들은 피부 관리에 대한 전문적인 상담과 함께 제품을 체험할 수 있습니다. 네이처리퍼블릭 명동월드점은 최신 화장품 트렌드를 경험하고 싶은 분, 자연 친화적인 제품을 찾고 있는 분, 피부 관리에 대한 전문적인 조언을 구하고 싶은 분들에게 추천합니다.', '장소명: 올리브영 충무로역\n내용: 올리브영 충무로역은 서울특별시 중구 필동 2가에 위치한 인기 있는 뷰티 및 헬스 제품 전문점입니다. 메이크업, 스킨케어, 헤어케어, 건강기능식품 등 다양한 상품을 만나볼 수 있습니다. 특히, 최신 트렌드를 반영한 제품들을 빠르게 접할 수 있어 패션과 뷰티에 관심이 많은 사람들에게 인기가 많습니다. 만약 새로운 화장품을 찾고 있거나, 건강기능식품을 구매하고자 하는 상황이라면, 올리브영 충무로역을 방문해보세요. 또한, 상시모집 중인 아르바이트에도 관심이 있다면, 올리실 수 있는 기회를 잡을 수 있을 것입니다.', ""장소명: 찰스앤키스 눈스퀘어\n내용: **명동의 새로운 패션·엔터테인먼트 복합공간, 찰스앤키스 눈스퀘어**  \n찰스앤키스 눈스퀘어는 패션, 식음료, 엔터테인먼트가 한데 어우러진 명동의 대표 복합 문화공간으로, 흰 결정체를 형상화한 모던한 디자인과 편의성이 돋보이는 쇼핑 명소입니다.  \n\n### 주요 볼거리 & 특징  \n눈스퀘어는 한국 최초로 외부 에스컬레이터를 도입해 접근성을 극대화했으며, 국내외 다양한 패션 브랜드부터 CGV 영화관, 카페까지 한곳에서 즐길 수 있는 것이 특징입니다. 특히 지하 2층에는 한양문고&카페가 위치해 쇼핑 후 편안하게 책을 읽거나 휴식할 수 있습니다. 최근 오픈한 ZARA 플래그십 스토어와 한국 독점 '자카페(ZARA Cafe)'는 감각적인 인테리어와 독특한 쇼핑 경험을 선사하며 방문객들의 발길을 사로잡습니다.  \n\n패션 섹션은 실용성과 트렌드를 겸비한 카테고리로 구성되어 있으며, F&B 존에서는 간편하게 즐길 수 있는 글로벌 패스트푸드와 현지 맛집을 함께 만날 수 있습니다. 영화관은 최신 상영작과 편안한 관람 환경을 제공해 쇼핑과 문화생활을 동시에 즐기기에 이상적입니다.  \n\n### 방문객을 위한 팁  \n- **플래그십 스토어 체험**: ZARA 플래그십 스토어는 단순한 매장이 아닌 공간 자체가 예술품으로, 컬렉션마다 특별 섹션이 마련되어 있으니 천천히 둘러보시길 추천합니다.  \n- **자카페 활용**: 한국에서만 만날 수 있는 ZARA의 카페는 커피와 디저트를 즐기며 쇼핑 피로를 풀기에 좋습니다.  \n- **지하 2층 서점**: 한양문고&카페에서 조용히 책을 읽거나 기념품용 책을 고르는 것도 특별한 경험이 될 것입니다.  \n\n눈스퀘어는 명동의 번화가에 위치하지만, 외부 에스컬레이터와 깔끔한 내부 설계로 오히려 여유로운 분위기입니다. 패션, 문화, 휴식을 한곳에서 누리고 싶다면 반드시 방문해 보세요!"", '장소명: 마루이홈\n내용: **마루이홈은 서울 중심부에 위치한 트렌디한 라이프스타일 편집매장으로, 일본과 글로벌 패션·라이프스타일 브랜드를 한자리에서 경험할 수 있는 공간입니다.**  \n\n현대시티타워 12층에 자리 잡은 마루이홈은 도심 속에서 특별한 쇼핑과 휴식을 동시에 즐길 수 있는 복합 문화 공간입니다. 이곳은 단순히 제품을 판매하는 매장이 아니라, 감각적인 인테리어 디자인과 함께 편안하게 공간을 탐방하며 쇼핑을 즐길 수 있도록 구성되어 있습니다. 특히 일본 내 인기 있는 브랜드의 한정판 제품이나 한국에서 쉽게 접하기 어려운 독특한 아이템을 만날 수 있어 패션과 라이프스타일 애호가들의 발길이 끊이지 않습니다.  \n\n주요 볼거리로는 각 브랜드의 핵심 제품을 체계적으로 전시한 테마 존과, 계절별 기획 전시를 통해 선보이는 한정 컬렉션이 있습니다. 또한 매장 내부에는 카페와 휴식 공간이 마련되어 있어 쇼핑 중 잠시 여유를 즐기기에도 좋습니다. 마루이홈은 단순히 물건을 사는 공간을 넘어, 트렌디한 아이템을 발견하고 일상의 영감을 얻을 수 있는 문화적 경험을 제공합니다.  \n\n방문객을 위한 팁으로는, 평일 오후나 주말 오전에 방문하면 비교적 한적하게 쇼핑을 즐길 수 있다는 점을 추천합니다. 또한 매장 내 브랜드별로 할인 이벤트나 팝업 전시가 자주 열리니, 방문 전 공식 홈페이지나 SNS를 확인해 보는 것이 좋습니다. 트렌드에 민감한 제품이나 한정판은 조기 품절될 수 있으니, 관심 있는 아이템이 있다면 미리 체크한 후 방문하는 것을 권장합니다.  \n\n마루이홈은 독특한 쇼핑 경험과 함께 일상의 특별함을 찾고자 하는 분들에게 강력히 추천하는 곳입니다. 도심 속에서 새로운 스타일을 발견하고, 여유로운 시간을 보내기에 완벽한 장소입니다.', '장소명: 오휘&후스파 명동\n내용: 오휘스파 명동점은 최첨단 스파기술과 서비스, 한국의 대표 프리미엄 코스메틱 브랜드인 LG 오휘(O HUI), 후(whoo), 숨(SU:M) 제품으로 미용 관리를 받을 수 있는 스파 매장이다.강남 논현동에서 외국인 가장 많이 찾는 핫 플레이스 명동으로 이전하여 고급스러운 분위기에서 힐링할 수 있고, 다양한 프리미엄 라이프스타일을 누릴 수 있는 공간이다. 모든 관리 전, 전문테라피스트와 컨설팅을 통해 1:1 맞춤케어를 진행하여 차별화된 서비스를 받을 수 있다. 사전 예약제로 운영되며 고객이 자신의 일정에 맞춰 관리 시간을 잡은 뒤, 예약일자에 편하게 방문하면 된다. 얼굴 피부 관리뿐만 아니라 헤드 마사지, 결혼 전 웨딩 관리, 복부 관리, 가슴 관리, 산전 산후 관리 등 다양한 서비스를 제공한다.', ""장소명: 디올 신세계 본점 1층\n내용: **디올 신세계 본점 1층은 프랑스 명품 브랜드 디올이 복층 구조로 선보인 럭셔리 플래그십 매장으로, 세련된 디자인과 프라이빗한 쇼핑 경험을 제공하는 명품 문화의 중심지입니다.**  \n\n신세계백화점 본점 1층에 위치한 디올 매장은 기존 소규모 부틱에서 벗어나 공간감과 프라이버시를 강조한 공간으로 재탄생했습니다. 복층 구조로 설계된 매장은 디올의 아이코닉한 패션, 액세서리, 메이크업 제품을 한눈에 감상할 수 있는 세련된 전시장으로, 각 층마다 브랜드의 정체성을 반영한 디자인 요소가 돋보입니다. 특히 리뉴얼 후 프라이빗 룸과 맞춤 서비스 공간을 도입해 고객 맞춤형 쇼핑이 가능해졌으며, 롤렉스와 같은 명품 브랜드의 공식 판매점과 함께 고급스러운 쇼핑 경험을 선사합니다.  \n\n매장 내부에는 디올의 클래식한 레드 앤 블랙 컬러와 모던한 조명이 조화를 이루며, 계절별 컬렉션과 한정판 제품을 전시하는 공간이 마련되어 있습니다. 방문객은 매장 직원이 추천하는 시그니처 향수(예: 미스 디올) 시향이나 메이크업 아티스트의 제품 체험도 즐길 수 있어, 단순한 쇼핑을 넘어 브랜드 철학을 체감할 수 있는 특별한 시간을 보낼 수 있습니다.  \n\n**방문 팁:** 신세계백화점 본점은 오전 10시 30분부터 영업하며, 지하철 4호선 회현역에서 지하보도로 직결되어 접근성이 좋습니다. 매장 내 프라이빗 서비스나 제품 시연을 원할 경우 미리 예약하는 것을 추천합니다. 디올의 한정판 아이템이나 시즌 컬렉션을 확인하고 싶다면 오픈 직후 방문을 권장합니다. 세련된 패키징과 브랜드의 상징적인 '카농 플라워' 디자인 요소를 감상하며, 특별한 순간을 기록해 보세요."", '장소명: 올리브영 종로YBM\n내용: 올리브영 종로YBM은 한국 최대의 헬스앤뷰티 스토어로, 전국에 약 1,300개 이상의 매장을 운영하는 유명한 곳입니다. 특히 서울의 성동구에 위치한 올리브영N 성수는 K뷰티의 1번지로 꼽히며, 누적 방문객 수가 250만 명을 돌파한 인기 명소입니다. 이곳에서는 AI를 활용한 피부 및 두피 스캔과 컨설팅 서비스를 제공하여 방문객들에게 큰 인기를 얻고 있습니다. 올리브영 종로YBM은 최신 뷰티 트렌드와 다양한 제품을 경험하고 싶은 국내외 관광객들에게 추천하는 곳입니다.', ""장소명: 다미아니 신세계본점\n내용: 다미아니 신세계본점은 명품 신발 브랜드 '크록스'의 플래그십 스토어로, 서울의 중심가에 위치한 세련된 쇼핑 공간입니다.  \n\n이곳은 신세계백화점 건물 5층에 자리 잡고 있으며, 도심 속에서도 독특한 분위기를 자아내는 모던한 인테리어가 특징입니다. 다미아니 컬렉션은 이탈리아 장인 정신의 정수를 보여주는 프리미엄 신발 라인을 중심으로, 세련된 디자인과 기능적 디테일이 조화를 이룹니다. 특히 한정판 제품이나 시그니처 스타일을 직접 체험해볼 수 있는 공간으로, 패션에 관심 있는 방문객들에게 추천합니다.  \n\n매장 내부에는 제품을 편하게 신어볼 수 있는 편안한 피팅 존과 브랜드의 역사를 소개하는 전시 공간이 마련되어 있습니다. 직원들도 고객의 취향을 반영한 스타일링 조언을 제공하며, 선물 포장 서비스도 이용할 수 있습니다.  \n\n방문 전 공식 홈페이지나 신세계백화점 앱에서 할인 이벤트 여부를 확인하면 더욱 알뜰하게 쇼핑할 수 있습니다. 또한 근처에 카페와 편의시설이 많아 쇼핑 후 휴식을 취하기에도 좋습니다. 다미아니 신세계본점에서 나만의 스타일을 완성해보세요!  \n\n※ 참고: 정확한 운영 시간과 행사는 방문 전 매장에 직접 확인하는 것을 권장합니다."", '장소명: 프라다 롯데 본점\n내용: **프라다 롯데 본점: 서울에서 만나는 럭셔리 플래그십 스토어**  \n서울 중구 을지로 30에 위치한 프라다 롯데 본점은 이탈리아 명품 브랜드 프라다의 한국 대표 매장으로, 고급스러운 쇼핑 경험과 독보적인 디자인을 선사하는 공간입니다. 롯데백화점과 직접 연결되어 접근성이 뛰어나며, 국내외 패션 열풍을 주도하는 트렌디한 아이템부터 클래식한 시그니처 제품까지 다양하게 만나볼 수 있습니다.  \n\n### **볼거리와 체험**  \n1. **프리미엄 쇼핑 공간**  \n   매장 내부에는 프라다의 아이코닉한 삼각형 로고와 미니멀한 디자인이 반영된 세련된 인테리어가 눈길을 끕니다. 특히 한정판 컬렉션과 계절별 신제품이 전시되며, 패션 피스부터 액세서리, 향수까지 브랜드의 정수를 경험할 수 있습니다.  \n\n2. **럭셔리 라이프스타일 제안**  \n   프라다만의 감성이 담긴 패션 아이템뿐만 아니라, 일상에서 활용할 수 있는 소품과 생활용품도 선보입니다. 매장 직원의 전문적인 스타일링 조언을 받으며 개인 맞춤형 쇼핑이 가능합니다.  \n\n3. **역사 문화와의 조화**  \n   을지로 일대는 전통 인쇄 골목과 현대적 감각이 공존하는 ‘힙지로’로 유명합니다. 쇼핑 후 주변의 감성 카페나 공방 거리에서 독특한 디자인의 소품이나 핸드메이드 제품을 구경하며 지역 문화를 체험해 보세요.  \n\n### **방문 팁**  \n- **롯데백화점과의 연계 활용**: 백화점 내 다양한 F&B 매장에서 휴식을 취하거나, 주변 을지로의 맛집에서 현지 음식(예: 을지로 골목식당의 빈대떡)을 즐기면 좋습니다.  \n- **특별 이벤트 체크**: 시즌별로 진행되는 프라다의 팝업 전시나 프로모션 정보를 미리 확인하면 특별한 경험을 할 수 있습니다.  \n- **편의 시설**: 매장 내 전용 주차장과 라운지 공간이 마련되어 있으며, VIP 고객은 프라이빗 서비스를 요청 가능합니다.  \n\n프라다 롯데 본점은 단순한 매장을 넘어 럭셔리 패션의 정수를 느끼고 싶은 분들에게 추천하는 장소입니다. 쇼핑과 문화 체험을 동시에 즐기며, 서울의 유행을 선도하는 트렌디한 여정을 시작해 보세요!', ""장소명: 제이에스티나 롯데 본점\n내용: **제이에스티나 롯데 본점은 명품 주얼리 브랜드의 플래그십 스토어로, 롯데백화점 본점 내에 위치해 세련된 디자인과 고급스러운 쇼핑 경험을 선사하는 공간입니다.**  \n\n이곳은 이탈리아 명품 주얼리 브랜드 '제이에스티나(J.ESTINA)'의 대표적 매장으로, 롯데백화점 본점의 10층에 자리잡고 있습니다. 1993년 밀라노에서 탄생한 이 브랜드는 로맨틱한 디자인과 정교한 공예 기술로 전 세계 여성들의 사랑을 받고 있으며, 특히 '하트커터' 컬렉션은 상징적이면서도 실용적인 디자인으로 유명합니다. 매장 내부에는 화이트와 골드 톤이 조화된 우아한 인테리어가 연출되어 마치 이탈리아 부티크에 온 듯한 분위기를 느낄 수 있습니다.  \n\n제이에스티나는 자연 모티프와 로맨틱한 스토리를 담은 주얼리로 차별화됩니다. 러브 스토리와 신화를 모티브로 한 목걸이, 귀걸이, 반지 등은 데일리 아이템으로도 어울리며 특별한 날 선물하기에도 적합합니다. 또한, 고객 맞춤형 서비스인 '인그레이빙'을 통해 이름이나 메시지를 각인할 수 있어 의미를 더한 제품을 소장할 수 있습니다.  \n\n방문객을 위한 팁으로는, 백화점 내 주차장과 편의시설을 미리 확인하고 주말에는 혼잡할 수 있으니 평일 오전 시간대를 추천합니다. 특히 세일이나 멤버십 이벤트 기간에는 할인 혜택을 누릴 수 있으니 공식 홈페이지나 롯데백화점 앱으로 미리 확인하는 것이 좋습니다.  \n\n제이에스티나 롯데 본점은 단순한 쇼핑 공간을 넘어, 아름다운 디자인과 세심한 서비스가 어우러진 특별한 경험을 선사하는 장소입니다. 소중한 사람이나 자신에게 특별한 순간을 선물하고 싶다면 이곳을 방문해 보세요."", '장소명: 벨루티 신세계 본점\n내용: 벨루티 신세계 본점은 명품 브랜드 벨루티의 한국 공식 매장 중 하나로, 신세계백화점 본점 신관 6층에 위치한 럭셔리 쇼핑 공간이다.  \n\n이곳은 이탈리아 명품 브랜드 벨루티의 대표 제품을 한눈에 감상할 수 있는 곳으로, 가죽 공예 기술이 집약된 가방, 신발, 액세서리 등이 전시되어 있다. 특히 벨루티만의 독특한 컬러 조합과 세심한 디테일은 방문객에게 세련된 브랜드 철학을 전달한다. 매장 내부는 우아한 인테리어로 꾸며져 쇼핑과 동시에 여유로운 분위기를 즐길 수 있다.  \n\n벨루티는 19세기 이탈리아에서 시작된 역사를 가진 브랜드로, 전통적인 장인 정신과 현대적인 디자인이 조화를 이룬다. 신세계 본점 매장에서는 시즌별 신제품부터 한정판까지 다양한 라인을 경험할 수 있으며, 전문 스타일리스트의 친절한 상담 서비스도 제공된다. 특히 크리스마스 시즌에는 백화점 외벽과 매장 내 크리스마스 장식이 어우러져 더욱 화려한 분위기를 연출한다.  \n\n방문객을 위한 팁으로는 평일 오후 시간대를 추천하는데, 비교적 한산한 분위기에서 여유롭게 제품을 감상할 수 있다. 또한 신세계백화점 내 다양한 식음료점과 연계하여 쇼핑 후 휴식을 취하는 것도 좋다. 명품 쇼핑을 계획한다면 벨루티 신세계 본점에서 이탈리아 장인정신의 정수를 경험해 보시길.', '장소명: SI 크롬하츠 신세계본점\n내용: SI 크롬하츠 신세계본점은 서울 중구에 위치한 럭셔리 주얼리 브랜드 매장으로, 세련된 디자인과 고급스러운 분위기에서의 특별한 쇼핑 경험을 선사하는 공간입니다.  \n\n이 매장은 신세계백화점 본점 신관 5층에 자리 잡고 있으며, 1930년대 건축된 역사적인 백화점 내부에 현대적 감각을 더한 인테리어가 조화를 이룹니다. SI 크롬하츠만의 유니크한 주얼리 라인업을 만나볼 수 있는 이곳은 단순한 매장을 넘어 예술적 감각을 자극하는 공간으로, 골드·실버 액세서리부터 한정판 컬렉션까지 다양한 작품을 직접 체험하고 구매할 수 있습니다. 특히 브랜드의 시그니처인 미니멀리스트 디자인과 대담한 실루엣이 어우러진 아이템들이 눈길을 끕니다.  \n\n방문객을 위한 편의 시설도 잘 갖춰져 있습니다. 백화점 내 무료 주차 서비스(3시간 기준)를 이용할 수 있으며, 평일 오전 9시부터 오후 6시까지 운영되어 여유롭게 쇼핑을 즐기기에 적합합니다. 매장 내부에는 제품의 역사와 디자인 철학을 소개하는 디스플레이 공간이 마련되어 있어, 단순한 구매보다는 브랜드 스토리를 이해하며 쇼핑할 수 있는 것이 특징입니다.  \n\n추천 팁으로는 평일 오후를 이용하면 인파가 적어 한적한 분위기에서 쇼핑하기 좋다는 점입니다. 또한, 백화점 내 다른 명품 매장과 함께 방문한다면 패션 코디네이션에 영감을 얻을 수 있을 것입니다. SI 크롬하츠 신세계본점은 단순한 주얼리 매장을 넘어, 일상의 특별함을 더해주는 경험을 선사하는 공간입니다.', '장소명: 불가리안경\n내용: 불가리안경은 서울의 중심가에 위치한 독특한 안경 전문점으로, 1950년대부터 이어온 역사와 전통을 바탕으로 고객 맞춤 서비스를 제공하는 곳입니다. 서울특별시 중구 소월로 3에 자리한 이 매장은 단순한 안경 판매를 넘어 개인의 얼굴 형태와 라이프스타일을 고려한 세심한 피팅으로 유명합니다.  \n\n불가리안경의 가장 큰 특징은 숙련된 안경사가 직접 고객의 얼굴 구조를 분석해 최적의 프레임을 추천한다는 점입니다. 70년 이상의 노하우를 바탕으로 한 전통적인 제작 방식부터 현대 기술을 접목한 디지털 검사까지, 다양한 서비스를 경험할 수 있습니다. 특히, 매장 내부에는 시대별 안경 변천사를 보여주는 사진 자료와 빈티지 프레임 전시 코너가 마련되어 있어 방문객들에게 흥미로운 볼거리를 제공합니다.  \n\n체험 요소로는 맞춤 렌즈 체험, 프레임 디자인 워크숍 등이 있으며, 예약제로 진행되는 특별 상담 서비스도 인기 있습니다. 또한, 매장에서는 한국 안경 문화의 역사를 소개하는 소책자를 배포하며, 고객들은 이를 통해 국내 안경 산업의 발전 과정을 알아볼 수 있습니다.  \n\n방문객들에게는 주말 오전 시간대를 추천하는데, 이때가 가장 한산하며 안경사와의 여유로운 상담이 가능하기 때문입니다. 계절에 따라 한정 판매되는 특별 컬렉션도 있으니, 방문 전 공식 홈페이지에서 이벤트를 확인하는 것이 좋습니다. 불가리안경은 단순한 쇼핑 공간이 아닌, 개인의 스타일을 완성하는 문화 공간으로 기억될 것입니다.', ""장소명: FR광화문점(금강_프리스비)\n내용: **FR광화문점(금강_프리스비)은 현대적 감각을 담은 전자제품 및 라이프스타일 매장으로, 전통과 현대가 조화를 이루는 도심 속 문화 체험 공간입니다.**  \n\n이곳은 청계천로 8번지에 위치한 1층 매장으로, 전자제품과 다양한 소매 제품을 판매하며 세련된 인테리어와 편안한 분위기로 방문객의 눈길을 사로잡습니다. 특히 '프리스비' 브랜드의 독창적인 디자인 철학이 반영된 공간을 통해 단순한 쇼핑을 넘어 문화적 경험을 선사합니다. 매장 내부에는 실용성과 미학을 결합한 제품들이 전시되어 있어, 일상에서 활용할 수 있는 아이템을 발견하기에 적합합니다.  \n\n영업 시간은 오전 10시부터 오후 9시까지로, 명절(설날, 추석)을 제외하고는 연중무휴로 운영됩니다. 이는 바쁜 현대인들의 라이프스타일에 맞춘 편의성을 보여주는 특징입니다. 매장 내부에는 이용환급창구가 마련되어 있어, 편리한 쇼핑이 가능합니다.  \n\n방문객을 위한 팁으로는, 평일 오후나 주말 오전을 활용하면 비교적 한적한 분위기에서 제품을 관람할 수 있다는 점입니다. 또한, 매장 인근에는 전통과 현대가 공존하는 역사적·문화적 명소들이 많아 쇼핑 후 주변 탐방까지 연계하기 좋습니다. 현대적 감성과 실용적 디자인을 동시에 추구하는 분들에게 이곳을 적극 추천하며, 특별한 선물이나 일상을 빛낼 아이템을 찾는다면 방문해 보시길 바랍니다.  \n\n*※ 본 매장은 '금강_프리스비' 공식 홈페이지에서도 제품 정보와 온라인 서비스를 제공합니다.*"", '장소명: 보이런던 회현\n내용: 보이런던 회현은 서울특별시 중구에 위치한 패션 브랜드 매장입니다. 이 곳은 전통과 현대가 어우러진 공간으로, 패션에 관심이 많은 사람들이 최신 트렌드를 경험할 수 있는 곳입니다. 특히 보이런던의 유니크한 스타일과 디자인을 좋아하시는 분들이 방문하기에 좋은 장소입니다. 도시적인 분위기와 세련된 인테리어가 돋보이는 매장에서 다양한 의류와 액세서리를 만나보실 수 있습니다. 패션을 사랑하고 유니크한 스타일을 추구하는 분들이 최신 패션 트렌드를 경험하고 싶을 때 방문하면 좋은 곳입니다.', '장소명: 올리브영 명동본점\n내용: 올리브영 명동본점은 서울특별시 중구 명동길에 위치한 라이프스타일 체험형 드럭스토어입니다. 올리브영은 뷰티, 헬스, 퍼스널 케어 등 다양한 제품들을 한 곳에서 만나볼 수 있는 곳으로, 최신 트렌드를 반영한 제품들을 선보이고 있습니다. 특히 명동본점은 올리브영의 대표 매장 중 하나로, 다양한 브랜드와 제품을 경험할 수 있는 공간과 고객들을 위한 편의시설도 잘 갖춰져 있습니다. 쇼핑과 관광의 중심지인 명동에 위치하여 언제든지 방문하기 좋은 곳으로, 최신 뷰티 트렌드를 경험하고 싶은 분이나 다양한 라이프스타일 제품을 한 번에 만나보고 싶은 분들에게 추천합니다.', '장소명: 올리브영 명동대로\n내용: 올리브영 명동대로는 대한민국의 수도이자 문화, 인문, 정치, 경제 중심지인 서울특별시 명동대로에 위치한 올리브영 매장입니다. 이 곳은 최신 트렌드의 뷰티 제품과 헬스케어 제품을 만나볼 수 있는 대표적인 곳입니다. 서울특별시의 중심부인 명동에서 최신 뷰티 제품과 트렌드를 경험하고 싶은 분들이 방문하기에 적합합니다. 다양한 브랜드의 제품들을 한 자리에서 비교하고, 전문가의 피부 상담을 받을 수 있어 뷰티에 관심 있는 분들에게는 필수 방문지라고 할 수 있습니다.', '장소명: 올리브영 종로YBM\n내용: 올리브영 종로YBM은 한국 최대의 헬스앤뷰티 스토어로, 전국에 약 1,300개 이상의 매장을 운영하는 유명한 곳입니다. 특히 서울의 성동구에 위치한 올리브영N 성수는 K뷰티의 1번지로 꼽히며, 누적 방문객 수가 250만 명을 돌파한 인기 명소입니다. 이곳에서는 AI를 활용한 피부 및 두피 스캔과 컨설팅 서비스를 제공하여 방문객들에게 큰 인기를 얻고 있습니다. 올리브영 종로YBM은 최신 뷰티 트렌드와 다양한 제품을 경험하고 싶은 국내외 관광객들에게 추천하는 곳입니다.', '장소명: 마루이홈\n내용: **마루이홈은 서울 중심부에 위치한 트렌디한 라이프스타일 편집매장으로, 일본과 글로벌 패션·라이프스타일 브랜드를 한자리에서 경험할 수 있는 공간입니다.**  \n\n현대시티타워 12층에 자리 잡은 마루이홈은 도심 속에서 특별한 쇼핑과 휴식을 동시에 즐길 수 있는 복합 문화 공간입니다. 이곳은 단순히 제품을 판매하는 매장이 아니라, 감각적인 인테리어 디자인과 함께 편안하게 공간을 탐방하며 쇼핑을 즐길 수 있도록 구성되어 있습니다. 특히 일본 내 인기 있는 브랜드의 한정판 제품이나 한국에서 쉽게 접하기 어려운 독특한 아이템을 만날 수 있어 패션과 라이프스타일 애호가들의 발길이 끊이지 않습니다.  \n\n주요 볼거리로는 각 브랜드의 핵심 제품을 체계적으로 전시한 테마 존과, 계절별 기획 전시를 통해 선보이는 한정 컬렉션이 있습니다. 또한 매장 내부에는 카페와 휴식 공간이 마련되어 있어 쇼핑 중 잠시 여유를 즐기기에도 좋습니다. 마루이홈은 단순히 물건을 사는 공간을 넘어, 트렌디한 아이템을 발견하고 일상의 영감을 얻을 수 있는 문화적 경험을 제공합니다.  \n\n방문객을 위한 팁으로는, 평일 오후나 주말 오전에 방문하면 비교적 한적하게 쇼핑을 즐길 수 있다는 점을 추천합니다. 또한 매장 내 브랜드별로 할인 이벤트나 팝업 전시가 자주 열리니, 방문 전 공식 홈페이지나 SNS를 확인해 보는 것이 좋습니다. 트렌드에 민감한 제품이나 한정판은 조기 품절될 수 있으니, 관심 있는 아이템이 있다면 미리 체크한 후 방문하는 것을 권장합니다.  \n\n마루이홈은 독특한 쇼핑 경험과 함께 일상의 특별함을 찾고자 하는 분들에게 강력히 추천하는 곳입니다. 도심 속에서 새로운 스타일을 발견하고, 여유로운 시간을 보내기에 완벽한 장소입니다.', '장소명: 서울뷰티위크\n내용: 서울뷰티위크는 대한민국 수도 서울의 대표적인 뷰티 행사입니다. 이번 가을, 서울에서 열리는 이 행사는 단순한 박람회가 아닌 뷰티 산업의 미래를 내다볼 수 있는 특별한 축제입니다. K-뷰티의 최신 트렌드를 경험하고, 글로벌 뷰티 트렌드를 이끄는 산업의 현주소를 체험할 수 있습니다. 이곳에서 산업계 전문가들과의 교류를 통해 비즈니스 기회를 넓힐 수도 있습니다. 뷰티에 관심 있는 사람들이라면 누구나 방문해 볼 만한 가치가 있는 행사이며, K-뷰티에 관심이 많은 분들이나 뷰티 업계 종사자들에게 더욱 추천하고 싶은 행사입니다.', '장소명: 네이처리퍼블릭 (명동월드점)\n내용: 네이처리퍼블릭 명동월드점은 명동의 중심에 위치한 인기 있는 화장품 매장입니다. 이곳은 다양한 피부 타입과 관심사에 맞춘 고품질의 화장품과 스킨케어 제품을 제공합니다. 특히, 자연에서 영감을 얻은 제품들로 유명하며, 방문 고객들은 피부 관리에 대한 전문적인 상담과 함께 제품을 체험할 수 있습니다. 네이처리퍼블릭 명동월드점은 최신 화장품 트렌드를 경험하고 싶은 분, 자연 친화적인 제품을 찾고 있는 분, 피부 관리에 대한 전문적인 조언을 구하고 싶은 분들에게 추천합니다.', '장소명: 펜디 신세계 본점2층\n내용: 펜디 신세계 본점 2층은 서울특별시 중구에 위치한 신세계백화점 본점 2층에 자리한 명품 브랜드 매장으로, 트렌디하고 고급스러운 제품들을 만날 수 있습니다. 패션에 관심이 많은 분들이 최신 의류를 구경하고 구매하기에 적합한 장소입니다. 럭셔리한 분위기 속에서 쇼핑을 즐기고 싶은 분들이나 특별한 날을 위한 선물을 찾고 있는 분들에게 추천합니다. 동시에, 백화점 내에 다양한 브랜드들이 함께 위치해 있어 한 자리에서 여러 브랜드의 제품들을 비교하며 구매할 수 있는 편리함을 제공합니다.', '장소명: 한섬 타미힐피거 명동\n내용: 한섬 타미힐피거 명동은 고급스러운 패션 아이템을 만날 수 있는 서울 명동 중심의 프리미엄 브랜드 매장입니다.  \n\n이곳은 타미힐피거의 클래식한 아메리칸 캐주얼과 한섬의 세련된 디자인이 조화를 이룬 공간입니다. 명품 의류와 액세서리부터 캐주얼한 데일리 웨어까지 다양한 라인을 한자리에서 살펴볼 수 있으며, 특히 한정판 컬렉션과 시즌별 트렌드 아이템이 방문객의 눈길을 사로잡습니다. 매장은 모던한 인테리어로 꾸며져 쇼핑하는 내내 고급스러운 분위기를 느낄 수 있습니다.  \n\n타미힐피거는 1985년 뉴욕에서 탄생한 글로벌 브랜드로, 캐주얼과 포멀의 경계를 넘나드는 유려한 디자인으로 유명합니다. 한섬은 국내 대표 패션 그룹으로, 타미힐피거와의 협업을 통해 한국 고객의 취향에 맞는 제품을 선보이고 있습니다. 명동 매장에서는 해외 직구 없이 국내에서 바로 만나볼 수 있는 독점 상품과 특별한 행사 혜택도 제공됩니다.  \n\n방문객을 위한 팁으로는, 신규 회원 가입 시 마일리지를 적립할 수 있는 프로모션에 주목해 보세요. 또한, 매장 직원의 스타일링 추천을 받으면 자신에게 맞는 코디를 찾기 수월합니다. 주말이나 공휴일에는 혼잡할 수 있으니 평일 오후 시간대를 추천합니다.  \n\n명동에서의 쇼핑 여정을 특별하게 만들고 싶다면, 한섬 타미힐피거 명동에서 세련된 라이프스타일을 경험해 보세요.', ""장소명: (주)LF(명동헤지스종합)\n내용: **명동 헤지스 플래그십 스토어: 패션과 도시의 만남**  \n\n명동 헤지스 플래그십 스토어는 한국 대표 캐주얼 브랜드인 헤지스의 핵심 가치를 체험할 수 있는 공간으로, 세련된 디자인과 트렌디한 라이프스타일을 제안하는 패션 핫플레이스입니다.  \n\n이곳은 헤지스의 역사와 철학을 한눈에 볼 수 있는 전시 공간부터 최신 컬렉션을 한눈에 확인할 수 있는 매장까지 구성되어 있습니다. 특히 브랜드의 아이코닉한 아이템인 '헤지스 팬츠'를 비롯한 다양한 의류와 액세서리를 직접 체험하며 쇼핑할 수 있어 패션 애호가들이 꼭 방문해야 할 장소로 꼽힙니다. 매장 내부는 모던하면서도 편안한 분위기로 꾸며져 있어 쇼핑뿐만 아니라 친구와 대화를 나누거나 잠깐의 휴식을 취하기에도 좋습니다.  \n\n명동 헤지스 플래그십 스토어는 서울 중심부에 위치해 접근성이 뛰어나며, 근처에는 명동 쇼핑거리와 남산 타워가 있어 패션 탐방 후 주변 명소를 함께 즐기기 좋습니다. 매장 주변에는 다양한 카페와 맛집도 밀집해 있어 쇼핑 후 여유로운 시간을 보내기에도 적합합니다.  \n\n방문객을 위한 팁: 매장에서는 헤지스의 시그니처 아이템을 합리적인 가격에 구매할 수 있는 프로모션을 자주 진행하니, 공식 SNS를 미리 확인하면 좋습니다. 또한, 매장 직원들이 스타일링 조언을 친절하게 제공하므로 패션 고민이 있다면 적극 활용해 보시길 추천합니다.  \n\n명동 헤지스 플래그십 스토어는 단순한 쇼핑을 넘어 브랜드의 철학과 한국의 현대적 감각을 동시에 경험할 수 있는 공간입니다. 패션을 사랑하는 여행자라면 놓치지 말아야 할 명동 쇼핑의 필수 코스입니다."", '장소명: B the B\n내용: 동대문역사문화공원과 DDP, 주변 동대문 시장과 연결되어 있는 콘텐츠 허브 공간 B the B는 서울의 뷰티 기업과 시민들이 가깝게 소통할 수 있는 공간이자, 도심 속 자연에서 휴식을 즐길 수 있는 크리에이티브 라운지이다. 서울 뷰티 대표 기업들의 브랜드 쇼룸 및 트렌드 컨셉에 맞는 제품 큐레이션 기획 전시, 혁신 기술 결합형 제품 체험 등 다양한 콘텐츠를 무료로 감상할 수 있다. 또한 숲속 휴양림을 연상하는 힐링 공간에서 뷰티 관련 콘텐츠와 정보를 접할 수 있는 시즌별 이벤트가 수시로 전개된다.', '장소명: 올리브영 종로1가\n내용: **올리브영 종로1가점은 서울 도심 속에서 편리하게 뷰티 & 헬스 제품을 만날 수 있는 대표 매장으로, 르메이에르종로타운 1층 한가운데 자리한 쇼핑 핫플레이스입니다.**  \n\n이 매장은 화장품, 스킨케어, 헤어용품부터 간편한 건강 간식까지 다양한 제품을 한자리에서 만나볼 수 있는 공간입니다. 특히 도심 접근성이 뛰어나 출퇴근길이나 점심시간에도 부담 없이 들러 필요한 제품을 골라볼 수 있죠. 르메이에르종로타운의 현대적 건물 구조 속에 위치해 깔끔한 인테리어와 체계적인 코너 구성이 특징이며, 신제품 체험 존이나 계절별 테마 기획전도 종종 열려 쇼핑의 재미를 더합니다.  \n\n주변에는 광화문 광장과 세종문화회관이 가까워 문화 탐방 후 잠시 들러 쇼핑하기에도 좋습니다. 또한 인근에 위치한 카페나 베이커리에서 음료와 디저트를 즐기며 휴식할 수 있어, 도심 여행의 중간 기착지 역할을 톡톡히 해냅니다.  \n\n**방문객을 위한 꿀팁**을 드리자면, 평일에는 비교적 한산한 오후 2~4시 사이에 방문하면 여유롭게 쇼핑할 수 있습니다. 신제품 출시일이나 세일 기간에는 할인 혜택을 꼭 확인해 보세요. 특히 화장품 샘플이나 증정품을 적극 활용하면 알뜰한 쇼핑이 가능합니다. 도심 속 작은 오아시스처럼 편안하게 들러보세요!', '장소명: 네이처컬렉션 광화문\n내용: 네이처컬렉션 광화물은 서울 종로구에 위치한 자연 친화적인 코스메틱 브랜드의 매장입니다. 이곳은 다양한 피부 타입에 맞춘 스킨케어 제품과 자연 유래 성분을 담은 메이크업 제품들을 만나볼 수 있는 공간입니다. 특히, 환경 보호에 신경 쓰는 사람이나 자연주의 제품을 선호하는 고객들에게 추천드립니다. 사용자들이 기분 전환이나 자기 관리 루틴 확장을 위해 방문하기에 적합한 장소입니다. 또한, 광화문 일대를 방문하는 관광객이나 현지인들이 쇼핑과 휴식을 동시에 즐길 수 있는 장소로 자리매김하고 있습니다.', ""장소명: 퍼니컷\n내용: **퍼니컷(Funny Cut)**은 서울 중구에 위치한 독특한 컨셉의 헤어 샵으로, 단순한 미용 서비스를 넘어 개성 넘치는 스타일과 창의적인 체험을 제공하는 공간입니다.  \n\n**주요 볼거리와 특징**  \n퍼니컷은 전통적인 헤어 디자인에 현대적인 감각을 더해 방문객에게 색다른 경험을 선사합니다. 먼저, 샵 내부는 트렌디한 인테리어와 예술적 소품으로 꾸며져 사진 찍기 좋은 핫스팟으로 인기가 높습니다. 디자이너들은 다양한 헤어스타일링 기술을 바탕으로 고객의 개성과 취향에 맞춘 맞춤형 서비스를 제공하며, 특히 캐릭터를 연상시키는 독특한 커트나 컬러링으로 SNS에서도 화제입니다.  \n\n역사적 배경은 부족하지만, 퍼니컷은 지역 내에서 젊은 층을 중심으로 빠르게 입소문을 타며 현대적 감성의 문화 공간으로 자리 잡았습니다. 체험 요소로는 '캐릭터 헤어 스타일링'과 '컬러 트렌드 워크숍'이 있는데, 이는 단순한 미용 서비스를 넘어 예술과 패션을 결합한 창의적인 활동입니다. 또한, 샵 내부에는 방문객을 위한 포토존과 소규모 전시 공간이 마련되어 있어, 헤어디자인의 예술적 가치를 느낄 수 있습니다.  \n\n**방문객을 위한 팁**  \n퍼니컷을 방문할 때는 사전 예약을 통해 원하는 디자이너와 스타일을 미리 조율하는 것이 좋습니다. 특히 주말에는 방문객이 많을 수 있으니 평일 오후 시간대를 추천합니다. 인스타그램에서 최신 트렌드를 확인하고 방문하면 더 풍부한 경험을 할 수 있습니다.  \n\n마지막으로, 퍼니컷은 단순한 미용실보다는 '자기 표현의 장'으로 즐기는 것이 핵심입니다. 평소 시도하지 못했던 과감한 스타일이나 캐릭터를 연상시키는 디자인을 도전해 보세요. 일상의 경계를 넘어 개성과 창의성을 발견할 수 있는 특별한 시간을 선사할 것입니다."", '장소명: 하이엔드코리아 안국\n내용: **하이엔드코리아 안국: 전통과 현대의 조화가 느껴지는 인사동의 특별한 공간**  \n하이엔드코리아 안국은 서울 종로구 인사동길 62-5 1층에 자리한 독특한 컨셉의 문화 복합 공간으로, 한국 전통 미학과 현대적 감각을 결합한 체험을 제공하는 곳입니다.  \n\n**주요 볼거리와 체험 요소**  \n이곳은 인사동의 역사적 분위기를 간직한 동시에 세련된 디자인으로 꾸며진 공간으로, 방문객들은 한국 전통 공예품과 현대 예술을 함께 감상할 수 있습니다. 특히, 한옥과 모던 인테리어가 어우러진 1층 공간에서는 지역 장인들이 만든 핸드메이드 작품이나 한정판 디자인 제품 등을 만나볼 수 있습니다. 체험 프로그램으로는 전통 문양을 활용한 액세서리 만들기, 한지 공예 워크숍 등이 진행되며, 초보자도 쉽게 참여할 수 있도록 구성되어 있습니다.  \n\n**역사적 배경과 분위기**  \n인사동은 과거부터 한국의 전통 문화와 예술이 살아 숨쉬는 동네로 알려져 있습니다. 하이엔드코리아 안국은 이러한 인사동의 정신을 이어받아 현대적 해석으로 재탄생시킨 공간입니다. 주변의 오래된 골목과 갤러리, 전통 찻집들과 어우러져 독특한 문화적 경험을 선사합니다.  \n\n**방문객을 위한 팁**  \n- 체험 프로그램은 사전 예약이 필수이며, 주말에는 인원이 많을 수 있으니 평일 방문을 추천합니다.  \n- 인사동 일대에는 다양한 갤러리와 카페가 밀집해 있어, 하이엔드코리아 안국 방문 후 주변 탐방을 즐기면 좋습니다.  \n- 공간 규모가 크지 않으므로 1~2시간 정도의 관람 시간을 계획하시면 적당합니다.  \n\n하이엔드코리아 안국은 단순한 쇼핑 공간을 넘어 한국 문화의 깊이를 체험할 수 있는 곳입니다. 전통과 현대의 조화를 느끼며, 특별한 추억을 만들기에 더할 나위 없는 장소입니다.', ""장소명: 찰스앤키스 눈스퀘어\n내용: **명동의 새로운 패션·엔터테인먼트 복합공간, 찰스앤키스 눈스퀘어**  \n찰스앤키스 눈스퀘어는 패션, 식음료, 엔터테인먼트가 한데 어우러진 명동의 대표 복합 문화공간으로, 흰 결정체를 형상화한 모던한 디자인과 편의성이 돋보이는 쇼핑 명소입니다.  \n\n### 주요 볼거리 & 특징  \n눈스퀘어는 한국 최초로 외부 에스컬레이터를 도입해 접근성을 극대화했으며, 국내외 다양한 패션 브랜드부터 CGV 영화관, 카페까지 한곳에서 즐길 수 있는 것이 특징입니다. 특히 지하 2층에는 한양문고&카페가 위치해 쇼핑 후 편안하게 책을 읽거나 휴식할 수 있습니다. 최근 오픈한 ZARA 플래그십 스토어와 한국 독점 '자카페(ZARA Cafe)'는 감각적인 인테리어와 독특한 쇼핑 경험을 선사하며 방문객들의 발길을 사로잡습니다.  \n\n패션 섹션은 실용성과 트렌드를 겸비한 카테고리로 구성되어 있으며, F&B 존에서는 간편하게 즐길 수 있는 글로벌 패스트푸드와 현지 맛집을 함께 만날 수 있습니다. 영화관은 최신 상영작과 편안한 관람 환경을 제공해 쇼핑과 문화생활을 동시에 즐기기에 이상적입니다.  \n\n### 방문객을 위한 팁  \n- **플래그십 스토어 체험**: ZARA 플래그십 스토어는 단순한 매장이 아닌 공간 자체가 예술품으로, 컬렉션마다 특별 섹션이 마련되어 있으니 천천히 둘러보시길 추천합니다.  \n- **자카페 활용**: 한국에서만 만날 수 있는 ZARA의 카페는 커피와 디저트를 즐기며 쇼핑 피로를 풀기에 좋습니다.  \n- **지하 2층 서점**: 한양문고&카페에서 조용히 책을 읽거나 기념품용 책을 고르는 것도 특별한 경험이 될 것입니다.  \n\n눈스퀘어는 명동의 번화가에 위치하지만, 외부 에스컬레이터와 깔끔한 내부 설계로 오히려 여유로운 분위기입니다. 패션, 문화, 휴식을 한곳에서 누리고 싶다면 반드시 방문해 보세요!"", ""장소명: 디올 신세계 본점 1층\n내용: **디올 신세계 본점 1층은 프랑스 명품 브랜드 디올이 복층 구조로 선보인 럭셔리 플래그십 매장으로, 세련된 디자인과 프라이빗한 쇼핑 경험을 제공하는 명품 문화의 중심지입니다.**  \n\n신세계백화점 본점 1층에 위치한 디올 매장은 기존 소규모 부틱에서 벗어나 공간감과 프라이버시를 강조한 공간으로 재탄생했습니다. 복층 구조로 설계된 매장은 디올의 아이코닉한 패션, 액세서리, 메이크업 제품을 한눈에 감상할 수 있는 세련된 전시장으로, 각 층마다 브랜드의 정체성을 반영한 디자인 요소가 돋보입니다. 특히 리뉴얼 후 프라이빗 룸과 맞춤 서비스 공간을 도입해 고객 맞춤형 쇼핑이 가능해졌으며, 롤렉스와 같은 명품 브랜드의 공식 판매점과 함께 고급스러운 쇼핑 경험을 선사합니다.  \n\n매장 내부에는 디올의 클래식한 레드 앤 블랙 컬러와 모던한 조명이 조화를 이루며, 계절별 컬렉션과 한정판 제품을 전시하는 공간이 마련되어 있습니다. 방문객은 매장 직원이 추천하는 시그니처 향수(예: 미스 디올) 시향이나 메이크업 아티스트의 제품 체험도 즐길 수 있어, 단순한 쇼핑을 넘어 브랜드 철학을 체감할 수 있는 특별한 시간을 보낼 수 있습니다.  \n\n**방문 팁:** 신세계백화점 본점은 오전 10시 30분부터 영업하며, 지하철 4호선 회현역에서 지하보도로 직결되어 접근성이 좋습니다. 매장 내 프라이빗 서비스나 제품 시연을 원할 경우 미리 예약하는 것을 추천합니다. 디올의 한정판 아이템이나 시즌 컬렉션을 확인하고 싶다면 오픈 직후 방문을 권장합니다. 세련된 패키징과 브랜드의 상징적인 '카농 플라워' 디자인 요소를 감상하며, 특별한 순간을 기록해 보세요."", '장소명: 올리브영 종로YBM\n내용: 올리브영 종로YBM은 한국 최대의 헬스앤뷰티 스토어로, 전국에 약 1,300개 이상의 매장을 운영하는 유명한 곳입니다. 특히 서울의 성동구에 위치한 올리브영N 성수는 K뷰티의 1번지로 꼽히며, 누적 방문객 수가 250만 명을 돌파한 인기 명소입니다. 이곳에서는 AI를 활용한 피부 및 두피 스캔과 컨설팅 서비스를 제공하여 방문객들에게 큰 인기를 얻고 있습니다. 올리브영 종로YBM은 최신 뷰티 트렌드와 다양한 제품을 경험하고 싶은 국내외 관광객들에게 추천하는 곳입니다.', '장소명: 네이처리퍼블릭 (명동월드점)\n내용: 네이처리퍼블릭 명동월드점은 명동의 중심에 위치한 인기 있는 화장품 매장입니다. 이곳은 다양한 피부 타입과 관심사에 맞춘 고품질의 화장품과 스킨케어 제품을 제공합니다. 특히, 자연에서 영감을 얻은 제품들로 유명하며, 방문 고객들은 피부 관리에 대한 전문적인 상담과 함께 제품을 체험할 수 있습니다. 네이처리퍼블릭 명동월드점은 최신 화장품 트렌드를 경험하고 싶은 분, 자연 친화적인 제품을 찾고 있는 분, 피부 관리에 대한 전문적인 조언을 구하고 싶은 분들에게 추천합니다.', '장소명: 올리브영 명동본점\n내용: 올리브영 명동본점은 서울특별시 중구 명동길에 위치한 라이프스타일 체험형 드럭스토어입니다. 올리브영은 뷰티, 헬스, 퍼스널 케어 등 다양한 제품들을 한 곳에서 만나볼 수 있는 곳으로, 최신 트렌드를 반영한 제품들을 선보이고 있습니다. 특히 명동본점은 올리브영의 대표 매장 중 하나로, 다양한 브랜드와 제품을 경험할 수 있는 공간과 고객들을 위한 편의시설도 잘 갖춰져 있습니다. 쇼핑과 관광의 중심지인 명동에 위치하여 언제든지 방문하기 좋은 곳으로, 최신 뷰티 트렌드를 경험하고 싶은 분이나 다양한 라이프스타일 제품을 한 번에 만나보고 싶은 분들에게 추천합니다.', '장소명: 오휘&후스파 명동\n내용: 오휘스파 명동점은 최첨단 스파기술과 서비스, 한국의 대표 프리미엄 코스메틱 브랜드인 LG 오휘(O HUI), 후(whoo), 숨(SU:M) 제품으로 미용 관리를 받을 수 있는 스파 매장이다.강남 논현동에서 외국인 가장 많이 찾는 핫 플레이스 명동으로 이전하여 고급스러운 분위기에서 힐링할 수 있고, 다양한 프리미엄 라이프스타일을 누릴 수 있는 공간이다. 모든 관리 전, 전문테라피스트와 컨설팅을 통해 1:1 맞춤케어를 진행하여 차별화된 서비스를 받을 수 있다. 사전 예약제로 운영되며 고객이 자신의 일정에 맞춰 관리 시간을 잡은 뒤, 예약일자에 편하게 방문하면 된다. 얼굴 피부 관리뿐만 아니라 헤드 마사지, 결혼 전 웨딩 관리, 복부 관리, 가슴 관리, 산전 산후 관리 등 다양한 서비스를 제공한다.', ""장소명: 디올 신세계 본점 1층\n내용: **디올 신세계 본점 1층은 프랑스 명품 브랜드 디올이 복층 구조로 선보인 럭셔리 플래그십 매장으로, 세련된 디자인과 프라이빗한 쇼핑 경험을 제공하는 명품 문화의 중심지입니다.**  \n\n신세계백화점 본점 1층에 위치한 디올 매장은 기존 소규모 부틱에서 벗어나 공간감과 프라이버시를 강조한 공간으로 재탄생했습니다. 복층 구조로 설계된 매장은 디올의 아이코닉한 패션, 액세서리, 메이크업 제품을 한눈에 감상할 수 있는 세련된 전시장으로, 각 층마다 브랜드의 정체성을 반영한 디자인 요소가 돋보입니다. 특히 리뉴얼 후 프라이빗 룸과 맞춤 서비스 공간을 도입해 고객 맞춤형 쇼핑이 가능해졌으며, 롤렉스와 같은 명품 브랜드의 공식 판매점과 함께 고급스러운 쇼핑 경험을 선사합니다.  \n\n매장 내부에는 디올의 클래식한 레드 앤 블랙 컬러와 모던한 조명이 조화를 이루며, 계절별 컬렉션과 한정판 제품을 전시하는 공간이 마련되어 있습니다. 방문객은 매장 직원이 추천하는 시그니처 향수(예: 미스 디올) 시향이나 메이크업 아티스트의 제품 체험도 즐길 수 있어, 단순한 쇼핑을 넘어 브랜드 철학을 체감할 수 있는 특별한 시간을 보낼 수 있습니다.  \n\n**방문 팁:** 신세계백화점 본점은 오전 10시 30분부터 영업하며, 지하철 4호선 회현역에서 지하보도로 직결되어 접근성이 좋습니다. 매장 내 프라이빗 서비스나 제품 시연을 원할 경우 미리 예약하는 것을 추천합니다. 디올의 한정판 아이템이나 시즌 컬렉션을 확인하고 싶다면 오픈 직후 방문을 권장합니다. 세련된 패키징과 브랜드의 상징적인 '카농 플라워' 디자인 요소를 감상하며, 특별한 순간을 기록해 보세요."", '장소명: 올리바인 스파\n내용: 올리바인 스파는 도심 속 럭셔리 스파와 뷰티&슬리밍센터를 운영하고 있다. 올리비움 산후조리원, 세란병원 연계하여 전문적인 산전·산후마사지와 체형관리, 다양한 뷰티 프로그램을 제공한다. 스파에서는 업계 최고의 실력을 갖춘 테라피스트들이 제공하는 마사지는 일상에서 쌓인 피로와 노폐물을 해소하고 건강하고 균형 잡힌 몸을 만들 수 있도록 도와 만족도가 높다. 이와 함께 스위스 명품 아로아 르노벨, 달팡 등과 같은 해외 브랜드들을 론칭하여 관리에 사용하고 있다. 뷰티&슬리밍센터에서는 세란병원 의료진과 연계하여 고객 맞춤별 컨설팅과 다양한 뷰티 관련 메디컬 프로그램을 진행 가능하다.', ""장소명: 제이에스티나 롯데 본점\n내용: **제이에스티나 롯데 본점은 명품 주얼리 브랜드의 플래그십 스토어로, 롯데백화점 본점 내에 위치해 세련된 디자인과 고급스러운 쇼핑 경험을 선사하는 공간입니다.**  \n\n이곳은 이탈리아 명품 주얼리 브랜드 '제이에스티나(J.ESTINA)'의 대표적 매장으로, 롯데백화점 본점의 10층에 자리잡고 있습니다. 1993년 밀라노에서 탄생한 이 브랜드는 로맨틱한 디자인과 정교한 공예 기술로 전 세계 여성들의 사랑을 받고 있으며, 특히 '하트커터' 컬렉션은 상징적이면서도 실용적인 디자인으로 유명합니다. 매장 내부에는 화이트와 골드 톤이 조화된 우아한 인테리어가 연출되어 마치 이탈리아 부티크에 온 듯한 분위기를 느낄 수 있습니다.  \n\n제이에스티나는 자연 모티프와 로맨틱한 스토리를 담은 주얼리로 차별화됩니다. 러브 스토리와 신화를 모티브로 한 목걸이, 귀걸이, 반지 등은 데일리 아이템으로도 어울리며 특별한 날 선물하기에도 적합합니다. 또한, 고객 맞춤형 서비스인 '인그레이빙'을 통해 이름이나 메시지를 각인할 수 있어 의미를 더한 제품을 소장할 수 있습니다.  \n\n방문객을 위한 팁으로는, 백화점 내 주차장과 편의시설을 미리 확인하고 주말에는 혼잡할 수 있으니 평일 오전 시간대를 추천합니다. 특히 세일이나 멤버십 이벤트 기간에는 할인 혜택을 누릴 수 있으니 공식 홈페이지나 롯데백화점 앱으로 미리 확인하는 것이 좋습니다.  \n\n제이에스티나 롯데 본점은 단순한 쇼핑 공간을 넘어, 아름다운 디자인과 세심한 서비스가 어우러진 특별한 경험을 선사하는 장소입니다. 소중한 사람이나 자신에게 특별한 순간을 선물하고 싶다면 이곳을 방문해 보세요."", '장소명: 벨루티 신세계 본점\n내용: 벨루티 신세계 본점은 명품 브랜드 벨루티의 한국 공식 매장 중 하나로, 신세계백화점 본점 신관 6층에 위치한 럭셔리 쇼핑 공간이다.  \n\n이곳은 이탈리아 명품 브랜드 벨루티의 대표 제품을 한눈에 감상할 수 있는 곳으로, 가죽 공예 기술이 집약된 가방, 신발, 액세서리 등이 전시되어 있다. 특히 벨루티만의 독특한 컬러 조합과 세심한 디테일은 방문객에게 세련된 브랜드 철학을 전달한다. 매장 내부는 우아한 인테리어로 꾸며져 쇼핑과 동시에 여유로운 분위기를 즐길 수 있다.  \n\n벨루티는 19세기 이탈리아에서 시작된 역사를 가진 브랜드로, 전통적인 장인 정신과 현대적인 디자인이 조화를 이룬다. 신세계 본점 매장에서는 시즌별 신제품부터 한정판까지 다양한 라인을 경험할 수 있으며, 전문 스타일리스트의 친절한 상담 서비스도 제공된다. 특히 크리스마스 시즌에는 백화점 외벽과 매장 내 크리스마스 장식이 어우러져 더욱 화려한 분위기를 연출한다.  \n\n방문객을 위한 팁으로는 평일 오후 시간대를 추천하는데, 비교적 한산한 분위기에서 여유롭게 제품을 감상할 수 있다. 또한 신세계백화점 내 다양한 식음료점과 연계하여 쇼핑 후 휴식을 취하는 것도 좋다. 명품 쇼핑을 계획한다면 벨루티 신세계 본점에서 이탈리아 장인정신의 정수를 경험해 보시길.', '장소명: 올리브영 종로YBM\n내용: 올리브영 종로YBM은 한국 최대의 헬스앤뷰티 스토어로, 전국에 약 1,300개 이상의 매장을 운영하는 유명한 곳입니다. 특히 서울의 성동구에 위치한 올리브영N 성수는 K뷰티의 1번지로 꼽히며, 누적 방문객 수가 250만 명을 돌파한 인기 명소입니다. 이곳에서는 AI를 활용한 피부 및 두피 스캔과 컨설팅 서비스를 제공하여 방문객들에게 큰 인기를 얻고 있습니다. 올리브영 종로YBM은 최신 뷰티 트렌드와 다양한 제품을 경험하고 싶은 국내외 관광객들에게 추천하는 곳입니다.', '장소명: 아이더블유씨 롯데에비뉴엘점\n내용: 아이더블유씨 롯데에비뉴엘점은 대한민국 서울의 롯데월드타워에 위치한 럭셔리 시계 브랜드 매장입니다. 이곳에서는 아이더블유씨의 다양한 시계 컬렉션을 만나볼 수 있으며, 특히 파일럿 워치 시리즈가 유명합니다. 시계 애호가들이나 명품 쇼핑을 원하는 분들에게 적합한 장소입니다. 또한, 세금 환급 서비스를 제공하여 외국인 관광객들에게도 인기가 있습니다. 고급스러운 분위기와 전문적인 상담을 통해 고객들에게 만족스러운 쇼핑 경험을 제공합니다.', '장소명: 더벨스파 동대문현대시티아울렛점\n내용: 더벨스파에서는 1:1 맞춤형 관리로 고객의 피부 상태 및 신체에 맞도록 서비스를 제공한다. 웨딩부터 산전산후 안티에이징까지 최고의 제품과 전문적 프로그램으로 여성의 생애관리를 책임지는 곳이다. 5성급 호텔 스파에서 사용되는 프랑스 상위 1%의 에스테틱 제품을 사용하고 전문교육을 이수하여 고객들에게 최상의 관리와 결과를 위해 노력한다. 美 FDA의 승인을 받은 최신 장비도 보유하고 있다.', '장소명: 한섬 타미힐피거 명동\n내용: 한섬 타미힐피거 명동은 고급스러운 패션 아이템을 만날 수 있는 서울 명동 중심의 프리미엄 브랜드 매장입니다.  \n\n이곳은 타미힐피거의 클래식한 아메리칸 캐주얼과 한섬의 세련된 디자인이 조화를 이룬 공간입니다. 명품 의류와 액세서리부터 캐주얼한 데일리 웨어까지 다양한 라인을 한자리에서 살펴볼 수 있으며, 특히 한정판 컬렉션과 시즌별 트렌드 아이템이 방문객의 눈길을 사로잡습니다. 매장은 모던한 인테리어로 꾸며져 쇼핑하는 내내 고급스러운 분위기를 느낄 수 있습니다.  \n\n타미힐피거는 1985년 뉴욕에서 탄생한 글로벌 브랜드로, 캐주얼과 포멀의 경계를 넘나드는 유려한 디자인으로 유명합니다. 한섬은 국내 대표 패션 그룹으로, 타미힐피거와의 협업을 통해 한국 고객의 취향에 맞는 제품을 선보이고 있습니다. 명동 매장에서는 해외 직구 없이 국내에서 바로 만나볼 수 있는 독점 상품과 특별한 행사 혜택도 제공됩니다.  \n\n방문객을 위한 팁으로는, 신규 회원 가입 시 마일리지를 적립할 수 있는 프로모션에 주목해 보세요. 또한, 매장 직원의 스타일링 추천을 받으면 자신에게 맞는 코디를 찾기 수월합니다. 주말이나 공휴일에는 혼잡할 수 있으니 평일 오후 시간대를 추천합니다.  \n\n명동에서의 쇼핑 여정을 특별하게 만들고 싶다면, 한섬 타미힐피거 명동에서 세련된 라이프스타일을 경험해 보세요.', '장소명: 프라다 롯데 본점\n내용: **프라다 롯데 본점: 서울에서 만나는 럭셔리 플래그십 스토어**  \n서울 중구 을지로 30에 위치한 프라다 롯데 본점은 이탈리아 명품 브랜드 프라다의 한국 대표 매장으로, 고급스러운 쇼핑 경험과 독보적인 디자인을 선사하는 공간입니다. 롯데백화점과 직접 연결되어 접근성이 뛰어나며, 국내외 패션 열풍을 주도하는 트렌디한 아이템부터 클래식한 시그니처 제품까지 다양하게 만나볼 수 있습니다.  \n\n### **볼거리와 체험**  \n1. **프리미엄 쇼핑 공간**  \n   매장 내부에는 프라다의 아이코닉한 삼각형 로고와 미니멀한 디자인이 반영된 세련된 인테리어가 눈길을 끕니다. 특히 한정판 컬렉션과 계절별 신제품이 전시되며, 패션 피스부터 액세서리, 향수까지 브랜드의 정수를 경험할 수 있습니다.  \n\n2. **럭셔리 라이프스타일 제안**  \n   프라다만의 감성이 담긴 패션 아이템뿐만 아니라, 일상에서 활용할 수 있는 소품과 생활용품도 선보입니다. 매장 직원의 전문적인 스타일링 조언을 받으며 개인 맞춤형 쇼핑이 가능합니다.  \n\n3. **역사 문화와의 조화**  \n   을지로 일대는 전통 인쇄 골목과 현대적 감각이 공존하는 ‘힙지로’로 유명합니다. 쇼핑 후 주변의 감성 카페나 공방 거리에서 독특한 디자인의 소품이나 핸드메이드 제품을 구경하며 지역 문화를 체험해 보세요.  \n\n### **방문 팁**  \n- **롯데백화점과의 연계 활용**: 백화점 내 다양한 F&B 매장에서 휴식을 취하거나, 주변 을지로의 맛집에서 현지 음식(예: 을지로 골목식당의 빈대떡)을 즐기면 좋습니다.  \n- **특별 이벤트 체크**: 시즌별로 진행되는 프라다의 팝업 전시나 프로모션 정보를 미리 확인하면 특별한 경험을 할 수 있습니다.  \n- **편의 시설**: 매장 내 전용 주차장과 라운지 공간이 마련되어 있으며, VIP 고객은 프라이빗 서비스를 요청 가능합니다.  \n\n프라다 롯데 본점은 단순한 매장을 넘어 럭셔리 패션의 정수를 느끼고 싶은 분들에게 추천하는 장소입니다. 쇼핑과 문화 체험을 동시에 즐기며, 서울의 유행을 선도하는 트렌디한 여정을 시작해 보세요!']",1,0
multi_query_dense,최신 유행을 반영한 다양한 패션 아이템과 문화 행사가 있는 활기찬 쇼핑 공간 추천해줘,"['장소명: 본 현대동대문\n내용: **본 현대동대문은 동대문 패션의 중심지에서 쇼핑과 휴식을 동시에 즐길 수 있는 복합 문화공간입니다.**  \n\n서울의 번화가 동대문에 위치한 이 복합몰은 패션, 푸드, 엔터테인먼트가 어우러진 현대적인 공간으로, 특히 24시간 영업으로 언제든지 방문할 수 있어 실용적입니다. 1층에는 다양한 패스트패션 브랜드와 편의시설이 자리해 쇼핑객들의 발길을 사로잡으며, 내부에는 현대적인 인테리어와 편의시설이 조화를 이룹니다.  \n\n주요 볼거리 중 하나는 동대문 패션의 트렌디한 아이템을 한눈에 만날 수 있는 매장들입니다. 특히 젊은 층을 겨냥한 캐주얼웨어부터 세련된 오피스룩까지 폭넓은 스타일을 제안해 방문객의 취향에 맞는 쇼핑이 가능합니다. 또한, 푸드코트와 카페 공간에서는 간단한 식사나 커피를 즐기며 잠시 쉬어가기 좋습니다.  \n\n이 공간은 단순한 쇼핑을 넘어 문화적 경험을 제공합니다. 야간에도 운영하는 만큼, 동대문의 활기찬 밤문화를 경험하려는 여행객들에게 특히 인기가 많습니다. 건물 내부에는 아트월이나 포토존도 마련되어 있어 SNS에 남길 인생샷을 찍기 적합합니다.  \n\n방문객을 위한 팁으로는, 무료 주차 시설을 활용할 수 있다는 점을 추천합니다. 특히 주말이나 저녁 시간대에는 쇼핑객이 많으므로 비교적 한산한 오후 이른 시간을 노리는 것도 좋습니다. 또한, 동대문의 명물인 길거리 음식과 함께 즐기면 더 풍부한 경험을 할 수 있습니다.  \n\n동대문을 방문한다면, 본 현대동대문은 트렌드와 편의를 모두 잡은 필수 코스입니다. 패션, 맛집, 휴식이 공존하는 이곳에서 서울의 활기찬 에너지를 만끽해 보세요!', '장소명: 신세계백화점 본점\n내용: 신세계백화점 본점은 대한민국의 수도이자 최대 도시인 서울 특별시에 위치한 대표적인 쇼핑 명소입니다. 서울은 대한민국의 문화, 인문, 정치, 경제 중심지 역할을 하는 도시로, 오랜 역사를 지닌 고도 중 하나입니다. 신세계백화점 본점은 이러한 서울 특별시의 중심에 자리하며, 다양한 브랜드와 상품을 보유하고 있어 쇼핑객들에게 인기가 많습니다. 특히, 최신 유행의 패션 아이템부터 고급 브랜드 제품까지 폭넓은 제품군을 만나볼 수 있어 패션에 관심 있는 방문객들에게 추천합니다. 또한, 백화점은 단순한 쇼핑 공간을 넘어 다양한 문화 행사와 이벤트가 열리는 장소로도 활용되고 있습니다. 따라서, 서울을 방문한 여행객들이나 서울의 핫한 트렌드를 경험하고 싶은 소비자들에게 신세계백화점 본점 방문을 추천합니다.', ""장소명: GCUT\n내용: GCUT는 서울 중심부에 위치한 현대아울렛 동대문점 4층에 자리한 복합 문화 공간으로, 패션·디자인·예술이 어우러진 창의적인 플랫폼입니다. '지오다노' 매장이 입점해 있는 이 공간은 젊은 감성과 트렌드를 반영한 패션 아이템부터 독창적인 디자인 소품까지 다채로운 볼거리를 제공하며, 도심 속 특별한 쇼핑 경험을 선사합니다.\n\n이곳은 역사적 건물인 현대아울렛 동대문점의 현대적 리모델링을 통해 탄생했는데, 을지로6가의 산업 유산을 보존하면서도 모던한 감성으로 재해석한 것이 특징입니다. 특히 4층의 GCUT는 층고의 넉넉함과 자연채광이 조화를 이뤄 편안한 분위기에서 쇼핑과 휴식을 동시에 즐길 수 있습니다. 주변에는 동대문역, 동대문역사문화공원역, 종로5가역 등 3개의 지하철역이 5~9분 거리에 위치해 접근성이 뛰어나며, 46개의 버스 노선으로도 편리하게 연결됩니다.\n\n방문객들을 위한 추천 팁으로는, 평일 오후 시간대에 방문하면 한적한 분위기에서 쇼핑을 즐길 수 있다는 점, 인근에 위치한 전통 시장과 현대 복합 문화공간을 함께 탐방하며 서울의 다채로운 매력을 경험할 수 있다는 점을 꼽을 수 있습니다. 또한 GCUT 내부에서는 한정판 콜라보레이션 제품이나 로컬 디자이너의 작품을 발견할 수 있으니, 세심한 관찰력을 발휘해 보시길 추천합니다. 도심 속 트렌디한 문화를 경험하고 싶다면 GCUT를 방문해 보는 것이 좋습니다."", '장소명: 두산타워 (doota)\n내용: 두산타워는 서울시의 중심지인 종로에 위치한 복합 문화 공간입니다. 최신 패션과 트렌드를 경험할 수 있는 쇼핑몰, 다양한 먹거리를 제공하는 식당가, 문화생활을 즐길 수 있는 공연장 및 갤러리 등이 자리 잡고 있어 젊은 층에게 큰 인기를 끌고 있습니다. 특히, 최신 유행을 선도하는 다양한 브랜드의 매장이 입점해 있어 패션에 관심이 많은 방문객에게 추천합니다. 또한, 실내에 있어 날씨에 구애받지 않고 즐길 수 있으며, 각종 문화 행사도 자주 개최되므로 색다른 경험을 원하는 분들에게도 좋습니다.', '장소명: 한섬 SJSJ 현대동대문\n내용: 대한민국 수도 서울특별시의 문화, 인문, 정치, 경제 중심지인 한섬 SJSJ 현대동대문은 다양한 매력과 편리함을 제공하는 곳입니다. 이 곳은 최신 패션과 트렌드를 선도하는 백화점과 쇼핑몰들이 모여있어 쇼핑을 목적으로 방문하는 사람들에게 최적의 장소입니다. 또한, 서울특별시의 중심부에 위치해 있어 도시의 주요 관광지와도 가까워 문화, 예술, 역사를 경험하고 싶은 여행자들에게도 좋은 선택지입니다. 특히, 현대적인 건축물과 전통적인 문화가 공존하는 서울특별시의 독특한 분위기를 느끼고 싶은 사람들에게 추천합니다.', '장소명: 시슬리\n내용: **시슬리**는 서울 중구에 위치한 독특한 감성의 패션 편집숍으로, 트렌디한 의류와 액세서리를 한곳에서 만날 수 있는 공간입니다.  \n\n**도심 속 패션의 오아시스**  \n시슬리는 장충단로와 을지로6가의 활기찬 상권 한가운데 자리 잡고 있지만, 내부에는 차분한 색조와 세련된 디스플레이로 차분한 분위기를 연출합니다. 국내외 디자이너 브랜드와 한정판 아이템을 선별해 선보이며, 패션 감각이 뛰어난 방문객들에게 인기가 높습니다. 특히 여성복과 남성복, 유니섹스 제품을 고루 갖춰 커플이나 친구끼리의 쇼핑에도 적합합니다.  \n\n**역사와 현대의 조화**  \n이 지역은 과거 의류 상가의 중심지로 유명했으며, 시슬리는 이러한 역사적 배경을 현대적 감각으로 재해석한 공간입니다. 매장 내부에는 패션 아이콘의 사진 또는 아트워크가 전시되어 있어 쇼핑과 동시에 예술을 감상할 수 있습니다.  \n\n**특별한 쇼핑 체험**  \n시슬리에서는 단순 구매를 넘어 스타일링 상담을 받을 수 있습니다. 패션 전문가의 추천을 통해 개인의 취향에 맞는 아이템을 발견할 수 있으며, 계절별 테마 컬렉션도 운영됩니다. 또한 매장에서는 소규모 팝업 이벤트나 패션 워크숍이 종종 열려, 방문객들에게 영감을 제공합니다.  \n\n**방문 팁**  \n- 평일에는 비교적 한산하니 여유로운 쇼핑을 즐기기에 좋습니다.  \n- 주차 공간이 협소할 수 있으니 대중교통을 이용하는 것을 추천합니다.  \n- 계절별 프로모션 기간에는 한정 상품을 미리 확인해 보세요.  \n\n시슬리는 패션을 사랑하는 이들에게 색다른 경험을 선사하는 공간입니다. 특별한 아이템을 찾고 있다면, 이곳에서 나만의 스타일을 완성해 보시길 추천합니다.', ""장소명: 찰스앤키스 눈스퀘어\n내용: **명동의 새로운 패션·엔터테인먼트 복합공간, 찰스앤키스 눈스퀘어**  \n찰스앤키스 눈스퀘어는 패션, 식음료, 엔터테인먼트가 한데 어우러진 명동의 대표 복합 문화공간으로, 흰 결정체를 형상화한 모던한 디자인과 편의성이 돋보이는 쇼핑 명소입니다.  \n\n### 주요 볼거리 & 특징  \n눈스퀘어는 한국 최초로 외부 에스컬레이터를 도입해 접근성을 극대화했으며, 국내외 다양한 패션 브랜드부터 CGV 영화관, 카페까지 한곳에서 즐길 수 있는 것이 특징입니다. 특히 지하 2층에는 한양문고&카페가 위치해 쇼핑 후 편안하게 책을 읽거나 휴식할 수 있습니다. 최근 오픈한 ZARA 플래그십 스토어와 한국 독점 '자카페(ZARA Cafe)'는 감각적인 인테리어와 독특한 쇼핑 경험을 선사하며 방문객들의 발길을 사로잡습니다.  \n\n패션 섹션은 실용성과 트렌드를 겸비한 카테고리로 구성되어 있으며, F&B 존에서는 간편하게 즐길 수 있는 글로벌 패스트푸드와 현지 맛집을 함께 만날 수 있습니다. 영화관은 최신 상영작과 편안한 관람 환경을 제공해 쇼핑과 문화생활을 동시에 즐기기에 이상적입니다.  \n\n### 방문객을 위한 팁  \n- **플래그십 스토어 체험**: ZARA 플래그십 스토어는 단순한 매장이 아닌 공간 자체가 예술품으로, 컬렉션마다 특별 섹션이 마련되어 있으니 천천히 둘러보시길 추천합니다.  \n- **자카페 활용**: 한국에서만 만날 수 있는 ZARA의 카페는 커피와 디저트를 즐기며 쇼핑 피로를 풀기에 좋습니다.  \n- **지하 2층 서점**: 한양문고&카페에서 조용히 책을 읽거나 기념품용 책을 고르는 것도 특별한 경험이 될 것입니다.  \n\n눈스퀘어는 명동의 번화가에 위치하지만, 외부 에스컬레이터와 깔끔한 내부 설계로 오히려 여유로운 분위기입니다. 패션, 문화, 휴식을 한곳에서 누리고 싶다면 반드시 방문해 보세요!"", '장소명: 스케쳐스 두타\n내용: **스케쳐스 두타**는 동대문 패션 중심지 내에 자리한 트렌디한 스포츠 브랜드 매장으로, 쇼핑과 휴식을 동시에 즐길 수 있는 복합 문화공간입니다.  \n\n두산타워 6층에 위치한 스케쳐스 두타 점은 넓은 공간에 다채로운 아이템을 전시해 패션에 관심 있는 방문객의 눈길을 사로잡습니다. 특히 미국 브랜드 스케쳐스의 대표 신발 라인부터 한정판 콜라보레이션 제품까지 한눈에 확인할 수 있어 패션 피플 사이에서 인기 있는 장소입니다. 매장은 현대적이고 세련된 인테리어로 꾸며져 있어 쇼핑하는 내내 쾌적한 분위기를 유지하며, 직원의 친절한 스타일링 조언도 받아볼 수 있습니다.  \n\n역사적 측면에서 두산타워는 1999년 개장한 상업 빌딩으로, 동대문 시장의 활기찬 에너지를 그대로 담아낸 공간입니다. 스케쳐스 두타 점은 이러한 동대문 역사와 트렌드를 연결해 주는 현대적 허브 역할을 하며, 인근에 동대문 역사문화공원이 있어 쇼핑 후 산책하며 문화유적도 함께 즐기기 좋습니다.  \n\n방문객을 위한 팁으로는, 유동인구가 많은 동대문 특성상 주말보다는 평일 오후에 방문하면 여유롭게 쇼핑할 수 있다는 점을 추천합니다. 또한 지하철 4호선 동대문역사문화공원역에서 도보로 6분 거리에 있어 접근성이 뛰어납니다. 매장 내 체험 공간에서는 제품을 직접 신어보고 편안함을 확인할 수 있으니, 평소 발 건강을 중시하는 분들도 부담 없이 방문해 보시길 바랍니다.  \n\n스케쳐스 두타는 단순한 매장을 넘어 동대문의 젊은 에너지를 담은 공간입니다. 패션에 대한 영감이 필요할 때, 또는 실용적인 아이템을 찾고 있다면 이곳에서 특별한 쇼핑 경험을 즐겨보세요!', ""장소명: 컬럼비아 현대동대문\n내용: **컬럼비아 현대동대문은 서울 중심부의 현대적 쇼핑과 문화 체험이 어우러진 복합 문화공간입니다.**  \n\n이곳은 동대문 현대시티아울렛 내 위치한 컬럼비아 매장으로, 글로벌 아웃도어 브랜드의 대표 아이템을 한자리에서 만날 수 있습니다. 특히 컬럼비아의 기능성 재킷, 방수 의류, 캐주얼웨어 등 다양한 라인이 체계적으로 전시되어 쇼핑의 편의성을 높였으며, 트렌디한 디자인과 실용성을 겸비한 제품들을 직접 체험해 볼 수 있습니다. 매장 내부에는 계절별 추천 코디와 신제품 소개 코너가 마련되어 있어 방문객의 니즈에 맞는 쇼핑이 가능합니다.  \n\n컬럼비아 현대동대문은 단순히 제품을 판매하는 공간을 넘어 브랜드의 역사와 철학을 엿볼 수 있는 문화적 요소도 갖추고 있습니다. 아웃도어 활동의 영감을 주는 사진 전시나 한정판 컬렉션 소개 등 특별 이벤트가 종종 열리며, 이는 쇼핑에 재미와 깊이를 더합니다. 또한 동대문 패션 중심가의 이점을 살려 인근에 위치한 다양한 패션 편집숍, 먹거리 거리와의 연계 탐방도 추천할 만합니다.  \n\n방문객을 위한 팁으로는, 주말보다는 평일 오후를 이용해 비교적 한적한 분위기에서 쇼핑하기, 매장의 사이즈 교환 정책을 미리 확인해 체형에 맞는 옷을 선택하기, 계절별 프로모션 기간을 노려 할인 혜택을 누리는 것 등을 추천합니다. 특히 컬럼비아의 베스트셀링 아이템인 '아웃드라이' 재킷이나 '헤이터' 시리즈는 실용성과 디자인 면에서 높은 평가를 받고 있으니 꼭 체크해 보시길 바랍니다.  \n\n동대문 현대시티아울렛의 중심부에 위치한 이 매장은 쇼핑과 휴식을 동시에 즐기기에 최적화된 공간입니다. 방문 시 인근 카페나 푸드코트에서 잠시 쉬어가며 쇼핑의 피로를 풀어보는 것도 좋은 방법입니다. 컬럼비아 현대동대문은 단순한 구매 공간을 넘어, 삶의 방식을 제안하는 라이프스타일 허브로의 역할을 꾸준히 이어가고 있습니다."", '장소명: JDX 현대동대문\n내용: JDX 현대동대문은 대한민국 수도이자 문화, 인문, 정치, 경제 중심지인 서울특별시 동대문구에 위치한 현대적 복합 쇼핑몰 입니다. 이곳에는 다양한 패션 브랜드와 엔터테인먼트 시설이 입점해 있어, 트렌디한 쇼핑과 여가를 동시에 즐기고 싶은 방문객에게 적합합니다. 특히 가족 단위 여행자나 젊은 연인들이 방문하기에 좋은 장소로, 최신 유행을 선도하는 패션 아이템을 구매하고 다양한 문화 생활을 경험할 수 있습니다.', '장소명: 본 현대동대문\n내용: **본 현대동대문은 동대문 패션의 중심지에서 쇼핑과 휴식을 동시에 즐길 수 있는 복합 문화공간입니다.**  \n\n서울의 번화가 동대문에 위치한 이 복합몰은 패션, 푸드, 엔터테인먼트가 어우러진 현대적인 공간으로, 특히 24시간 영업으로 언제든지 방문할 수 있어 실용적입니다. 1층에는 다양한 패스트패션 브랜드와 편의시설이 자리해 쇼핑객들의 발길을 사로잡으며, 내부에는 현대적인 인테리어와 편의시설이 조화를 이룹니다.  \n\n주요 볼거리 중 하나는 동대문 패션의 트렌디한 아이템을 한눈에 만날 수 있는 매장들입니다. 특히 젊은 층을 겨냥한 캐주얼웨어부터 세련된 오피스룩까지 폭넓은 스타일을 제안해 방문객의 취향에 맞는 쇼핑이 가능합니다. 또한, 푸드코트와 카페 공간에서는 간단한 식사나 커피를 즐기며 잠시 쉬어가기 좋습니다.  \n\n이 공간은 단순한 쇼핑을 넘어 문화적 경험을 제공합니다. 야간에도 운영하는 만큼, 동대문의 활기찬 밤문화를 경험하려는 여행객들에게 특히 인기가 많습니다. 건물 내부에는 아트월이나 포토존도 마련되어 있어 SNS에 남길 인생샷을 찍기 적합합니다.  \n\n방문객을 위한 팁으로는, 무료 주차 시설을 활용할 수 있다는 점을 추천합니다. 특히 주말이나 저녁 시간대에는 쇼핑객이 많으므로 비교적 한산한 오후 이른 시간을 노리는 것도 좋습니다. 또한, 동대문의 명물인 길거리 음식과 함께 즐기면 더 풍부한 경험을 할 수 있습니다.  \n\n동대문을 방문한다면, 본 현대동대문은 트렌드와 편의를 모두 잡은 필수 코스입니다. 패션, 맛집, 휴식이 공존하는 이곳에서 서울의 활기찬 에너지를 만끽해 보세요!', ""장소명: GCUT\n내용: GCUT는 서울 중심부에 위치한 현대아울렛 동대문점 4층에 자리한 복합 문화 공간으로, 패션·디자인·예술이 어우러진 창의적인 플랫폼입니다. '지오다노' 매장이 입점해 있는 이 공간은 젊은 감성과 트렌드를 반영한 패션 아이템부터 독창적인 디자인 소품까지 다채로운 볼거리를 제공하며, 도심 속 특별한 쇼핑 경험을 선사합니다.\n\n이곳은 역사적 건물인 현대아울렛 동대문점의 현대적 리모델링을 통해 탄생했는데, 을지로6가의 산업 유산을 보존하면서도 모던한 감성으로 재해석한 것이 특징입니다. 특히 4층의 GCUT는 층고의 넉넉함과 자연채광이 조화를 이뤄 편안한 분위기에서 쇼핑과 휴식을 동시에 즐길 수 있습니다. 주변에는 동대문역, 동대문역사문화공원역, 종로5가역 등 3개의 지하철역이 5~9분 거리에 위치해 접근성이 뛰어나며, 46개의 버스 노선으로도 편리하게 연결됩니다.\n\n방문객들을 위한 추천 팁으로는, 평일 오후 시간대에 방문하면 한적한 분위기에서 쇼핑을 즐길 수 있다는 점, 인근에 위치한 전통 시장과 현대 복합 문화공간을 함께 탐방하며 서울의 다채로운 매력을 경험할 수 있다는 점을 꼽을 수 있습니다. 또한 GCUT 내부에서는 한정판 콜라보레이션 제품이나 로컬 디자이너의 작품을 발견할 수 있으니, 세심한 관찰력을 발휘해 보시길 추천합니다. 도심 속 트렌디한 문화를 경험하고 싶다면 GCUT를 방문해 보는 것이 좋습니다."", '장소명: 시슬리\n내용: **시슬리**는 서울 중구에 위치한 독특한 감성의 패션 편집숍으로, 트렌디한 의류와 액세서리를 한곳에서 만날 수 있는 공간입니다.  \n\n**도심 속 패션의 오아시스**  \n시슬리는 장충단로와 을지로6가의 활기찬 상권 한가운데 자리 잡고 있지만, 내부에는 차분한 색조와 세련된 디스플레이로 차분한 분위기를 연출합니다. 국내외 디자이너 브랜드와 한정판 아이템을 선별해 선보이며, 패션 감각이 뛰어난 방문객들에게 인기가 높습니다. 특히 여성복과 남성복, 유니섹스 제품을 고루 갖춰 커플이나 친구끼리의 쇼핑에도 적합합니다.  \n\n**역사와 현대의 조화**  \n이 지역은 과거 의류 상가의 중심지로 유명했으며, 시슬리는 이러한 역사적 배경을 현대적 감각으로 재해석한 공간입니다. 매장 내부에는 패션 아이콘의 사진 또는 아트워크가 전시되어 있어 쇼핑과 동시에 예술을 감상할 수 있습니다.  \n\n**특별한 쇼핑 체험**  \n시슬리에서는 단순 구매를 넘어 스타일링 상담을 받을 수 있습니다. 패션 전문가의 추천을 통해 개인의 취향에 맞는 아이템을 발견할 수 있으며, 계절별 테마 컬렉션도 운영됩니다. 또한 매장에서는 소규모 팝업 이벤트나 패션 워크숍이 종종 열려, 방문객들에게 영감을 제공합니다.  \n\n**방문 팁**  \n- 평일에는 비교적 한산하니 여유로운 쇼핑을 즐기기에 좋습니다.  \n- 주차 공간이 협소할 수 있으니 대중교통을 이용하는 것을 추천합니다.  \n- 계절별 프로모션 기간에는 한정 상품을 미리 확인해 보세요.  \n\n시슬리는 패션을 사랑하는 이들에게 색다른 경험을 선사하는 공간입니다. 특별한 아이템을 찾고 있다면, 이곳에서 나만의 스타일을 완성해 보시길 추천합니다.', '장소명: 반스 두타\n내용: 동대문 디자인 플라자(DDP) 근처에 위치한 반스 두타는 쇼핑과 문화를 한번에 즐길 수 있는 복합 문화 공간입니다. 이곳에는 다양한 브랜드의 패션 상품과 더불어 현대적인 디자인의 건축물이 조화를 이루고 있습니다. 또한, 현대면세점이 입점해 있어 외국인 관광객들에게도 인기가 많습니다. 분위기 있는 식사를 원한다면 레스토랑이나 카페를, 쇼핑을 즐기고 싶다면 다양한 브랜드 매장을 방문해보세요. 친구나 가족과 함께 쇼핑과 문화를 즐기고 싶은 분들에게 특히 추천드립니다.', '장소명: 마루이홈\n내용: **마루이홈은 서울 중심부에 위치한 트렌디한 라이프스타일 편집매장으로, 일본과 글로벌 패션·라이프스타일 브랜드를 한자리에서 경험할 수 있는 공간입니다.**  \n\n현대시티타워 12층에 자리 잡은 마루이홈은 도심 속에서 특별한 쇼핑과 휴식을 동시에 즐길 수 있는 복합 문화 공간입니다. 이곳은 단순히 제품을 판매하는 매장이 아니라, 감각적인 인테리어 디자인과 함께 편안하게 공간을 탐방하며 쇼핑을 즐길 수 있도록 구성되어 있습니다. 특히 일본 내 인기 있는 브랜드의 한정판 제품이나 한국에서 쉽게 접하기 어려운 독특한 아이템을 만날 수 있어 패션과 라이프스타일 애호가들의 발길이 끊이지 않습니다.  \n\n주요 볼거리로는 각 브랜드의 핵심 제품을 체계적으로 전시한 테마 존과, 계절별 기획 전시를 통해 선보이는 한정 컬렉션이 있습니다. 또한 매장 내부에는 카페와 휴식 공간이 마련되어 있어 쇼핑 중 잠시 여유를 즐기기에도 좋습니다. 마루이홈은 단순히 물건을 사는 공간을 넘어, 트렌디한 아이템을 발견하고 일상의 영감을 얻을 수 있는 문화적 경험을 제공합니다.  \n\n방문객을 위한 팁으로는, 평일 오후나 주말 오전에 방문하면 비교적 한적하게 쇼핑을 즐길 수 있다는 점을 추천합니다. 또한 매장 내 브랜드별로 할인 이벤트나 팝업 전시가 자주 열리니, 방문 전 공식 홈페이지나 SNS를 확인해 보는 것이 좋습니다. 트렌드에 민감한 제품이나 한정판은 조기 품절될 수 있으니, 관심 있는 아이템이 있다면 미리 체크한 후 방문하는 것을 권장합니다.  \n\n마루이홈은 독특한 쇼핑 경험과 함께 일상의 특별함을 찾고자 하는 분들에게 강력히 추천하는 곳입니다. 도심 속에서 새로운 스타일을 발견하고, 여유로운 시간을 보내기에 완벽한 장소입니다.', ""장소명: 컬럼비아 현대동대문\n내용: **컬럼비아 현대동대문은 서울 중심부의 현대적 쇼핑과 문화 체험이 어우러진 복합 문화공간입니다.**  \n\n이곳은 동대문 현대시티아울렛 내 위치한 컬럼비아 매장으로, 글로벌 아웃도어 브랜드의 대표 아이템을 한자리에서 만날 수 있습니다. 특히 컬럼비아의 기능성 재킷, 방수 의류, 캐주얼웨어 등 다양한 라인이 체계적으로 전시되어 쇼핑의 편의성을 높였으며, 트렌디한 디자인과 실용성을 겸비한 제품들을 직접 체험해 볼 수 있습니다. 매장 내부에는 계절별 추천 코디와 신제품 소개 코너가 마련되어 있어 방문객의 니즈에 맞는 쇼핑이 가능합니다.  \n\n컬럼비아 현대동대문은 단순히 제품을 판매하는 공간을 넘어 브랜드의 역사와 철학을 엿볼 수 있는 문화적 요소도 갖추고 있습니다. 아웃도어 활동의 영감을 주는 사진 전시나 한정판 컬렉션 소개 등 특별 이벤트가 종종 열리며, 이는 쇼핑에 재미와 깊이를 더합니다. 또한 동대문 패션 중심가의 이점을 살려 인근에 위치한 다양한 패션 편집숍, 먹거리 거리와의 연계 탐방도 추천할 만합니다.  \n\n방문객을 위한 팁으로는, 주말보다는 평일 오후를 이용해 비교적 한적한 분위기에서 쇼핑하기, 매장의 사이즈 교환 정책을 미리 확인해 체형에 맞는 옷을 선택하기, 계절별 프로모션 기간을 노려 할인 혜택을 누리는 것 등을 추천합니다. 특히 컬럼비아의 베스트셀링 아이템인 '아웃드라이' 재킷이나 '헤이터' 시리즈는 실용성과 디자인 면에서 높은 평가를 받고 있으니 꼭 체크해 보시길 바랍니다.  \n\n동대문 현대시티아울렛의 중심부에 위치한 이 매장은 쇼핑과 휴식을 동시에 즐기기에 최적화된 공간입니다. 방문 시 인근 카페나 푸드코트에서 잠시 쉬어가며 쇼핑의 피로를 풀어보는 것도 좋은 방법입니다. 컬럼비아 현대동대문은 단순한 구매 공간을 넘어, 삶의 방식을 제안하는 라이프스타일 허브로의 역할을 꾸준히 이어가고 있습니다."", '장소명: 캉골 현대동대문\n내용: 캉골 현대동대문은 서울특별시 중구에 위치한 현대시티아울렛 내에 자리 잡은 패션 브랜드 매장입니다. 이곳에서는 캉골 특유의 유니크하고 스타일리시한 모자와 의류, 액세서리를 구매할 수 있습니다. 여행 중 트렌디한 패션 아이템을 찾고 있는 분들이나, 캉골 브랜드에 관심이 있는 분들이 방문하기 좋은 장소입니다. 또한, 현대시티아울렛에는 다양한 패션 브랜드 매장뿐만 아니라 카페, 레스토랑, 스파 등 다양한 시설도 함께 위치해 있어 쇼핑과 휴관을 동시에 즐길 수 있는 최적의 장소입니다.', '장소명: 버커루 현대동대문\n내용: 버커루 현대동대문은 패션 브랜드 버커루의 오프라인 매장입니다. 버커루는 1950년대 미국 서부의 카우보이 문화를 기반으로 한 스트리트 패션을 선보이는 브랜드로, 청바지를 비롯한 다양한 의류와 액세서리를 제공합니다. 이 매장은 서울의 현대동대문에 위치하고 있으며, 최신 트렌드와 클래식한 스타일이 어우러진 다양한 제품들을 만나볼 수 있습니다. 패션에 관심이 많은 분들이 최신 패션 아이템을 구매하고 싶을 때 방문하면 좋습니다.', '장소명: 스케쳐스 두타\n내용: **스케쳐스 두타**는 동대문 패션 중심지 내에 자리한 트렌디한 스포츠 브랜드 매장으로, 쇼핑과 휴식을 동시에 즐길 수 있는 복합 문화공간입니다.  \n\n두산타워 6층에 위치한 스케쳐스 두타 점은 넓은 공간에 다채로운 아이템을 전시해 패션에 관심 있는 방문객의 눈길을 사로잡습니다. 특히 미국 브랜드 스케쳐스의 대표 신발 라인부터 한정판 콜라보레이션 제품까지 한눈에 확인할 수 있어 패션 피플 사이에서 인기 있는 장소입니다. 매장은 현대적이고 세련된 인테리어로 꾸며져 있어 쇼핑하는 내내 쾌적한 분위기를 유지하며, 직원의 친절한 스타일링 조언도 받아볼 수 있습니다.  \n\n역사적 측면에서 두산타워는 1999년 개장한 상업 빌딩으로, 동대문 시장의 활기찬 에너지를 그대로 담아낸 공간입니다. 스케쳐스 두타 점은 이러한 동대문 역사와 트렌드를 연결해 주는 현대적 허브 역할을 하며, 인근에 동대문 역사문화공원이 있어 쇼핑 후 산책하며 문화유적도 함께 즐기기 좋습니다.  \n\n방문객을 위한 팁으로는, 유동인구가 많은 동대문 특성상 주말보다는 평일 오후에 방문하면 여유롭게 쇼핑할 수 있다는 점을 추천합니다. 또한 지하철 4호선 동대문역사문화공원역에서 도보로 6분 거리에 있어 접근성이 뛰어납니다. 매장 내 체험 공간에서는 제품을 직접 신어보고 편안함을 확인할 수 있으니, 평소 발 건강을 중시하는 분들도 부담 없이 방문해 보시길 바랍니다.  \n\n스케쳐스 두타는 단순한 매장을 넘어 동대문의 젊은 에너지를 담은 공간입니다. 패션에 대한 영감이 필요할 때, 또는 실용적인 아이템을 찾고 있다면 이곳에서 특별한 쇼핑 경험을 즐겨보세요!', '장소명: 오렌즈 현대동대문\n내용: **오렌즈 현대동대문은 동대문 패션의 핵심에서 독보적인 쇼핑 경험을 제공하는 트렌디한 소매점**입니다. 서울 중구 장충단로 13길 20 현대시티타워 지하 1층에 위치한 이곳은 패션 애호가들과 현명한 소비자들을 위한 핫스팟으로, 다양한 라이프스타일 아이템과 패션 제품을 한자리에서 만날 수 있습니다.  \n\n### 주요 특징  \n- **다양한 쇼핑 옵션**: 의류, 액세서리, 뷰티 제품 등 트렌디한 아이템부터 실용적인 데일리 굿즈까지 폭넓게 구성되어 있습니다. 특히 동대문만의 빠른 유행 반영력을 바탕으로 한 한정판 제품들이 자주 출시되어 패션 감각을 자랑하고 싶은 방문객들에게 인기가 높습니다.  \n- **편리한 운영 시간**: 오전 10시 30분부터 오후 9시까지 연중 무휴로 운영되며, 오후 8시까지 영업하는 경우도 있어 야간 쇼핑객도 부담 없이 방문할 수 있습니다.  \n- **면세 혜택**: 사후면세점 기능을 겸비해 외국인 관광객은 구매 후 환급 절차를 통해 추가 할인을 받을 수 있어 경제적인 쇼핑이 가능합니다.  \n\n### 방문객을 위한 팁  \n- **트렌드 따라잡기**: 매장과 SNS를 통해 신상품과 한정판 정보를 미리 확인하면 특별한 아이템을 놓치지 않을 수 있습니다.  \n- **야간 방문 추천**: 해가 진 후 동대문의 화려한 LED 간판과 어우러진 야경을 즐기며 쇼핑하는 것도 특별한 경험이 됩니다.  \n- **주변 연계 관광**: 동대문의 명물인 광장시장과 청계천, 덕수궁 돌담길과 함께 방문하면 쇼핑과 문화 체험을 동시에 즐길 수 있습니다.  \n\n오렌즈 현대동대문은 단순히 물건을 사는 공간을 넘어, 동대문의 활기찬 분위기를 고스란히 느낄 수 있는 장소입니다. 패션에 관심이 있거나 독특한 선물을 찾고 있다면 꼭 들러볼 만한 곳입니다.', '장소명: 에이랜드 명동본점\n내용: 에이랜드 명동본점은 서울의 중심가인 명동에 위치한 대표적인 패션 매장입니다. 이곳에서는 최신 트렌드의 패션 아이템들을 만나볼 수 있어, 특히 10대와 20대 젊은이들에게 인기가 많습니다. 서울을 방문한 관광객들이 쇼핑을 즐기기에 적합한 장소로, 다양한 브랜드의 의류와 액세서리를 한곳에서 만나볼 수 있습니다. 특히, 에이랜드만의 독특한 분위기와 함께 트렌디한 패션을 원하는 사람들이 방문하기에 좋습니다. 서울의 중심에서 최신 트렌드를 느끼고 싶은 분들에게 추천드립니다.', '장소명: 본 현대동대문\n내용: **본 현대동대문은 동대문 패션의 중심지에서 쇼핑과 휴식을 동시에 즐길 수 있는 복합 문화공간입니다.**  \n\n서울의 번화가 동대문에 위치한 이 복합몰은 패션, 푸드, 엔터테인먼트가 어우러진 현대적인 공간으로, 특히 24시간 영업으로 언제든지 방문할 수 있어 실용적입니다. 1층에는 다양한 패스트패션 브랜드와 편의시설이 자리해 쇼핑객들의 발길을 사로잡으며, 내부에는 현대적인 인테리어와 편의시설이 조화를 이룹니다.  \n\n주요 볼거리 중 하나는 동대문 패션의 트렌디한 아이템을 한눈에 만날 수 있는 매장들입니다. 특히 젊은 층을 겨냥한 캐주얼웨어부터 세련된 오피스룩까지 폭넓은 스타일을 제안해 방문객의 취향에 맞는 쇼핑이 가능합니다. 또한, 푸드코트와 카페 공간에서는 간단한 식사나 커피를 즐기며 잠시 쉬어가기 좋습니다.  \n\n이 공간은 단순한 쇼핑을 넘어 문화적 경험을 제공합니다. 야간에도 운영하는 만큼, 동대문의 활기찬 밤문화를 경험하려는 여행객들에게 특히 인기가 많습니다. 건물 내부에는 아트월이나 포토존도 마련되어 있어 SNS에 남길 인생샷을 찍기 적합합니다.  \n\n방문객을 위한 팁으로는, 무료 주차 시설을 활용할 수 있다는 점을 추천합니다. 특히 주말이나 저녁 시간대에는 쇼핑객이 많으므로 비교적 한산한 오후 이른 시간을 노리는 것도 좋습니다. 또한, 동대문의 명물인 길거리 음식과 함께 즐기면 더 풍부한 경험을 할 수 있습니다.  \n\n동대문을 방문한다면, 본 현대동대문은 트렌드와 편의를 모두 잡은 필수 코스입니다. 패션, 맛집, 휴식이 공존하는 이곳에서 서울의 활기찬 에너지를 만끽해 보세요!', '장소명: 두산타워 (doota)\n내용: 두산타워는 서울시의 중심지인 종로에 위치한 복합 문화 공간입니다. 최신 패션과 트렌드를 경험할 수 있는 쇼핑몰, 다양한 먹거리를 제공하는 식당가, 문화생활을 즐길 수 있는 공연장 및 갤러리 등이 자리 잡고 있어 젊은 층에게 큰 인기를 끌고 있습니다. 특히, 최신 유행을 선도하는 다양한 브랜드의 매장이 입점해 있어 패션에 관심이 많은 방문객에게 추천합니다. 또한, 실내에 있어 날씨에 구애받지 않고 즐길 수 있으며, 각종 문화 행사도 자주 개최되므로 색다른 경험을 원하는 분들에게도 좋습니다.', '장소명: 에비수 두타\n내용: 에비수 두타는 서울특별시 중구에 위치한 인기 있는 쇼핑 명소입니다. 다양한 브랜드의 의류, 신발, 액세서리를 판매하는 수십 개의 상점이 있습니다. 특히, 최신 패션 트렌드를 선보이는 젊은 디자이너 브랜드들이 많아 트렌디한 패션을 추구하는 분들에게 인기 있는 곳입니다. 또한, 다양한 음식점들도 함께 입점해 있어 쇼핑과 식사를 한 곳에서 즐길 수 있습니다. 특히, 쇼핑과 함께 최신 트렌드를 따라잡고 싶거나, 다양한 먹거리를 한 곳에서 즐기고 싶은 분들에게 추천합니다.', ""장소명: GCUT\n내용: GCUT는 서울 중심부에 위치한 현대아울렛 동대문점 4층에 자리한 복합 문화 공간으로, 패션·디자인·예술이 어우러진 창의적인 플랫폼입니다. '지오다노' 매장이 입점해 있는 이 공간은 젊은 감성과 트렌드를 반영한 패션 아이템부터 독창적인 디자인 소품까지 다채로운 볼거리를 제공하며, 도심 속 특별한 쇼핑 경험을 선사합니다.\n\n이곳은 역사적 건물인 현대아울렛 동대문점의 현대적 리모델링을 통해 탄생했는데, 을지로6가의 산업 유산을 보존하면서도 모던한 감성으로 재해석한 것이 특징입니다. 특히 4층의 GCUT는 층고의 넉넉함과 자연채광이 조화를 이뤄 편안한 분위기에서 쇼핑과 휴식을 동시에 즐길 수 있습니다. 주변에는 동대문역, 동대문역사문화공원역, 종로5가역 등 3개의 지하철역이 5~9분 거리에 위치해 접근성이 뛰어나며, 46개의 버스 노선으로도 편리하게 연결됩니다.\n\n방문객들을 위한 추천 팁으로는, 평일 오후 시간대에 방문하면 한적한 분위기에서 쇼핑을 즐길 수 있다는 점, 인근에 위치한 전통 시장과 현대 복합 문화공간을 함께 탐방하며 서울의 다채로운 매력을 경험할 수 있다는 점을 꼽을 수 있습니다. 또한 GCUT 내부에서는 한정판 콜라보레이션 제품이나 로컬 디자이너의 작품을 발견할 수 있으니, 세심한 관찰력을 발휘해 보시길 추천합니다. 도심 속 트렌디한 문화를 경험하고 싶다면 GCUT를 방문해 보는 것이 좋습니다."", ""장소명: (주)LF(명동헤지스종합)\n내용: **명동 헤지스 플래그십 스토어: 패션과 도시의 만남**  \n\n명동 헤지스 플래그십 스토어는 한국 대표 캐주얼 브랜드인 헤지스의 핵심 가치를 체험할 수 있는 공간으로, 세련된 디자인과 트렌디한 라이프스타일을 제안하는 패션 핫플레이스입니다.  \n\n이곳은 헤지스의 역사와 철학을 한눈에 볼 수 있는 전시 공간부터 최신 컬렉션을 한눈에 확인할 수 있는 매장까지 구성되어 있습니다. 특히 브랜드의 아이코닉한 아이템인 '헤지스 팬츠'를 비롯한 다양한 의류와 액세서리를 직접 체험하며 쇼핑할 수 있어 패션 애호가들이 꼭 방문해야 할 장소로 꼽힙니다. 매장 내부는 모던하면서도 편안한 분위기로 꾸며져 있어 쇼핑뿐만 아니라 친구와 대화를 나누거나 잠깐의 휴식을 취하기에도 좋습니다.  \n\n명동 헤지스 플래그십 스토어는 서울 중심부에 위치해 접근성이 뛰어나며, 근처에는 명동 쇼핑거리와 남산 타워가 있어 패션 탐방 후 주변 명소를 함께 즐기기 좋습니다. 매장 주변에는 다양한 카페와 맛집도 밀집해 있어 쇼핑 후 여유로운 시간을 보내기에도 적합합니다.  \n\n방문객을 위한 팁: 매장에서는 헤지스의 시그니처 아이템을 합리적인 가격에 구매할 수 있는 프로모션을 자주 진행하니, 공식 SNS를 미리 확인하면 좋습니다. 또한, 매장 직원들이 스타일링 조언을 친절하게 제공하므로 패션 고민이 있다면 적극 활용해 보시길 추천합니다.  \n\n명동 헤지스 플래그십 스토어는 단순한 쇼핑을 넘어 브랜드의 철학과 한국의 현대적 감각을 동시에 경험할 수 있는 공간입니다. 패션을 사랑하는 여행자라면 놓치지 말아야 할 명동 쇼핑의 필수 코스입니다."", '장소명: 189#(189샵)\n내용: 189#(189샵)은 서울 중구 을지로에 위치한 동대문두타몰 내에 있는 매장입니다. 주로 NBA와 DOOTA의 패션을 접목한 스트리트 패션 상품을 판매하며, 최신 트렌드에 민감한 10대와 20대에게 인기가 많습니다. 쇼핑과 함께 다양한 음식점, 카페, 오락시설 등도 이용 가능하여 하루를 보내기에 적합합니다. 트렌디한 패션을 찾고 있는 분들이나 친구들과 함께 즐거운 쇼핑과 여가를 즐기고 싶을 때 방문하기 좋은 장소입니다.', '장소명: 헬로우 에이피엠 (Hello apm)\n내용: 헬로우 에이피엠은 서울특별시 중구 장충단로에 위치한 의류 쇼핑센터입니다. 동대문 패션타운 내에 자리 잡고 있으며, 최신 트렌드와 합리적인 가격으로 10대~20대 고객들에게 큰 인기를 끌고 있습니다. 국내외 방문객들이 즐겨 찾는 곳으로, 다양한 패션 아이템과 액세서리를 구매할 수 있습니다. 특히, 의류 관련 상가가 밀집한 장충단로 일대에 위치해 있어 패션에 관심이 많은 사람들에게 추천하는 장소입니다. 편안한 분위기에서 최신 유행을 접하고 싶은 방문객들에게 적합한 곳입니다.', '장소명: 슬로우스테디클럽 삼청\n내용: 슬로우스테디클럽 삼청은 서울 종로구에 위치한 패션 스토어입니다. 이 곳은 트렌드를 따르기보다 자신만의 스타일을 만들고자 하는 패션 피플들에게 인기있는 장소입니다. 특히, 슬로우스테디클럽만의 감각적인 인테리어와 다양한 브랜드의 제품들이 조화를 이루어 방문객들의 눈을 사로잡습니다. 여유롭게 자신만의 스타일을 찾고 싶은 분들, 또는 패션에 관심이 많은 분들에게 추천합니다. 서울에서 문화와 패션의 중심지를 느끼고 싶다면, 슬로우스테디클럽 삼청을 방문해보세요.', '장소명: 보이런던 회현\n내용: 보이런던 회현은 서울특별시 중구에 위치한 패션 브랜드 매장입니다. 이 곳은 전통과 현대가 어우러진 공간으로, 패션에 관심이 많은 사람들이 최신 트렌드를 경험할 수 있는 곳입니다. 특히 보이런던의 유니크한 스타일과 디자인을 좋아하시는 분들이 방문하기에 좋은 장소입니다. 도시적인 분위기와 세련된 인테리어가 돋보이는 매장에서 다양한 의류와 액세서리를 만나보실 수 있습니다. 패션을 사랑하고 유니크한 스타일을 추구하는 분들이 최신 패션 트렌드를 경험하고 싶을 때 방문하면 좋은 곳입니다.', ""장소명: GCUT\n내용: GCUT는 서울 중심부에 위치한 현대아울렛 동대문점 4층에 자리한 복합 문화 공간으로, 패션·디자인·예술이 어우러진 창의적인 플랫폼입니다. '지오다노' 매장이 입점해 있는 이 공간은 젊은 감성과 트렌드를 반영한 패션 아이템부터 독창적인 디자인 소품까지 다채로운 볼거리를 제공하며, 도심 속 특별한 쇼핑 경험을 선사합니다.\n\n이곳은 역사적 건물인 현대아울렛 동대문점의 현대적 리모델링을 통해 탄생했는데, 을지로6가의 산업 유산을 보존하면서도 모던한 감성으로 재해석한 것이 특징입니다. 특히 4층의 GCUT는 층고의 넉넉함과 자연채광이 조화를 이뤄 편안한 분위기에서 쇼핑과 휴식을 동시에 즐길 수 있습니다. 주변에는 동대문역, 동대문역사문화공원역, 종로5가역 등 3개의 지하철역이 5~9분 거리에 위치해 접근성이 뛰어나며, 46개의 버스 노선으로도 편리하게 연결됩니다.\n\n방문객들을 위한 추천 팁으로는, 평일 오후 시간대에 방문하면 한적한 분위기에서 쇼핑을 즐길 수 있다는 점, 인근에 위치한 전통 시장과 현대 복합 문화공간을 함께 탐방하며 서울의 다채로운 매력을 경험할 수 있다는 점을 꼽을 수 있습니다. 또한 GCUT 내부에서는 한정판 콜라보레이션 제품이나 로컬 디자이너의 작품을 발견할 수 있으니, 세심한 관찰력을 발휘해 보시길 추천합니다. 도심 속 트렌디한 문화를 경험하고 싶다면 GCUT를 방문해 보는 것이 좋습니다."", '장소명: 스타일노리터 현대동대문\n내용: **스타일노리터 현대동대문**은 동대문 패션 산업의 중심에서 트렌디한 디자인과 편의시설을 결합한 복합 문화 공간입니다.  \n\n이곳은 서울특별시 중구에 위치한 현대시티타워 8층에 자리 잡고 있으며, 패션 스튜디오와 미팅룸을 운영합니다. 특히 동대문 패션의 핵심 거점으로, 국내외 디자이너와 유통업체의 협업 공간이면서도 일반 방문객도 체험할 수 있는 개방감을 자랑합니다. 검색 결과에 따르면 2024년 3월 기준으로 영업 시간은 오전 10시 30분부터 오후 8시까지로, 쇼핑과 업무 공간으로의 활용도가 높습니다.  \n\n주요 볼거리로는 동대문 패션 트렌드를 반영한 최신 컬렉션과 팝업 전시 공간이 있습니다. 역사적 배경과는 거리가 있지만, 동대문이 한국 패션 산업의 상징으로 자리매김한 점을 고려하면 현대적 감각으로 재해석된 공간이라는 점에서 의미가 깊습니다. 또한, 미팅룸과 스튜디오를 통해 소규모 브랜드의 쇼룸이나 협업 프로젝트가 활발히 진행되며, 방문객은 패션 산업의 생생한 현장을 체험할 수 있습니다.  \n\n방문객을 위한 팁으로는 평일 오전 시간대 방문이 혼잡하지 않아 여유롭게 둘러보기 좋다는 점을 추천합니다. 또한, 인근에 동대문 시장, 쇼핑몰 등 관광 명소가 밀집해 있어 연계 관광하기에도 최적입니다. 현대동대문점의 트렌디한 공간에서 패션의 미래를 엿보고, 동대문의 활기찬 에너지를 만끽해보세요!  \n\n(참고: 제공된 정보를 바탕으로 작성되었으나, 일부 내용은 일반적인 동대문 지역의 특성을 반영하였습니다.)', '장소명: 본 현대동대문\n내용: **본 현대동대문은 동대문 패션의 중심지에서 쇼핑과 휴식을 동시에 즐길 수 있는 복합 문화공간입니다.**  \n\n서울의 번화가 동대문에 위치한 이 복합몰은 패션, 푸드, 엔터테인먼트가 어우러진 현대적인 공간으로, 특히 24시간 영업으로 언제든지 방문할 수 있어 실용적입니다. 1층에는 다양한 패스트패션 브랜드와 편의시설이 자리해 쇼핑객들의 발길을 사로잡으며, 내부에는 현대적인 인테리어와 편의시설이 조화를 이룹니다.  \n\n주요 볼거리 중 하나는 동대문 패션의 트렌디한 아이템을 한눈에 만날 수 있는 매장들입니다. 특히 젊은 층을 겨냥한 캐주얼웨어부터 세련된 오피스룩까지 폭넓은 스타일을 제안해 방문객의 취향에 맞는 쇼핑이 가능합니다. 또한, 푸드코트와 카페 공간에서는 간단한 식사나 커피를 즐기며 잠시 쉬어가기 좋습니다.  \n\n이 공간은 단순한 쇼핑을 넘어 문화적 경험을 제공합니다. 야간에도 운영하는 만큼, 동대문의 활기찬 밤문화를 경험하려는 여행객들에게 특히 인기가 많습니다. 건물 내부에는 아트월이나 포토존도 마련되어 있어 SNS에 남길 인생샷을 찍기 적합합니다.  \n\n방문객을 위한 팁으로는, 무료 주차 시설을 활용할 수 있다는 점을 추천합니다. 특히 주말이나 저녁 시간대에는 쇼핑객이 많으므로 비교적 한산한 오후 이른 시간을 노리는 것도 좋습니다. 또한, 동대문의 명물인 길거리 음식과 함께 즐기면 더 풍부한 경험을 할 수 있습니다.  \n\n동대문을 방문한다면, 본 현대동대문은 트렌드와 편의를 모두 잡은 필수 코스입니다. 패션, 맛집, 휴식이 공존하는 이곳에서 서울의 활기찬 에너지를 만끽해 보세요!', '장소명: 스케쳐스 두타\n내용: **스케쳐스 두타**는 동대문 패션 중심지 내에 자리한 트렌디한 스포츠 브랜드 매장으로, 쇼핑과 휴식을 동시에 즐길 수 있는 복합 문화공간입니다.  \n\n두산타워 6층에 위치한 스케쳐스 두타 점은 넓은 공간에 다채로운 아이템을 전시해 패션에 관심 있는 방문객의 눈길을 사로잡습니다. 특히 미국 브랜드 스케쳐스의 대표 신발 라인부터 한정판 콜라보레이션 제품까지 한눈에 확인할 수 있어 패션 피플 사이에서 인기 있는 장소입니다. 매장은 현대적이고 세련된 인테리어로 꾸며져 있어 쇼핑하는 내내 쾌적한 분위기를 유지하며, 직원의 친절한 스타일링 조언도 받아볼 수 있습니다.  \n\n역사적 측면에서 두산타워는 1999년 개장한 상업 빌딩으로, 동대문 시장의 활기찬 에너지를 그대로 담아낸 공간입니다. 스케쳐스 두타 점은 이러한 동대문 역사와 트렌드를 연결해 주는 현대적 허브 역할을 하며, 인근에 동대문 역사문화공원이 있어 쇼핑 후 산책하며 문화유적도 함께 즐기기 좋습니다.  \n\n방문객을 위한 팁으로는, 유동인구가 많은 동대문 특성상 주말보다는 평일 오후에 방문하면 여유롭게 쇼핑할 수 있다는 점을 추천합니다. 또한 지하철 4호선 동대문역사문화공원역에서 도보로 6분 거리에 있어 접근성이 뛰어납니다. 매장 내 체험 공간에서는 제품을 직접 신어보고 편안함을 확인할 수 있으니, 평소 발 건강을 중시하는 분들도 부담 없이 방문해 보시길 바랍니다.  \n\n스케쳐스 두타는 단순한 매장을 넘어 동대문의 젊은 에너지를 담은 공간입니다. 패션에 대한 영감이 필요할 때, 또는 실용적인 아이템을 찾고 있다면 이곳에서 특별한 쇼핑 경험을 즐겨보세요!', ""장소명: 컬럼비아 현대동대문\n내용: **컬럼비아 현대동대문은 서울 중심부의 현대적 쇼핑과 문화 체험이 어우러진 복합 문화공간입니다.**  \n\n이곳은 동대문 현대시티아울렛 내 위치한 컬럼비아 매장으로, 글로벌 아웃도어 브랜드의 대표 아이템을 한자리에서 만날 수 있습니다. 특히 컬럼비아의 기능성 재킷, 방수 의류, 캐주얼웨어 등 다양한 라인이 체계적으로 전시되어 쇼핑의 편의성을 높였으며, 트렌디한 디자인과 실용성을 겸비한 제품들을 직접 체험해 볼 수 있습니다. 매장 내부에는 계절별 추천 코디와 신제품 소개 코너가 마련되어 있어 방문객의 니즈에 맞는 쇼핑이 가능합니다.  \n\n컬럼비아 현대동대문은 단순히 제품을 판매하는 공간을 넘어 브랜드의 역사와 철학을 엿볼 수 있는 문화적 요소도 갖추고 있습니다. 아웃도어 활동의 영감을 주는 사진 전시나 한정판 컬렉션 소개 등 특별 이벤트가 종종 열리며, 이는 쇼핑에 재미와 깊이를 더합니다. 또한 동대문 패션 중심가의 이점을 살려 인근에 위치한 다양한 패션 편집숍, 먹거리 거리와의 연계 탐방도 추천할 만합니다.  \n\n방문객을 위한 팁으로는, 주말보다는 평일 오후를 이용해 비교적 한적한 분위기에서 쇼핑하기, 매장의 사이즈 교환 정책을 미리 확인해 체형에 맞는 옷을 선택하기, 계절별 프로모션 기간을 노려 할인 혜택을 누리는 것 등을 추천합니다. 특히 컬럼비아의 베스트셀링 아이템인 '아웃드라이' 재킷이나 '헤이터' 시리즈는 실용성과 디자인 면에서 높은 평가를 받고 있으니 꼭 체크해 보시길 바랍니다.  \n\n동대문 현대시티아울렛의 중심부에 위치한 이 매장은 쇼핑과 휴식을 동시에 즐기기에 최적화된 공간입니다. 방문 시 인근 카페나 푸드코트에서 잠시 쉬어가며 쇼핑의 피로를 풀어보는 것도 좋은 방법입니다. 컬럼비아 현대동대문은 단순한 구매 공간을 넘어, 삶의 방식을 제안하는 라이프스타일 허브로의 역할을 꾸준히 이어가고 있습니다."", ""장소명: (주)LF(명동헤지스종합)\n내용: **명동 헤지스 플래그십 스토어: 패션과 도시의 만남**  \n\n명동 헤지스 플래그십 스토어는 한국 대표 캐주얼 브랜드인 헤지스의 핵심 가치를 체험할 수 있는 공간으로, 세련된 디자인과 트렌디한 라이프스타일을 제안하는 패션 핫플레이스입니다.  \n\n이곳은 헤지스의 역사와 철학을 한눈에 볼 수 있는 전시 공간부터 최신 컬렉션을 한눈에 확인할 수 있는 매장까지 구성되어 있습니다. 특히 브랜드의 아이코닉한 아이템인 '헤지스 팬츠'를 비롯한 다양한 의류와 액세서리를 직접 체험하며 쇼핑할 수 있어 패션 애호가들이 꼭 방문해야 할 장소로 꼽힙니다. 매장 내부는 모던하면서도 편안한 분위기로 꾸며져 있어 쇼핑뿐만 아니라 친구와 대화를 나누거나 잠깐의 휴식을 취하기에도 좋습니다.  \n\n명동 헤지스 플래그십 스토어는 서울 중심부에 위치해 접근성이 뛰어나며, 근처에는 명동 쇼핑거리와 남산 타워가 있어 패션 탐방 후 주변 명소를 함께 즐기기 좋습니다. 매장 주변에는 다양한 카페와 맛집도 밀집해 있어 쇼핑 후 여유로운 시간을 보내기에도 적합합니다.  \n\n방문객을 위한 팁: 매장에서는 헤지스의 시그니처 아이템을 합리적인 가격에 구매할 수 있는 프로모션을 자주 진행하니, 공식 SNS를 미리 확인하면 좋습니다. 또한, 매장 직원들이 스타일링 조언을 친절하게 제공하므로 패션 고민이 있다면 적극 활용해 보시길 추천합니다.  \n\n명동 헤지스 플래그십 스토어는 단순한 쇼핑을 넘어 브랜드의 철학과 한국의 현대적 감각을 동시에 경험할 수 있는 공간입니다. 패션을 사랑하는 여행자라면 놓치지 말아야 할 명동 쇼핑의 필수 코스입니다."", ""장소명: 맥스타일 (maxtyle)\n내용: 맥스타일은 동대문 패션 특화 구역에 위치한 최고급 패션몰이자 복합문화공간입니다. '최대(最大)의 스타일'이라는 뜻의 '맥스타일(Maxtyle)'은 지하 7층, 지상 8층으로 구성된 대규모 쇼핑몰입니다. 동대문이라는 지리적인 이점을 살려 다양한 패션 브랜드와 액세서리, 라이프스타일 제품들을 한자리에서 만나볼 수 있습니다. 최신 트렌드를 쫓는 패션 피플이나 독특한 디자인의 패션 상품을 찾는 분들에게 추천합니다. 또한, 국내외 관광객들이 많이 찾는 곳이므로 호텔을 찾는 여행객들도 방문하기 좋습니다. 전기차를 이용하는 여행객들을 위한 충전 시설도 마련되어 있습니다."", '장소명: 마루이홈\n내용: **마루이홈은 서울 중심부에 위치한 트렌디한 라이프스타일 편집매장으로, 일본과 글로벌 패션·라이프스타일 브랜드를 한자리에서 경험할 수 있는 공간입니다.**  \n\n현대시티타워 12층에 자리 잡은 마루이홈은 도심 속에서 특별한 쇼핑과 휴식을 동시에 즐길 수 있는 복합 문화 공간입니다. 이곳은 단순히 제품을 판매하는 매장이 아니라, 감각적인 인테리어 디자인과 함께 편안하게 공간을 탐방하며 쇼핑을 즐길 수 있도록 구성되어 있습니다. 특히 일본 내 인기 있는 브랜드의 한정판 제품이나 한국에서 쉽게 접하기 어려운 독특한 아이템을 만날 수 있어 패션과 라이프스타일 애호가들의 발길이 끊이지 않습니다.  \n\n주요 볼거리로는 각 브랜드의 핵심 제품을 체계적으로 전시한 테마 존과, 계절별 기획 전시를 통해 선보이는 한정 컬렉션이 있습니다. 또한 매장 내부에는 카페와 휴식 공간이 마련되어 있어 쇼핑 중 잠시 여유를 즐기기에도 좋습니다. 마루이홈은 단순히 물건을 사는 공간을 넘어, 트렌디한 아이템을 발견하고 일상의 영감을 얻을 수 있는 문화적 경험을 제공합니다.  \n\n방문객을 위한 팁으로는, 평일 오후나 주말 오전에 방문하면 비교적 한적하게 쇼핑을 즐길 수 있다는 점을 추천합니다. 또한 매장 내 브랜드별로 할인 이벤트나 팝업 전시가 자주 열리니, 방문 전 공식 홈페이지나 SNS를 확인해 보는 것이 좋습니다. 트렌드에 민감한 제품이나 한정판은 조기 품절될 수 있으니, 관심 있는 아이템이 있다면 미리 체크한 후 방문하는 것을 권장합니다.  \n\n마루이홈은 독특한 쇼핑 경험과 함께 일상의 특별함을 찾고자 하는 분들에게 강력히 추천하는 곳입니다. 도심 속에서 새로운 스타일을 발견하고, 여유로운 시간을 보내기에 완벽한 장소입니다.', '장소명: 시슬리\n내용: **시슬리**는 서울 중구에 위치한 독특한 감성의 패션 편집숍으로, 트렌디한 의류와 액세서리를 한곳에서 만날 수 있는 공간입니다.  \n\n**도심 속 패션의 오아시스**  \n시슬리는 장충단로와 을지로6가의 활기찬 상권 한가운데 자리 잡고 있지만, 내부에는 차분한 색조와 세련된 디스플레이로 차분한 분위기를 연출합니다. 국내외 디자이너 브랜드와 한정판 아이템을 선별해 선보이며, 패션 감각이 뛰어난 방문객들에게 인기가 높습니다. 특히 여성복과 남성복, 유니섹스 제품을 고루 갖춰 커플이나 친구끼리의 쇼핑에도 적합합니다.  \n\n**역사와 현대의 조화**  \n이 지역은 과거 의류 상가의 중심지로 유명했으며, 시슬리는 이러한 역사적 배경을 현대적 감각으로 재해석한 공간입니다. 매장 내부에는 패션 아이콘의 사진 또는 아트워크가 전시되어 있어 쇼핑과 동시에 예술을 감상할 수 있습니다.  \n\n**특별한 쇼핑 체험**  \n시슬리에서는 단순 구매를 넘어 스타일링 상담을 받을 수 있습니다. 패션 전문가의 추천을 통해 개인의 취향에 맞는 아이템을 발견할 수 있으며, 계절별 테마 컬렉션도 운영됩니다. 또한 매장에서는 소규모 팝업 이벤트나 패션 워크숍이 종종 열려, 방문객들에게 영감을 제공합니다.  \n\n**방문 팁**  \n- 평일에는 비교적 한산하니 여유로운 쇼핑을 즐기기에 좋습니다.  \n- 주차 공간이 협소할 수 있으니 대중교통을 이용하는 것을 추천합니다.  \n- 계절별 프로모션 기간에는 한정 상품을 미리 확인해 보세요.  \n\n시슬리는 패션을 사랑하는 이들에게 색다른 경험을 선사하는 공간입니다. 특별한 아이템을 찾고 있다면, 이곳에서 나만의 스타일을 완성해 보시길 추천합니다.', '장소명: JDX 현대동대문\n내용: JDX 현대동대문은 대한민국 수도이자 문화, 인문, 정치, 경제 중심지인 서울특별시 동대문구에 위치한 현대적 복합 쇼핑몰 입니다. 이곳에는 다양한 패션 브랜드와 엔터테인먼트 시설이 입점해 있어, 트렌디한 쇼핑과 여가를 동시에 즐기고 싶은 방문객에게 적합합니다. 특히 가족 단위 여행자나 젊은 연인들이 방문하기에 좋은 장소로, 최신 유행을 선도하는 패션 아이템을 구매하고 다양한 문화 생활을 경험할 수 있습니다.', '장소명: 신세계백화점 본점\n내용: 신세계백화점 본점은 대한민국의 수도이자 최대 도시인 서울 특별시에 위치한 대표적인 쇼핑 명소입니다. 서울은 대한민국의 문화, 인문, 정치, 경제 중심지 역할을 하는 도시로, 오랜 역사를 지닌 고도 중 하나입니다. 신세계백화점 본점은 이러한 서울 특별시의 중심에 자리하며, 다양한 브랜드와 상품을 보유하고 있어 쇼핑객들에게 인기가 많습니다. 특히, 최신 유행의 패션 아이템부터 고급 브랜드 제품까지 폭넓은 제품군을 만나볼 수 있어 패션에 관심 있는 방문객들에게 추천합니다. 또한, 백화점은 단순한 쇼핑 공간을 넘어 다양한 문화 행사와 이벤트가 열리는 장소로도 활용되고 있습니다. 따라서, 서울을 방문한 여행객들이나 서울의 핫한 트렌드를 경험하고 싶은 소비자들에게 신세계백화점 본점 방문을 추천합니다.', '장소명: 마루이홈\n내용: **마루이홈은 서울 중심부에 위치한 트렌디한 라이프스타일 편집매장으로, 일본과 글로벌 패션·라이프스타일 브랜드를 한자리에서 경험할 수 있는 공간입니다.**  \n\n현대시티타워 12층에 자리 잡은 마루이홈은 도심 속에서 특별한 쇼핑과 휴식을 동시에 즐길 수 있는 복합 문화 공간입니다. 이곳은 단순히 제품을 판매하는 매장이 아니라, 감각적인 인테리어 디자인과 함께 편안하게 공간을 탐방하며 쇼핑을 즐길 수 있도록 구성되어 있습니다. 특히 일본 내 인기 있는 브랜드의 한정판 제품이나 한국에서 쉽게 접하기 어려운 독특한 아이템을 만날 수 있어 패션과 라이프스타일 애호가들의 발길이 끊이지 않습니다.  \n\n주요 볼거리로는 각 브랜드의 핵심 제품을 체계적으로 전시한 테마 존과, 계절별 기획 전시를 통해 선보이는 한정 컬렉션이 있습니다. 또한 매장 내부에는 카페와 휴식 공간이 마련되어 있어 쇼핑 중 잠시 여유를 즐기기에도 좋습니다. 마루이홈은 단순히 물건을 사는 공간을 넘어, 트렌디한 아이템을 발견하고 일상의 영감을 얻을 수 있는 문화적 경험을 제공합니다.  \n\n방문객을 위한 팁으로는, 평일 오후나 주말 오전에 방문하면 비교적 한적하게 쇼핑을 즐길 수 있다는 점을 추천합니다. 또한 매장 내 브랜드별로 할인 이벤트나 팝업 전시가 자주 열리니, 방문 전 공식 홈페이지나 SNS를 확인해 보는 것이 좋습니다. 트렌드에 민감한 제품이나 한정판은 조기 품절될 수 있으니, 관심 있는 아이템이 있다면 미리 체크한 후 방문하는 것을 권장합니다.  \n\n마루이홈은 독특한 쇼핑 경험과 함께 일상의 특별함을 찾고자 하는 분들에게 강력히 추천하는 곳입니다. 도심 속에서 새로운 스타일을 발견하고, 여유로운 시간을 보내기에 완벽한 장소입니다.', '장소명: 한섬 SJSJ 현대동대문\n내용: 대한민국 수도 서울특별시의 문화, 인문, 정치, 경제 중심지인 한섬 SJSJ 현대동대문은 다양한 매력과 편리함을 제공하는 곳입니다. 이 곳은 최신 패션과 트렌드를 선도하는 백화점과 쇼핑몰들이 모여있어 쇼핑을 목적으로 방문하는 사람들에게 최적의 장소입니다. 또한, 서울특별시의 중심부에 위치해 있어 도시의 주요 관광지와도 가까워 문화, 예술, 역사를 경험하고 싶은 여행자들에게도 좋은 선택지입니다. 특히, 현대적인 건축물과 전통적인 문화가 공존하는 서울특별시의 독특한 분위기를 느끼고 싶은 사람들에게 추천합니다.', '장소명: 브렝땅\n내용: 브렝땅은 대한민국의 수도이자 문화, 인문, 정치, 경제 중심지인 서울 특별시의 유명 백화점입니다. 최신 패션 트렌드와 다양한 브랜드 상품을 접할 수 있으며, 동시에 맛집과 카페가 많아 쇼핑과 식사를 동시에 즐길 수 있는 곳입니다. 친구나 가족과 함께 최신 유행 패션을 탐방하고 맛집을 찾아다니고 싶을 때 방문하면 좋습니다. 또한, 서울 특별시의 중심에 위치하여 다른 관광지와의 접근성이 좋아 서울 여행을 계획 중인 관광객들에게도 추천드립니다.', '장소명: 아식스 두타\n내용: 아식스 두타는 대한민국 수도인 서울 특별시의 중심에 위치한 유명한 쇼핑몰입니다. 이곳은 최신 패션 브랜드부터 다양한 먹거리까지 풍부한 쇼핑과 엔터테인먼트 옵션을 제공합니다. 서울을 방문하는 여행객들은 이곳에서 최신 트렌드를 경험하고, 다양한 상품을 쇼핑하며, 서울의 문화를 느낄 수 있습니다. 또한, 서울 시민들은 여가 시간을 즐기거나 친구들과 만나기에 좋은 장소입니다.', '장소명: 오렌즈 현대동대문\n내용: **오렌즈 현대동대문은 동대문 패션의 핵심에서 독보적인 쇼핑 경험을 제공하는 트렌디한 소매점**입니다. 서울 중구 장충단로 13길 20 현대시티타워 지하 1층에 위치한 이곳은 패션 애호가들과 현명한 소비자들을 위한 핫스팟으로, 다양한 라이프스타일 아이템과 패션 제품을 한자리에서 만날 수 있습니다.  \n\n### 주요 특징  \n- **다양한 쇼핑 옵션**: 의류, 액세서리, 뷰티 제품 등 트렌디한 아이템부터 실용적인 데일리 굿즈까지 폭넓게 구성되어 있습니다. 특히 동대문만의 빠른 유행 반영력을 바탕으로 한 한정판 제품들이 자주 출시되어 패션 감각을 자랑하고 싶은 방문객들에게 인기가 높습니다.  \n- **편리한 운영 시간**: 오전 10시 30분부터 오후 9시까지 연중 무휴로 운영되며, 오후 8시까지 영업하는 경우도 있어 야간 쇼핑객도 부담 없이 방문할 수 있습니다.  \n- **면세 혜택**: 사후면세점 기능을 겸비해 외국인 관광객은 구매 후 환급 절차를 통해 추가 할인을 받을 수 있어 경제적인 쇼핑이 가능합니다.  \n\n### 방문객을 위한 팁  \n- **트렌드 따라잡기**: 매장과 SNS를 통해 신상품과 한정판 정보를 미리 확인하면 특별한 아이템을 놓치지 않을 수 있습니다.  \n- **야간 방문 추천**: 해가 진 후 동대문의 화려한 LED 간판과 어우러진 야경을 즐기며 쇼핑하는 것도 특별한 경험이 됩니다.  \n- **주변 연계 관광**: 동대문의 명물인 광장시장과 청계천, 덕수궁 돌담길과 함께 방문하면 쇼핑과 문화 체험을 동시에 즐길 수 있습니다.  \n\n오렌즈 현대동대문은 단순히 물건을 사는 공간을 넘어, 동대문의 활기찬 분위기를 고스란히 느낄 수 있는 장소입니다. 패션에 관심이 있거나 독특한 선물을 찾고 있다면 꼭 들러볼 만한 곳입니다.', '장소명: 에이랜드 명동본점\n내용: 에이랜드 명동본점은 서울의 중심가인 명동에 위치한 대표적인 패션 매장입니다. 이곳에서는 최신 트렌드의 패션 아이템들을 만나볼 수 있어, 특히 10대와 20대 젊은이들에게 인기가 많습니다. 서울을 방문한 관광객들이 쇼핑을 즐기기에 적합한 장소로, 다양한 브랜드의 의류와 액세서리를 한곳에서 만나볼 수 있습니다. 특히, 에이랜드만의 독특한 분위기와 함께 트렌디한 패션을 원하는 사람들이 방문하기에 좋습니다. 서울의 중심에서 최신 트렌드를 느끼고 싶은 분들에게 추천드립니다.', '장소명: 롯데 서울역점(SJSJ)\n내용: **롯데 서울역점(SJSJ)은 서울역 중심에 위치한 복합 쇼핑몰로, 쇼핑과 문화 체험을 동시에 즐길 수 있는 현대적인 공간입니다.**  \n서울역 광장과 연결된 한강대로 405에 자리한 이 장소는 롯데아울렛 서울역점을 중심으로 다양한 패션, 라이프스타일 브랜드, 푸드 코너가 어우러져 있습니다. 특히, 역사(驛舍)와의 연계로 교통 접근성이 뛰어나 여행객과 지역 주민 모두에게 편리함을 제공합니다. 내부에는 트렌디한 의류 매장부터 일상 속 필요한 아이템을 찾을 수 있는 편집숍까지 다양하게 구성되어 있어, 쇼핑뿐만 아니라 시간을 보내는 즐거움을 선사합니다.  \n\n주요 볼거리로는 계절별 프로모션과 한정 기획전이 열리는 특별관이 있으며, 푸드 존에서는 국내외 다양한 맛과 함께 편안한 식사를 즐길 수 있습니다. 또한, 문화 행사나 팝업 이벤트가 종종 개최되어 방문객에게 특별한 경험을 선사하기도 합니다. 쇼핑 후 피로를 풀기에 좋은 휴게 공간도 마련되어 있어, 여유롭게 공간을 둘러보며 휴식을 취할 수 있습니다.  \n\n방문객을 위한 팁으로는, 주말이나 연휴에는 인파가 많을 수 있으므로 평일 오후를 추천드리며, 서울역과의 직결 구조 덕분에 대중교통 이용 시 편리하게 이동 가능합니다. 또한, 푸드 코너에서는 현지인과 여행객 모두에게 사랑받는 메뉴들이 준비되어 있으니, 쇼핑 후 맛있는 식사까지 계획해 보시길 권합니다. 롯데 서울역점(SJSJ)은 단순한 쇼핑몰을 넘어 도시의 활기와 현대적 감성을 느낄 수 있는 공간으로, 서울 방문 시 놓치지 말아야 할 장소입니다.', '장소명: 두산타워 (doota)\n내용: 두산타워는 서울시의 중심지인 종로에 위치한 복합 문화 공간입니다. 최신 패션과 트렌드를 경험할 수 있는 쇼핑몰, 다양한 먹거리를 제공하는 식당가, 문화생활을 즐길 수 있는 공연장 및 갤러리 등이 자리 잡고 있어 젊은 층에게 큰 인기를 끌고 있습니다. 특히, 최신 유행을 선도하는 다양한 브랜드의 매장이 입점해 있어 패션에 관심이 많은 방문객에게 추천합니다. 또한, 실내에 있어 날씨에 구애받지 않고 즐길 수 있으며, 각종 문화 행사도 자주 개최되므로 색다른 경험을 원하는 분들에게도 좋습니다.', '장소명: 밀리오레 명동점\n내용: 밀리오레 명동점은 대한민국 서울의 중심지인 중구에 위치한 유명 쇼핑몰입니다. 패션, 뷰티, 식당가 등 다양한 매장이 입점해 있어 최신 유행을 접하고 쇼핑을 즐기기에 최적의 장소입니다. 서울을 방문한 여행객들이 쇼핑과 관광을 동시에 즐기고 싶을 때 방문하면 좋습니다. 또한, 서울에 거주하는 젊은이들이 트렌디한 쇼핑과 여가를 즐기기 위해 자주 찾는 곳이기도 합니다.', '장소명: 본 현대동대문\n내용: **본 현대동대문은 동대문 패션의 중심지에서 쇼핑과 휴식을 동시에 즐길 수 있는 복합 문화공간입니다.**  \n\n서울의 번화가 동대문에 위치한 이 복합몰은 패션, 푸드, 엔터테인먼트가 어우러진 현대적인 공간으로, 특히 24시간 영업으로 언제든지 방문할 수 있어 실용적입니다. 1층에는 다양한 패스트패션 브랜드와 편의시설이 자리해 쇼핑객들의 발길을 사로잡으며, 내부에는 현대적인 인테리어와 편의시설이 조화를 이룹니다.  \n\n주요 볼거리 중 하나는 동대문 패션의 트렌디한 아이템을 한눈에 만날 수 있는 매장들입니다. 특히 젊은 층을 겨냥한 캐주얼웨어부터 세련된 오피스룩까지 폭넓은 스타일을 제안해 방문객의 취향에 맞는 쇼핑이 가능합니다. 또한, 푸드코트와 카페 공간에서는 간단한 식사나 커피를 즐기며 잠시 쉬어가기 좋습니다.  \n\n이 공간은 단순한 쇼핑을 넘어 문화적 경험을 제공합니다. 야간에도 운영하는 만큼, 동대문의 활기찬 밤문화를 경험하려는 여행객들에게 특히 인기가 많습니다. 건물 내부에는 아트월이나 포토존도 마련되어 있어 SNS에 남길 인생샷을 찍기 적합합니다.  \n\n방문객을 위한 팁으로는, 무료 주차 시설을 활용할 수 있다는 점을 추천합니다. 특히 주말이나 저녁 시간대에는 쇼핑객이 많으므로 비교적 한산한 오후 이른 시간을 노리는 것도 좋습니다. 또한, 동대문의 명물인 길거리 음식과 함께 즐기면 더 풍부한 경험을 할 수 있습니다.  \n\n동대문을 방문한다면, 본 현대동대문은 트렌드와 편의를 모두 잡은 필수 코스입니다. 패션, 맛집, 휴식이 공존하는 이곳에서 서울의 활기찬 에너지를 만끽해 보세요!', ""장소명: GCUT\n내용: GCUT는 서울 중심부에 위치한 현대아울렛 동대문점 4층에 자리한 복합 문화 공간으로, 패션·디자인·예술이 어우러진 창의적인 플랫폼입니다. '지오다노' 매장이 입점해 있는 이 공간은 젊은 감성과 트렌드를 반영한 패션 아이템부터 독창적인 디자인 소품까지 다채로운 볼거리를 제공하며, 도심 속 특별한 쇼핑 경험을 선사합니다.\n\n이곳은 역사적 건물인 현대아울렛 동대문점의 현대적 리모델링을 통해 탄생했는데, 을지로6가의 산업 유산을 보존하면서도 모던한 감성으로 재해석한 것이 특징입니다. 특히 4층의 GCUT는 층고의 넉넉함과 자연채광이 조화를 이뤄 편안한 분위기에서 쇼핑과 휴식을 동시에 즐길 수 있습니다. 주변에는 동대문역, 동대문역사문화공원역, 종로5가역 등 3개의 지하철역이 5~9분 거리에 위치해 접근성이 뛰어나며, 46개의 버스 노선으로도 편리하게 연결됩니다.\n\n방문객들을 위한 추천 팁으로는, 평일 오후 시간대에 방문하면 한적한 분위기에서 쇼핑을 즐길 수 있다는 점, 인근에 위치한 전통 시장과 현대 복합 문화공간을 함께 탐방하며 서울의 다채로운 매력을 경험할 수 있다는 점을 꼽을 수 있습니다. 또한 GCUT 내부에서는 한정판 콜라보레이션 제품이나 로컬 디자이너의 작품을 발견할 수 있으니, 세심한 관찰력을 발휘해 보시길 추천합니다. 도심 속 트렌디한 문화를 경험하고 싶다면 GCUT를 방문해 보는 것이 좋습니다."", '장소명: 아이잗바바 현대동대문\n내용: **아이잗바바 현대동대문**은 서울의 번화가인 을지로6가에 위치한 현대적 복합문화공간으로, 일상 속에서 독특한 경험을 선사하는 핫플레이스입니다.  \n\n이 공간은 현대시티타워 지하 1층에 자리잡고 있으며, 지상 23층과 지하 6층으로 구성된 거대한 건물 내에서도 독특한 정체성을 자랑합니다. 특히 19대의 고속 승강기가 설치되어 있어 고층 이동 시 편리함을 제공하며, 24시간 운영되어 언제든지 방문할 수 있다는 점이 매력적입니다. 무료로 이용 가능한 주차장도 마련되어 있어 자차 방문객에게도 편리합니다.  \n\n아이잗바바 현대동대문은 전통과 현대가 조화를 이룬 디자인으로, 방문객들에게 시각적 즐거움을 선사합니다. 내부에서는 다양한 문화 체험 프로그램과 특별 전시가 종종 열리며, 특히 젊은 층을 중심으로 SNS에서 화제가 되는 포토존도 마련되어 있습니다. 또한, 현대시티타워의 거대한 규모와 세련된 인프라는 단순한 관광지를 넘어 비즈니스와 휴식이 공존하는 복합 공간으로서의 역할을 수행합니다.  \n\n방문객을 위한 팁으로는, 건물 내 편의시설과 연계된 문화 행사를 미리 확인해 보는 것을 추천합니다. 특히 야간에는 건물에 비치는 조명이 독특한 분위기를 연출하므로, 낮과는 다른 매력을 느낄 수 있습니다. 또한, 주변에 다양한 먹거리와 쇼핑 시설이 밀집해 있어 관광 후 추가 활동을 계획하기에 좋습니다.  \n\n아이잗바바 현대동대문은 단순한 명소를 넘어 서울의 활기찬 에너지를 고스란히 담아낸 공간입니다. 일상의 피로를 잊고 새로운 영감을 얻고 싶다면, 이 독특한 복합문화공간을 방문해 보시길 권합니다.', '장소명: 동대문 투어하기\n내용: 동대문 투어는 서울에서 가장 활기찬 지역 중 하나인 동대문을 탐험할 수 있는 기회를 제공합니다. 동대문은 동대문디자인플라자(DDP)와 같은 현대적인 건축물부터 동대문역사문화공원과 같은 역사적인 장소까지 다양한 명소가 있습니다. 또한, 동대문은 패션과 쇼핑몰의 중심지로도 유명하여, 쇼핑을 즐기는 방문객들에게 매력적인 장소입니다. 특히, 패션에 관심이 많거나, 현대적인 건축물이나 역사적인 장소를 둘러보고 싶은 분들이 방문하기에 적합한 곳입니다. 또한, 동대문은 다양한 먹거리로 유명하기 때문에, 한국 전통 음식을 맛보고 싶은 분들에게도 추천할 만한 곳입니다.', '장소명: 스타일노리터 현대동대문\n내용: **스타일노리터 현대동대문**은 동대문 패션 산업의 중심에서 트렌디한 디자인과 편의시설을 결합한 복합 문화 공간입니다.  \n\n이곳은 서울특별시 중구에 위치한 현대시티타워 8층에 자리 잡고 있으며, 패션 스튜디오와 미팅룸을 운영합니다. 특히 동대문 패션의 핵심 거점으로, 국내외 디자이너와 유통업체의 협업 공간이면서도 일반 방문객도 체험할 수 있는 개방감을 자랑합니다. 검색 결과에 따르면 2024년 3월 기준으로 영업 시간은 오전 10시 30분부터 오후 8시까지로, 쇼핑과 업무 공간으로의 활용도가 높습니다.  \n\n주요 볼거리로는 동대문 패션 트렌드를 반영한 최신 컬렉션과 팝업 전시 공간이 있습니다. 역사적 배경과는 거리가 있지만, 동대문이 한국 패션 산업의 상징으로 자리매김한 점을 고려하면 현대적 감각으로 재해석된 공간이라는 점에서 의미가 깊습니다. 또한, 미팅룸과 스튜디오를 통해 소규모 브랜드의 쇼룸이나 협업 프로젝트가 활발히 진행되며, 방문객은 패션 산업의 생생한 현장을 체험할 수 있습니다.  \n\n방문객을 위한 팁으로는 평일 오전 시간대 방문이 혼잡하지 않아 여유롭게 둘러보기 좋다는 점을 추천합니다. 또한, 인근에 동대문 시장, 쇼핑몰 등 관광 명소가 밀집해 있어 연계 관광하기에도 최적입니다. 현대동대문점의 트렌디한 공간에서 패션의 미래를 엿보고, 동대문의 활기찬 에너지를 만끽해보세요!  \n\n(참고: 제공된 정보를 바탕으로 작성되었으나, 일부 내용은 일반적인 동대문 지역의 특성을 반영하였습니다.)', '장소명: 스케쳐스 두타\n내용: **스케쳐스 두타**는 동대문 패션 중심지 내에 자리한 트렌디한 스포츠 브랜드 매장으로, 쇼핑과 휴식을 동시에 즐길 수 있는 복합 문화공간입니다.  \n\n두산타워 6층에 위치한 스케쳐스 두타 점은 넓은 공간에 다채로운 아이템을 전시해 패션에 관심 있는 방문객의 눈길을 사로잡습니다. 특히 미국 브랜드 스케쳐스의 대표 신발 라인부터 한정판 콜라보레이션 제품까지 한눈에 확인할 수 있어 패션 피플 사이에서 인기 있는 장소입니다. 매장은 현대적이고 세련된 인테리어로 꾸며져 있어 쇼핑하는 내내 쾌적한 분위기를 유지하며, 직원의 친절한 스타일링 조언도 받아볼 수 있습니다.  \n\n역사적 측면에서 두산타워는 1999년 개장한 상업 빌딩으로, 동대문 시장의 활기찬 에너지를 그대로 담아낸 공간입니다. 스케쳐스 두타 점은 이러한 동대문 역사와 트렌드를 연결해 주는 현대적 허브 역할을 하며, 인근에 동대문 역사문화공원이 있어 쇼핑 후 산책하며 문화유적도 함께 즐기기 좋습니다.  \n\n방문객을 위한 팁으로는, 유동인구가 많은 동대문 특성상 주말보다는 평일 오후에 방문하면 여유롭게 쇼핑할 수 있다는 점을 추천합니다. 또한 지하철 4호선 동대문역사문화공원역에서 도보로 6분 거리에 있어 접근성이 뛰어납니다. 매장 내 체험 공간에서는 제품을 직접 신어보고 편안함을 확인할 수 있으니, 평소 발 건강을 중시하는 분들도 부담 없이 방문해 보시길 바랍니다.  \n\n스케쳐스 두타는 단순한 매장을 넘어 동대문의 젊은 에너지를 담은 공간입니다. 패션에 대한 영감이 필요할 때, 또는 실용적인 아이템을 찾고 있다면 이곳에서 특별한 쇼핑 경험을 즐겨보세요!', '장소명: 온앤온\n내용: **온앤온**은 서울 을지로6가에 위치한 복합 문화 공간으로, 도시 한복판에서 여유로운 휴식과 특별한 체험을 선사하는 곳입니다.  \n\n이 장소는 현대적인 감각으로 재해석된 편안한 분위기에서 다양한 문화 콘텐츠를 즐길 수 있는 것이 특징입니다. 특히, 창의적인 워크숍과 소규모 전시가 열리며, 방문객들은 직접 참여하는 체험을 통해 일상의 스트레스를 잠시 잊고 새로운 영감을 얻을 수 있습니다. 건물 외관은 세련된 디자인과 어우러져 도심 속 미술관을 연상시키며, 내부는 자연 친화적인 소재와 따뜻한 조명으로 꾸며져 있습니다.  \n\n역사적으로는 을지로6가 일대가 과거 상업과 예술의 중심지로 발전해온 과정을 반영하듯, 온앤온은 전통과 현대가 공존하는 문화적 가치를 추구합니다. 주변에는 동대문 패션 거리나 DDP 같은 명소도 있어, 방문 후 주변 탐방을 함께 즐기기에도 좋습니다.  \n\n방문 팁으로는 평일 오후를 추천하며, 주말에는 인기 프로그램의 사전 예약이 필요할 수 있습니다. 조용한 분위기에서 차를 마시며 독서를 하거나, 친구들과 함께 창의적인 활동을 계획하는 것도 좋은 방법입니다. 온앤온은 단순한 공간을 넘어, 일상에 작은 여유를 더하고 싶은 이들에게 특별한 경험을 선사할 것입니다.', ""장소명: 제시카 두타\n내용: **제시카 두타: 서울 한복판에서 만나는 특별한 문화 공간**  \n\n제시카 두타는 서울특별시 중구에 위치한 독특한 컨셉의 문화 복합 공간으로, 현대적 감성과 예술적 요소가 조화를 이룬 장소입니다. 역사적 분위기와 모던한 디자인이 공존하는 이곳에서 방문객들은 일상 속에서 특별한 경험을 할 수 있습니다.  \n\n본문  \n제시카 두타는 과거 산업시설이었던 공간을 재해석해 탄생한 문화 허브로, 건축적 유산과 현대적 감각이 혼합된 독특한 분위기를 자랑합니다. 내부에는 갤러리, 카페, 소규모 공연장 등이 어우러져 예술과 휴식이 공존하는 환경을 제공합니다. 특히, 벽면을 장식한 현지 작가들의 그림과 조형물은 공간의 정체성을 강조하며, 계절별로 변화하는 전시와 이벤트로 매번 새로운 느낌을 선사합니다.  \n\n이곳의 가장 큰 매력은 '체험을 통한 소통'입니다. 방문객은 직접 참여하는 워크숍이나 아트 클래스를 통해 창의성을 발휘할 수 있으며, 지역 예술가들과의 교류를 통해 문화적 영감을 얻을 수 있습니다. 또한, 로케이션 촬영이나 소규모 모임 장소로도 인기가 높아, SNS에서 핫플레이스로 자주 언급됩니다.  \n\n마무리  \n제시카 두타를 방문할 때는 편한 복장으로 방문해 갤러리 탐방과 체험 프로그램을 즐기는 것을 추천합니다. 특히 평일 오후에는 한적한 분위기에서 작품과 차를 즐기며 여유로운 시간을 보낼 수 있습니다. 역사적 맥락을 간직한 공간에서 현대 예술을 접하고 싶다면, 제시카 두타가 완벽한 선택이 될 것입니다.  \n\n*※ 정확한 운영 시간과 프로그램 일정은 방문 전 공식 채널을 확인해 주시기 바랍니다.*"", '장소명: 한섬 타임 현대동대문\n내용: 한섬 타임 현대동대문은 대한민국의 수도 서울에 위치한 현대적인 쇼핑과 엔터테인먼트 복합 공간입니다. 다양한 브랜드의 상점들과 식당, 문화 시설들이 있으며, 도심 속에서의 편리하고 즐거운 시간을 보낼 수 있는 곳입니다. 특히, 서울의 전통과 현대가 어우러진 분위기와 함께 다양한 문화 행사 및 전시가 열리기도 합니다. 다양한 쇼핑과 함께 서울의 문화를 경험하고 싶은 사람들에게 적합한 장소입니다. 가족이나 친구들과 함께 방문하여 도심 속에서의 여유로운 휴식을 즐기는 것을 추천합니다.', '장소명: 에페\n내용: **에페(EPEE)는 서울의 역사적 정취와 현대적 예술 감각이 조화를 이룬 독특한 문화 공간이다.**  \n\n종로구 골목에 자리한 에페는 1960년대 건축가 김수근의 작품으로, 한국 현대 건축사의 중요한 발자취를 간직한 건물이다. 붉은 벽돌과 기하학적 디자인이 특징인 이 공간은 과거 주택으로 사용되다가 최근에는 전시 공간과 카페로 재탄생했다. 내부에는 원형이 보존된 계단과 창문, 공간 구조가 당시의 시대적 분위기를 생생하게 전달하며, 현대적인 인테리어 요소들과 어우러져 독특한 매력을 발산한다.  \n\n이곳에서는 정기 전시회, 소규모 공연, 문화 워크숍 등 다양한 예술 행사가 열린다. 특히 역사적 건물의 정체성을 살리면서도 젊은 예술가들의 작품을 소개하는 기획전이 눈길을 끈다. 1층 카페에서는 지역 로스터리 커피를 즐기며 창밖으로 보이는 한옥과 현대적 건물의 대비를 감상할 수 있다.  \n\n방문객을 위한 팁으로는 평일 오후를 추천한다. 주말보다 한적하게 공간을 둘러보기 좋으며, 근처 좁은 골목을 걸으며 주변 전통 한옥과 갤러리 탐방을 함께 즐기기 좋다. 사진 촬영을 계획한다면 건물의 구조적 특징(예: 계단과 빛의 조화)을 활용하면 독특한 결과물을 얻을 수 있다.  \n\n에페는 과거와 현재, 건축과 예술의 경계를 넘나드는 특별한 경험을 선사하는 장소로, 단순한 관광지를 넘어 서울의 문화적 정체성을 느끼고 싶은 이들에게 강력히 추천한다.']",1,0
multi_query_dense,쇼핑과 업무를 동시에 즐길 수 있는 복합 공간 어디 있을까?,"['장소명: 반스 두타\n내용: 동대문 디자인 플라자(DDP) 근처에 위치한 반스 두타는 쇼핑과 문화를 한번에 즐길 수 있는 복합 문화 공간입니다. 이곳에는 다양한 브랜드의 패션 상품과 더불어 현대적인 디자인의 건축물이 조화를 이루고 있습니다. 또한, 현대면세점이 입점해 있어 외국인 관광객들에게도 인기가 많습니다. 분위기 있는 식사를 원한다면 레스토랑이나 카페를, 쇼핑을 즐기고 싶다면 다양한 브랜드 매장을 방문해보세요. 친구나 가족과 함께 쇼핑과 문화를 즐기고 싶은 분들에게 특히 추천드립니다.', ""장소명: 찰스앤키스 눈스퀘어\n내용: **명동의 새로운 패션·엔터테인먼트 복합공간, 찰스앤키스 눈스퀘어**  \n찰스앤키스 눈스퀘어는 패션, 식음료, 엔터테인먼트가 한데 어우러진 명동의 대표 복합 문화공간으로, 흰 결정체를 형상화한 모던한 디자인과 편의성이 돋보이는 쇼핑 명소입니다.  \n\n### 주요 볼거리 & 특징  \n눈스퀘어는 한국 최초로 외부 에스컬레이터를 도입해 접근성을 극대화했으며, 국내외 다양한 패션 브랜드부터 CGV 영화관, 카페까지 한곳에서 즐길 수 있는 것이 특징입니다. 특히 지하 2층에는 한양문고&카페가 위치해 쇼핑 후 편안하게 책을 읽거나 휴식할 수 있습니다. 최근 오픈한 ZARA 플래그십 스토어와 한국 독점 '자카페(ZARA Cafe)'는 감각적인 인테리어와 독특한 쇼핑 경험을 선사하며 방문객들의 발길을 사로잡습니다.  \n\n패션 섹션은 실용성과 트렌드를 겸비한 카테고리로 구성되어 있으며, F&B 존에서는 간편하게 즐길 수 있는 글로벌 패스트푸드와 현지 맛집을 함께 만날 수 있습니다. 영화관은 최신 상영작과 편안한 관람 환경을 제공해 쇼핑과 문화생활을 동시에 즐기기에 이상적입니다.  \n\n### 방문객을 위한 팁  \n- **플래그십 스토어 체험**: ZARA 플래그십 스토어는 단순한 매장이 아닌 공간 자체가 예술품으로, 컬렉션마다 특별 섹션이 마련되어 있으니 천천히 둘러보시길 추천합니다.  \n- **자카페 활용**: 한국에서만 만날 수 있는 ZARA의 카페는 커피와 디저트를 즐기며 쇼핑 피로를 풀기에 좋습니다.  \n- **지하 2층 서점**: 한양문고&카페에서 조용히 책을 읽거나 기념품용 책을 고르는 것도 특별한 경험이 될 것입니다.  \n\n눈스퀘어는 명동의 번화가에 위치하지만, 외부 에스컬레이터와 깔끔한 내부 설계로 오히려 여유로운 분위기입니다. 패션, 문화, 휴식을 한곳에서 누리고 싶다면 반드시 방문해 보세요!"", '장소명: 레더라SFC\n내용: 레더라SFC는 대한민국 수도 서울특별시의 중심지에 위치한 복합문화공간입니다. 현대적인 건축물과 다양한 문화, 예술 작품이 어우러져 있으며, 수많은 상점, 레스토랑, 카페 등이 자리 잡고 있습니다. 특히, 지하에는 SFC Mall이 위치해 있어 쇼핑과 식사를 동시에 즐길 수 있습니다. 다양한 전시회와 공연이 열리며, 도시의 역동적인 분위기를 느끼고 싶거나 문화 예술에 관심이 많은 사람들에게 추천하는 장소입니다. 또한, 비즈니스와 여가를 동시에 즐기고 싶은 사람들에게도 적합한 곳입니다.', '장소명: 한국의집 사랑 카페앤아트샵\n내용: Korea House Cafī & Art Shop(한국의집 사랑 카페앤아트샵)은 서울 특별시의 중심부, 중구 필동2가에 위치한 문화 공간입니다. 이곳은 한국의 전통과 현대가 조화를 이루는 곳으로, 방문객들은 한국 고유의 아름다움을 느낄 수 있는 다양한 예술 작품을 감상하고 구매할 수 있습니다. 또한, 카페에서는 전통 차가 제공되어 한국의 문화를 더욱 깊이 이해할 수 있는 기회를 제공합니다. 특히, 한국 문화를 체험하고 싶은 외국인 관광객이나, 바쁜 도시 생활 속에서 잠시 휴식을 취하고 싶은 사람들에게 추천하는 장소입니다. 한국의 전통미와 현대적 감성이 어우러진 환경에서 특별한 경험을 하실 수 있습니다.', '장소명: 본 현대동대문\n내용: **본 현대동대문은 동대문 패션의 중심지에서 쇼핑과 휴식을 동시에 즐길 수 있는 복합 문화공간입니다.**  \n\n서울의 번화가 동대문에 위치한 이 복합몰은 패션, 푸드, 엔터테인먼트가 어우러진 현대적인 공간으로, 특히 24시간 영업으로 언제든지 방문할 수 있어 실용적입니다. 1층에는 다양한 패스트패션 브랜드와 편의시설이 자리해 쇼핑객들의 발길을 사로잡으며, 내부에는 현대적인 인테리어와 편의시설이 조화를 이룹니다.  \n\n주요 볼거리 중 하나는 동대문 패션의 트렌디한 아이템을 한눈에 만날 수 있는 매장들입니다. 특히 젊은 층을 겨냥한 캐주얼웨어부터 세련된 오피스룩까지 폭넓은 스타일을 제안해 방문객의 취향에 맞는 쇼핑이 가능합니다. 또한, 푸드코트와 카페 공간에서는 간단한 식사나 커피를 즐기며 잠시 쉬어가기 좋습니다.  \n\n이 공간은 단순한 쇼핑을 넘어 문화적 경험을 제공합니다. 야간에도 운영하는 만큼, 동대문의 활기찬 밤문화를 경험하려는 여행객들에게 특히 인기가 많습니다. 건물 내부에는 아트월이나 포토존도 마련되어 있어 SNS에 남길 인생샷을 찍기 적합합니다.  \n\n방문객을 위한 팁으로는, 무료 주차 시설을 활용할 수 있다는 점을 추천합니다. 특히 주말이나 저녁 시간대에는 쇼핑객이 많으므로 비교적 한산한 오후 이른 시간을 노리는 것도 좋습니다. 또한, 동대문의 명물인 길거리 음식과 함께 즐기면 더 풍부한 경험을 할 수 있습니다.  \n\n동대문을 방문한다면, 본 현대동대문은 트렌드와 편의를 모두 잡은 필수 코스입니다. 패션, 맛집, 휴식이 공존하는 이곳에서 서울의 활기찬 에너지를 만끽해 보세요!', '장소명: 라이프워크\n내용: **라이프워크**는 서울 용산 한강대로에 위치한 독특한 문화 공간으로, 창의적인 작업과 휴식이 공존하는 복합 문화 라운지입니다.  \n\n라이프워크는 과거 KDB생명타워로 알려진 건물의 일부를 리모델링하여 탄생했으며, 현대적인 감각과 자연이 어우러진 공간으로 재탄생했습니다. 이곳은 예술가, 창작자, 방문객이 자유롭게 소통하며 영감을 얻을 수 있는 장소로, 작업실과 카페, 전시 공간을 겸비하고 있습니다. 특히 한강 뷰가 펼쳐지는 대형 창가와 아늑한 인테리어가 조화를 이뤄 차분한 분위기에서 창의적인 활동을 즐기기에 적합합니다.  \n\n주요 볼거리로는 **오픈 스튜디오**와 **로테이션 갤러리**가 있습니다. 오픈 스튜디오에서는 지역 작가들의 작업 과정을 직접 관찰할 수 있으며, 갤러리는 매 계절마다 새로운 테마의 전시로 방문객을 맞이합니다. 또한, **라이프워크 카페에서 제공하는 핸드드립 커피와 계절별 디저트**는 이곳에서만 경험할 수 있는 특별한 메뉴로, 여유로운 시간을 보내기에 완벽합니다.  \n\n라이프워크는 단순한 작업 공간을 넘어 문화 교류의 장으로서의 역할도 수행합니다. 정기적으로 열리는 **워크숍과 아티스트 토크**는 예술을 사랑하는 이들에게 깊은 영감을 주며, 지역 커뮤니티와의 협업 프로젝트도 활발히 진행되고 있습니다.  \n\n방문객을 위한 팁으로는 **주말 오후 시간대 추천**을 드립니다. 한강의 풍경과 어우러진 노을을 배경으로 한 작업 공간에서의 시간은 특별한 추억을 선사할 것입니다. 또한, 갤러리 전시는 사전 예약 없이도 자유롭게 관람할 수 있으니, 부담 없이 방문해 보세요. 라이프워크에서의 하루는 창작과 휴식이 공존하는 소중한 경험이 될 것입니다.  \n\n*※ 정확한 운영 시간과 프로그램 일정은 공식 채널을 확인해 주시기 바랍니다.*', ""장소명: GCUT\n내용: GCUT는 서울 중심부에 위치한 현대아울렛 동대문점 4층에 자리한 복합 문화 공간으로, 패션·디자인·예술이 어우러진 창의적인 플랫폼입니다. '지오다노' 매장이 입점해 있는 이 공간은 젊은 감성과 트렌드를 반영한 패션 아이템부터 독창적인 디자인 소품까지 다채로운 볼거리를 제공하며, 도심 속 특별한 쇼핑 경험을 선사합니다.\n\n이곳은 역사적 건물인 현대아울렛 동대문점의 현대적 리모델링을 통해 탄생했는데, 을지로6가의 산업 유산을 보존하면서도 모던한 감성으로 재해석한 것이 특징입니다. 특히 4층의 GCUT는 층고의 넉넉함과 자연채광이 조화를 이뤄 편안한 분위기에서 쇼핑과 휴식을 동시에 즐길 수 있습니다. 주변에는 동대문역, 동대문역사문화공원역, 종로5가역 등 3개의 지하철역이 5~9분 거리에 위치해 접근성이 뛰어나며, 46개의 버스 노선으로도 편리하게 연결됩니다.\n\n방문객들을 위한 추천 팁으로는, 평일 오후 시간대에 방문하면 한적한 분위기에서 쇼핑을 즐길 수 있다는 점, 인근에 위치한 전통 시장과 현대 복합 문화공간을 함께 탐방하며 서울의 다채로운 매력을 경험할 수 있다는 점을 꼽을 수 있습니다. 또한 GCUT 내부에서는 한정판 콜라보레이션 제품이나 로컬 디자이너의 작품을 발견할 수 있으니, 세심한 관찰력을 발휘해 보시길 추천합니다. 도심 속 트렌디한 문화를 경험하고 싶다면 GCUT를 방문해 보는 것이 좋습니다."", '장소명: 닥스\n내용: **닥스(D’AUX)는 서울 중심가에 위치한 현대적인 전망 카페이자 복합문화공간으로, 일상 속에서 특별한 시간을 선사하는 감성적인 장소입니다.**  \n\n닥스는 서울특별시 중구의 번화가 속에서 조용히 자리한 현대적인 건물 내에 위치해 있습니다. 이곳은 높은 층고의 유리창과 세련된 인테리어로 이루어진 공간에서도 특히 전망대 역할을 하는 루프탑이 눈에 띕니다. 도심의 네온사인과 어우러진 야경은 도시의 활기와 평온함을 동시에 느낄 수 있게 해주며, 낮에는 창밖으로 펼쳐지는 을지로 일대의 풍경을 감상하며 커피를 즐기기 좋습니다.  \n\n닥스의 가장 큰 매력은 **‘일상의 여유’를 중시하는 컨셉**입니다. 단순히 음료를 마시는 공간을 넘어, 책이나 잡지를 읽거나 작업하기에도 적합한 분위기를 제공합니다. 특히 계절별로 제공되는 디저트 메뉴는 방문객들에게 작은 즐거움을 선사하며, 커피와 차 메뉴 역시 신선도와 풍미를 고려해 세심하게 구성되어 있습니다.  \n\n건물 자체는 현대적인 설계로 지어졌지만, 주변의 역사적인 을지로 거리와의 조화도 독특합니다. 1960~70년대 산업화의 흔적이 남아 있는 골목들과 현대적 공간이 공존하며, 이는 과거와 현재를 오가는 여행 같은 경험을 제공합니다.  \n\n**방문객을 위한 팁**을 드리자면, 루프탑은 저녁 시간대에 더욱 아름답습니다. 일몰 직후의 노을과 점점 밝아지는 도시의 불빛이 만들어내는 풍경은 사진 찍기에도 좋습니다. 또한, 주말에는 방문객이 많을 수 있으니 평일 오후를 추천합니다. 근처에 전통 시장과 현대적인 카페가 혼재되어 있어 닥스 방문 후 주변 탐방을 함께 즐기면 더욱 풍부한 경험이 될 것입니다.  \n\n닥스는 단순히 ‘가는 곳’이 아니라 ‘머무는 곳’을 추구하는 이들에게 추천할 만한 공간입니다. 도시의 속도와 거리를 두고 싶은 순간, 이곳에서 여유로운 시간을 가져보세요.', '장소명: 황금콩밭\n내용: **황금콩밭**은 서울에서 색다른 문화 체험을 할 수 있는 독특한 복합 문화 공간입니다.  \n\n이 공간은 마포구 한적한 골목길에 자리 잡고 있으며, 현대적인 감각과 전통적인 요소가 조화를 이룬 인테리어로 방문객의 시선을 사로잡습니다. 황금콩밭은 카페와 갤러리를 결합한 공간으로, 지역 예술가들의 작품을 감상하며 편안한 시간을 보낼 수 있습니다. 특히, 계절별로 변화하는 테마 전시는 방문객에게 항상 새로운 경험을 선사합니다.  \n\n주요 볼거리 중 하나는 공간 한켠에 마련된 소규모 정원입니다. 도심 속에서도 자연을 느낄 수 있도록 조성된 이 정원은 사진 촬영 명소로도 인기 있습니다. 또한, 직접 체험할 수 있는 워크숍 프로그램이 정기적으로 열리는데, 핸드드립 커피 클래스와 소품 만들기 활동 등이 대표적입니다.  \n\n역사적 배경은 명확히 알려지지 않았지만, 건물의 외관과 내부 구조에서 느껴지는 레트로한 감성은 과거의 흔적을 간직하고 있어 묘한 분위기를 자아냅니다. 이는 현대적인 문화 공간과 조화되며 독특한 정체성을 형성합니다.  \n\n방문객을 위한 팁으로는 평일 오후를 추천합니다. 주말보다는 한적한 분위기 속에서 여유로운 시간을 보내기에 좋으며, 사전 예약을 통해 체험 프로그램에 참여할 수 있습니다. 또한, 공간 내에서 제공하는 지역 로스팅 커피와 디저트는 황금콩밭의 특별한 매력을 더하는 요소이니 꼭 경험해 보시길 권합니다.  \n\n황금콩밭은 단순한 카페나 갤러리를 넘어, 일상의 소소한 즐거움을 찾는 이들에게 강추하는 공간입니다. 예술과 휴식, 문화가 공존하는 이곳에서 나만의 특별한 이야기를 만들어 보세요.', '장소명: 스타일노리터 현대동대문\n내용: **스타일노리터 현대동대문**은 동대문 패션 산업의 중심에서 트렌디한 디자인과 편의시설을 결합한 복합 문화 공간입니다.  \n\n이곳은 서울특별시 중구에 위치한 현대시티타워 8층에 자리 잡고 있으며, 패션 스튜디오와 미팅룸을 운영합니다. 특히 동대문 패션의 핵심 거점으로, 국내외 디자이너와 유통업체의 협업 공간이면서도 일반 방문객도 체험할 수 있는 개방감을 자랑합니다. 검색 결과에 따르면 2024년 3월 기준으로 영업 시간은 오전 10시 30분부터 오후 8시까지로, 쇼핑과 업무 공간으로의 활용도가 높습니다.  \n\n주요 볼거리로는 동대문 패션 트렌드를 반영한 최신 컬렉션과 팝업 전시 공간이 있습니다. 역사적 배경과는 거리가 있지만, 동대문이 한국 패션 산업의 상징으로 자리매김한 점을 고려하면 현대적 감각으로 재해석된 공간이라는 점에서 의미가 깊습니다. 또한, 미팅룸과 스튜디오를 통해 소규모 브랜드의 쇼룸이나 협업 프로젝트가 활발히 진행되며, 방문객은 패션 산업의 생생한 현장을 체험할 수 있습니다.  \n\n방문객을 위한 팁으로는 평일 오전 시간대 방문이 혼잡하지 않아 여유롭게 둘러보기 좋다는 점을 추천합니다. 또한, 인근에 동대문 시장, 쇼핑몰 등 관광 명소가 밀집해 있어 연계 관광하기에도 최적입니다. 현대동대문점의 트렌디한 공간에서 패션의 미래를 엿보고, 동대문의 활기찬 에너지를 만끽해보세요!  \n\n(참고: 제공된 정보를 바탕으로 작성되었으나, 일부 내용은 일반적인 동대문 지역의 특성을 반영하였습니다.)', '장소명: 갤럭시\n내용: **갤럭시: 서울의 현대적 랜드마크와 편의시설이 집약된 복합 공간**  \n서울 중구에 위치한 갤럭시는 역세권과 생활 인프라를 고루 갖춘 현대적인 복합건물로, 도시 생활의 편리함과 접근성을 집약적으로 경험할 수 있는 곳입니다.  \n\n**주요 특징과 볼거리**  \n갤럭시는 지상 23층, 지하 6층으로 구성된 대규모 건물로, 승강기 19대가 설치되어 고층 이동이 편리합니다. 특히 동대문역(4호선, 1호선)과 도보 5분 거리이며, 동대문역사문화공원역(2호선, 4호선, 5호선)도 6분 거리에 있어 서울 전역으로 빠르게 이동할 수 있습니다. 버스 정류장도 3개 이상이 도보 4분 이내에 위치해 대중교통 접근성이 뛰어납니다.  \n\n건물 내부에는 실내 주차장이 마련되어 있어 차량 이용자도 편리하게 이용할 수 있습니다. 또한 주변에 공원 2개가 도보 10분 거리에 있어 운동 및 휴식을 즐기기에 적합하며, 한양중학교도 20분 거리에 있어 가족 단위 방문객에게 편의성을 제공합니다.  \n\n**역사적 배경과 건축적 의미**  \n20년 전 완공된 갤럭시는 당시 첨단 기술과 현대적 설계를 반영한 건축물로, 시간이 흐르며 일부 보수 작업이 필요할 수 있으나 여전히 서울 도심에서 안정적인 기능을 유지하고 있습니다. 건물 내외부의 균형 잡힌 설계는 도시 환경과의 조화를 중시하는 철학을 반영하며, 다양한 세대의 요구를 수용하는 다목적 공간으로 자리 잡았습니다.  \n\n**방문객을 위한 팁**  \n- 대중교통 이용 시 동대문역이나 동대문역사문화공원역을 활용하면 접근성이 좋습니다.  \n- 주변에 공원 및 교육기관이 많아 가족 단위 방문에 적합합니다.  \n- 실내 주차장이 있으나, 주말에는 혼잡할 수 있으니 여유 시간을 두고 방문하세요.  \n- 건물 내 편의시설과 주변 상업시설을 함께 활용하면 더욱 풍부한 경험을 할 수 있습니다.  \n\n갤럭시는 서울의 번화한 도심 속에서도 편리함과 여유를 동시에 누릴 수 있는 공간입니다. 역세권과 생활 인프라가 집약되어 있어 비즈니스 방문객부터 일상 속 휴식을 원하는 이들까지 모두에게 추천할 만한 장소입니다.', '장소명: 엔소유 두타\n내용: 서울 중구에 위치한 두산타워는 업무시설과 상업시설이 복합된 건물입니다. 1999년 개장했으며, 지상 34층, 지하 7층으로 이뤄져 있습니다. 높이 156m로 장충단로 일대의 랜드마크로 자리잡고 있습니다. 쇼핑과 비즈니스가 공존하는 공간이기 때문에, 방문객들은 최신 패션 아이템을 찾아 쇼핑을 즐기거나, 비즈니스 미팅을 위해 방문하기에 적합합니다. 또한, 다양한 음식점들이 입점해 있어 식사도 해결할 수 있습니다.', '장소명: HEAL 두타\n내용: 두산타워, 약칭 두타는 서울특별시 중구에 위치한 상업 및 업무용 빌딩입니다. 1999년 개장한 이 마천루는 지상 34층, 지하 7층으로 이루어져 있으며 높이는 156m입니다. 업무시설과 함께 다양한 쇼핑 및 오락 시설을 갖추고 있어 방문객들에게 편리한 원스톱 생활 공간을 제공합니다. 특히 젊은 층을 위한 패션 브랜드와 음식점들이 많아 쇼핑과 여가를 즐기고자 하는 이들에게 추천합니다. 또한, 업무시설로서의 역할도 뛰어나 비즈니스 목적으로도 방문하기 좋습니다.', '장소명: 크리스 PING 롯데서울역\n내용: **크리스 PING 롯데서울역**은 서울역 민자역사 내에 위치한 현대적인 복합 쇼핑 공간으로, 롯데마트와 롯데아울렛이 결합된 편의성과 쇼핑의 즐거움을 동시에 선사하는 곳입니다.  \n\n이곳은 2004년 개점 이후 서울 도심 교통의 핵심 거점인 서울역을 찾는 방문객들에게 편리한 쇼핑과 주차 서비스를 제공해 왔습니다. 특히 1번 출구에서 도보로 1분 거리에 있어 접근성이 뛰어나며, 다양한 대중교통(간선버스, 지선버스, 광역버스)과 연결되어 전국 각지에서 찾아온 여행객들이 편리하게 방문할 수 있습니다.  \n\n크리스 PING 롯데서울역의 가장 큰 특징은 **쇼핑과 일상의 편의를 한곳에서 해결할 수 있다는 점**입니다. 롯데마트에서는 신선한 식재료부터 생활용품까지 다양한 상품을 만날 수 있고, 롯데아울렛에서는 국내외 유명 브랜드의 패션 아이템을 합리적인 가격에 구매할 수 있습니다. 또한, 옥외주차장 왼편에 자리한 **서울역 옥상정원**은 도심 속에서 한적하게 휴식을 취하고 서울로7017과 이어지는 아름다운 풍경을 감상할 수 있는 명소입니다.  \n\n방문객들을 위한 팁 하나! 주차장은 최대 840대까지 수용 가능하며, 기본 요금은 30분 3,000원, 1일 요금은 28,000원으로 장시간 쇼핑 시에도 부담 없이 이용할 수 있습니다. 주말이나 공휴일에는 방문객이 많을 수 있으니, 여유 있게 일정을 계획하는 것을 추천합니다.  \n\n크리스 PING 롯데서울역은 단순한 쇼핑 공간을 넘어 서울 여행의 중간 기착지로, 편리한 인프라와 다양한 즐길 거리를 통해 방문객에게 특별한 경험을 선사합니다. 도심 속 쇼핑과 휴식을 동시에 누리고 싶다면 이곳이 바로 최적의 장소입니다.', '장소명: 르피타\n내용: 르피타는 대한민국 서울특별시 중구에 위치한 두산타워에 있는 곳입니다. 두산타워는 1999년에 개장한 복합 상업 및 업무용 빌딩으로, 지상 34층, 지하 7층의 높이를 자랑합니다. 르피타는 이러한 중심적인 위치에 있어, 패션과 엔터테인먼트, 업무 시설 등을 함께 즐길 수 있는 곳입니다. 특히, 최신 트렌드의 패션 쇼핑을 즐기고 싶은 분들이나, 다양한 문화 생활과 업무를 한 곳에서 처리하고 싶은 분들에게 추천합니다. 또한, 서울의 중심에 자리 잡아 접근성이 좋아 관광객들에게도 인기 있는 명소 중 하나입니다.', '장소명: 지이크 롯데서울역\n내용: **지이크 롯데서울역**은 서울역과 연계된 복합 쇼핑공간으로, 패션부터 생활용품까지 다양한 쇼핑과 편의를 한곳에서 즐길 수 있는 핫플레이스입니다.  \n\n이곳은 서울역 2층 출구와 직접 연결되어 있어 접근성이 뛰어나며, 특히 롯데아울렛 브랜드의 다양한 상품을 만나볼 수 있습니다. 5층 규모의 건물 내부에는 트렌디한 의류 매장부터 일상 속 필요한 아이템을 찾는 라이프스타일 샵까지 고루 구성되어 있어 쇼핑객들의 니즈를 충족시킵니다. 또한, 롯데마트 주차장과 연계되어 차량으로 방문하는 경우에도 편리하게 이용할 수 있으며, 24시간 출차가 가능한 점도 장점입니다.  \n\n역사적으로는 경부고속철도 서울민자역사 건물 내에 자리 잡은 지이크 롯데서울역은 현대적인 쇼핑 공간과 역사적 철도 인프라가 조화를 이룬 독특한 매력을 지녔습니다. 특히 서울역을 오가는 여행객이나 출장이 잦은 비즈니스 여행객들에게 잠시 쉬어가며 쇼핑을 즐길 수 있는 공간으로 사랑받고 있습니다.  \n\n방문객을 위한 팁으로는, 평일 오후나 주말 오전 등 비교적 한산한 시간대에 방문하면 여유롭게 쇼핑할 수 있다는 점입니다. 또한, 서울역 공항철도와 가까워 공항 이동 전후로 필요한 물품을 구입하거나 기념품을 구매하기에 최적의 장소입니다.  \n\n지하철과 기차를 이용하는 여행자라면, 도보 3분 거리의 접근성을 활용해 짧은 시간 동안 알차게 쇼핑을 즐겨보세요. 지이크 롯데서울역에서의 쇼핑이 여행의 피로를 풀어주고 특별한 추억을 선사할 것입니다.', '장소명: 닉스\n내용: **닉스: 도심 속 현대적 편의시설이 집약된 복합 공간**  \n닉스는 서울 중구에 위치한 동대문 현대시티타워의 일부로, 현대적인 승강기 시스템과 편의시설을 갖춘 복합 건물입니다. 특히 엘지산전에서 제조한 전망용 승강기는 건물 내부의 핵심 요소로, 세련된 디자인과 안정적인 성능을 바탕으로 방문객과 이용자 모두에게 편리함과 시각적 즐거움을 선사합니다.  \n\n**주요 특징과 볼거리**  \n닉스가 자리한 동대문 현대시티타워는 24시간 운영이 가능해 언제든 방문할 수 있으며, 주차 서비스가 무료로 제공됩니다. 건물 내부에는 현대적인 시설을 갖춘 승강기 시스템이 설치되어 있어 고층 이동 시 쾌적한 경험을 할 수 있습니다. 특히 제조사인 엘지산전의 기술력이 반영된 권상식-VVVF 방식의 승강기는 속력(105m/분)과 안전성에서 우수성을 인정받고 있습니다. 또한, 동대문 주변의 활기찬 상권과 가까워 쇼핑이나 맛집 탐방 후 잠시 쉬어가기에도 적합합니다.  \n\n**체험 요소와 주변 정보**  \n동대문 역사문화공원, 서울역 등 주요 관광지와의 접근성이 뛰어나 도보 또는 대중교통을 이용해 편리하게 이동할 수 있습니다. 인근에는 다양한 노선의 버스가 운행되어 서울 전역과 경기도 인근 지역까지도 손쉽게 연결되죠. 건물 자체는 현대적인 비즈니스 공간이지만, 주변의 역사적·문화적 자원들과 조화를 이루며 독특한 매력을 발산합니다.  \n\n**방문 팁**  \n- 동대문 패션타운이나 광장시장과 연계해 방문하면 쇼핑과 휴식을 동시에 즐길 수 있습니다.  \n- 승강기 견학이 목적이라면 사전에 운영 시간을 확인하는 것이 좋습니다.  \n- 주변에 맛집과 카페가 많아 방문 후 간단한 식사나 커피 시간을 가지기에도 좋습니다.  \n\n닉스는 단순한 건물을 넘어 도시의 편리함과 역사를 경험할 수 있는 공간입니다. 현대적 인프라와 주변 관광자원을 함께 즐기며 특별한 시간을 보내보세요!', '장소명: 아이잗바바 현대동대문\n내용: **아이잗바바 현대동대문**은 서울의 번화가인 을지로6가에 위치한 현대적 복합문화공간으로, 일상 속에서 독특한 경험을 선사하는 핫플레이스입니다.  \n\n이 공간은 현대시티타워 지하 1층에 자리잡고 있으며, 지상 23층과 지하 6층으로 구성된 거대한 건물 내에서도 독특한 정체성을 자랑합니다. 특히 19대의 고속 승강기가 설치되어 있어 고층 이동 시 편리함을 제공하며, 24시간 운영되어 언제든지 방문할 수 있다는 점이 매력적입니다. 무료로 이용 가능한 주차장도 마련되어 있어 자차 방문객에게도 편리합니다.  \n\n아이잗바바 현대동대문은 전통과 현대가 조화를 이룬 디자인으로, 방문객들에게 시각적 즐거움을 선사합니다. 내부에서는 다양한 문화 체험 프로그램과 특별 전시가 종종 열리며, 특히 젊은 층을 중심으로 SNS에서 화제가 되는 포토존도 마련되어 있습니다. 또한, 현대시티타워의 거대한 규모와 세련된 인프라는 단순한 관광지를 넘어 비즈니스와 휴식이 공존하는 복합 공간으로서의 역할을 수행합니다.  \n\n방문객을 위한 팁으로는, 건물 내 편의시설과 연계된 문화 행사를 미리 확인해 보는 것을 추천합니다. 특히 야간에는 건물에 비치는 조명이 독특한 분위기를 연출하므로, 낮과는 다른 매력을 느낄 수 있습니다. 또한, 주변에 다양한 먹거리와 쇼핑 시설이 밀집해 있어 관광 후 추가 활동을 계획하기에 좋습니다.  \n\n아이잗바바 현대동대문은 단순한 명소를 넘어 서울의 활기찬 에너지를 고스란히 담아낸 공간입니다. 일상의 피로를 잊고 새로운 영감을 얻고 싶다면, 이 독특한 복합문화공간을 방문해 보시길 권합니다.', '장소명: 대현 쥬크 현대동대문\n내용: 대현 쥬크 현대동대문은 대한민국의 수도이자 문화, 인문, 정치, 경제 중심지로 알려진 서울 특별시에 위치한 현대적인 빌딩입니다. 다양한 기업과 상업 시설이 입주해 있으며, 최신식 인프라와 편리한 교통으로 비즈니스와 쇼핑을 동시에 즐길 수 있는 곳입니다. 서울 특별시의 주요 정보를 한눈에 파악하고 싶은 분들이나, 현대적인 공간에서 일상을 벗어나 휴식을 취하고 싶은 분들에게 추천합니다.', '장소명: LW컨벤션\n내용: LW컨벤션은 서울 중구에 위치한 현대적인 컨벤션 센터로, 다양한 행사와 모임이 이루어지는 전문적인 공간입니다.  \n\nLW컨벤션은 중림동의 청파로 464에 자리한 복합 문화 공간으로, 첨단 시설과 유연한 공간 구성이 특징입니다. 대규모 회의부터 소규모 세미나까지 다양한 규모의 행사를 지원하며, 특히 비즈니스 미팅과 네트워킹 행사에 최적화된 환경을 제공합니다. 내부에는 고해상도 프로젝터와 음향 시스템을 갖춘 회의실, 자연스러운 채광이 가능한 오픈 라운지, 편의시설이 완비되어 있습니다.  \n\n역사적 배경과 직접 연결된 정보는 부족하지만, 중림동 일대는 과거 서울의 상업과 교통의 중심지로 발전해 온 지역적 특성이 반영된 곳입니다. LW컨벤션은 이러한 도시적 인프라와 접근성을 활용하여 외부 발길이 잦은 행사장으로 자리 잡았습니다. 방문객들은 행사 전후로 인근 카페나 식당에서 여유로운 시간을 보낼 수 있습니다.  \n\n방문객을 위한 팁으로는 사전 예약이 필수적이라는 점을 강조합니다. 행사 유형에 따라 공간 구성에 차이가 있으므로, 구체적인 요구사항을 미리 공유하는 것이 좋습니다. 또한 대중교통 이용 시 숙대입구역에서 도보로 접근 가능하며, 주변 주차 공간이 제한적이므로 가능한 대중교통을 권장합니다.  \n\nLW컨벤션은 전문성과 편의성을 겸비한 공간으로서, 성공적인 행사 개최를 위한 최적의 선택입니다. 행사 기획자나 참가자들은 이곳에서 효율적인 커뮤니케이션과 창의적인 아이디어를 나눌 수 있을 것입니다.', ""장소명: 제시카 두타\n내용: **제시카 두타: 서울 한복판에서 만나는 특별한 문화 공간**  \n\n제시카 두타는 서울특별시 중구에 위치한 독특한 컨셉의 문화 복합 공간으로, 현대적 감성과 예술적 요소가 조화를 이룬 장소입니다. 역사적 분위기와 모던한 디자인이 공존하는 이곳에서 방문객들은 일상 속에서 특별한 경험을 할 수 있습니다.  \n\n본문  \n제시카 두타는 과거 산업시설이었던 공간을 재해석해 탄생한 문화 허브로, 건축적 유산과 현대적 감각이 혼합된 독특한 분위기를 자랑합니다. 내부에는 갤러리, 카페, 소규모 공연장 등이 어우러져 예술과 휴식이 공존하는 환경을 제공합니다. 특히, 벽면을 장식한 현지 작가들의 그림과 조형물은 공간의 정체성을 강조하며, 계절별로 변화하는 전시와 이벤트로 매번 새로운 느낌을 선사합니다.  \n\n이곳의 가장 큰 매력은 '체험을 통한 소통'입니다. 방문객은 직접 참여하는 워크숍이나 아트 클래스를 통해 창의성을 발휘할 수 있으며, 지역 예술가들과의 교류를 통해 문화적 영감을 얻을 수 있습니다. 또한, 로케이션 촬영이나 소규모 모임 장소로도 인기가 높아, SNS에서 핫플레이스로 자주 언급됩니다.  \n\n마무리  \n제시카 두타를 방문할 때는 편한 복장으로 방문해 갤러리 탐방과 체험 프로그램을 즐기는 것을 추천합니다. 특히 평일 오후에는 한적한 분위기에서 작품과 차를 즐기며 여유로운 시간을 보낼 수 있습니다. 역사적 맥락을 간직한 공간에서 현대 예술을 접하고 싶다면, 제시카 두타가 완벽한 선택이 될 것입니다.  \n\n*※ 정확한 운영 시간과 프로그램 일정은 방문 전 공식 채널을 확인해 주시기 바랍니다.*"", '장소명: 라이프워크\n내용: **라이프워크**는 서울 용산 한강대로에 위치한 독특한 문화 공간으로, 창의적인 작업과 휴식이 공존하는 복합 문화 라운지입니다.  \n\n라이프워크는 과거 KDB생명타워로 알려진 건물의 일부를 리모델링하여 탄생했으며, 현대적인 감각과 자연이 어우러진 공간으로 재탄생했습니다. 이곳은 예술가, 창작자, 방문객이 자유롭게 소통하며 영감을 얻을 수 있는 장소로, 작업실과 카페, 전시 공간을 겸비하고 있습니다. 특히 한강 뷰가 펼쳐지는 대형 창가와 아늑한 인테리어가 조화를 이뤄 차분한 분위기에서 창의적인 활동을 즐기기에 적합합니다.  \n\n주요 볼거리로는 **오픈 스튜디오**와 **로테이션 갤러리**가 있습니다. 오픈 스튜디오에서는 지역 작가들의 작업 과정을 직접 관찰할 수 있으며, 갤러리는 매 계절마다 새로운 테마의 전시로 방문객을 맞이합니다. 또한, **라이프워크 카페에서 제공하는 핸드드립 커피와 계절별 디저트**는 이곳에서만 경험할 수 있는 특별한 메뉴로, 여유로운 시간을 보내기에 완벽합니다.  \n\n라이프워크는 단순한 작업 공간을 넘어 문화 교류의 장으로서의 역할도 수행합니다. 정기적으로 열리는 **워크숍과 아티스트 토크**는 예술을 사랑하는 이들에게 깊은 영감을 주며, 지역 커뮤니티와의 협업 프로젝트도 활발히 진행되고 있습니다.  \n\n방문객을 위한 팁으로는 **주말 오후 시간대 추천**을 드립니다. 한강의 풍경과 어우러진 노을을 배경으로 한 작업 공간에서의 시간은 특별한 추억을 선사할 것입니다. 또한, 갤러리 전시는 사전 예약 없이도 자유롭게 관람할 수 있으니, 부담 없이 방문해 보세요. 라이프워크에서의 하루는 창작과 휴식이 공존하는 소중한 경험이 될 것입니다.  \n\n*※ 정확한 운영 시간과 프로그램 일정은 공식 채널을 확인해 주시기 바랍니다.*', ""장소명: GCUT\n내용: GCUT는 서울 중심부에 위치한 현대아울렛 동대문점 4층에 자리한 복합 문화 공간으로, 패션·디자인·예술이 어우러진 창의적인 플랫폼입니다. '지오다노' 매장이 입점해 있는 이 공간은 젊은 감성과 트렌드를 반영한 패션 아이템부터 독창적인 디자인 소품까지 다채로운 볼거리를 제공하며, 도심 속 특별한 쇼핑 경험을 선사합니다.\n\n이곳은 역사적 건물인 현대아울렛 동대문점의 현대적 리모델링을 통해 탄생했는데, 을지로6가의 산업 유산을 보존하면서도 모던한 감성으로 재해석한 것이 특징입니다. 특히 4층의 GCUT는 층고의 넉넉함과 자연채광이 조화를 이뤄 편안한 분위기에서 쇼핑과 휴식을 동시에 즐길 수 있습니다. 주변에는 동대문역, 동대문역사문화공원역, 종로5가역 등 3개의 지하철역이 5~9분 거리에 위치해 접근성이 뛰어나며, 46개의 버스 노선으로도 편리하게 연결됩니다.\n\n방문객들을 위한 추천 팁으로는, 평일 오후 시간대에 방문하면 한적한 분위기에서 쇼핑을 즐길 수 있다는 점, 인근에 위치한 전통 시장과 현대 복합 문화공간을 함께 탐방하며 서울의 다채로운 매력을 경험할 수 있다는 점을 꼽을 수 있습니다. 또한 GCUT 내부에서는 한정판 콜라보레이션 제품이나 로컬 디자이너의 작품을 발견할 수 있으니, 세심한 관찰력을 발휘해 보시길 추천합니다. 도심 속 트렌디한 문화를 경험하고 싶다면 GCUT를 방문해 보는 것이 좋습니다."", '장소명: 에페\n내용: **에페(EPEE)는 서울의 역사적 정취와 현대적 예술 감각이 조화를 이룬 독특한 문화 공간이다.**  \n\n종로구 골목에 자리한 에페는 1960년대 건축가 김수근의 작품으로, 한국 현대 건축사의 중요한 발자취를 간직한 건물이다. 붉은 벽돌과 기하학적 디자인이 특징인 이 공간은 과거 주택으로 사용되다가 최근에는 전시 공간과 카페로 재탄생했다. 내부에는 원형이 보존된 계단과 창문, 공간 구조가 당시의 시대적 분위기를 생생하게 전달하며, 현대적인 인테리어 요소들과 어우러져 독특한 매력을 발산한다.  \n\n이곳에서는 정기 전시회, 소규모 공연, 문화 워크숍 등 다양한 예술 행사가 열린다. 특히 역사적 건물의 정체성을 살리면서도 젊은 예술가들의 작품을 소개하는 기획전이 눈길을 끈다. 1층 카페에서는 지역 로스터리 커피를 즐기며 창밖으로 보이는 한옥과 현대적 건물의 대비를 감상할 수 있다.  \n\n방문객을 위한 팁으로는 평일 오후를 추천한다. 주말보다 한적하게 공간을 둘러보기 좋으며, 근처 좁은 골목을 걸으며 주변 전통 한옥과 갤러리 탐방을 함께 즐기기 좋다. 사진 촬영을 계획한다면 건물의 구조적 특징(예: 계단과 빛의 조화)을 활용하면 독특한 결과물을 얻을 수 있다.  \n\n에페는 과거와 현재, 건축과 예술의 경계를 넘나드는 특별한 경험을 선사하는 장소로, 단순한 관광지를 넘어 서울의 문화적 정체성을 느끼고 싶은 이들에게 강력히 추천한다.', '장소명: 아이잗바바 현대동대문\n내용: **아이잗바바 현대동대문**은 서울의 번화가인 을지로6가에 위치한 현대적 복합문화공간으로, 일상 속에서 독특한 경험을 선사하는 핫플레이스입니다.  \n\n이 공간은 현대시티타워 지하 1층에 자리잡고 있으며, 지상 23층과 지하 6층으로 구성된 거대한 건물 내에서도 독특한 정체성을 자랑합니다. 특히 19대의 고속 승강기가 설치되어 있어 고층 이동 시 편리함을 제공하며, 24시간 운영되어 언제든지 방문할 수 있다는 점이 매력적입니다. 무료로 이용 가능한 주차장도 마련되어 있어 자차 방문객에게도 편리합니다.  \n\n아이잗바바 현대동대문은 전통과 현대가 조화를 이룬 디자인으로, 방문객들에게 시각적 즐거움을 선사합니다. 내부에서는 다양한 문화 체험 프로그램과 특별 전시가 종종 열리며, 특히 젊은 층을 중심으로 SNS에서 화제가 되는 포토존도 마련되어 있습니다. 또한, 현대시티타워의 거대한 규모와 세련된 인프라는 단순한 관광지를 넘어 비즈니스와 휴식이 공존하는 복합 공간으로서의 역할을 수행합니다.  \n\n방문객을 위한 팁으로는, 건물 내 편의시설과 연계된 문화 행사를 미리 확인해 보는 것을 추천합니다. 특히 야간에는 건물에 비치는 조명이 독특한 분위기를 연출하므로, 낮과는 다른 매력을 느낄 수 있습니다. 또한, 주변에 다양한 먹거리와 쇼핑 시설이 밀집해 있어 관광 후 추가 활동을 계획하기에 좋습니다.  \n\n아이잗바바 현대동대문은 단순한 명소를 넘어 서울의 활기찬 에너지를 고스란히 담아낸 공간입니다. 일상의 피로를 잊고 새로운 영감을 얻고 싶다면, 이 독특한 복합문화공간을 방문해 보시길 권합니다.', '장소명: 레더라SFC\n내용: 레더라SFC는 대한민국 수도 서울특별시의 중심지에 위치한 복합문화공간입니다. 현대적인 건축물과 다양한 문화, 예술 작품이 어우러져 있으며, 수많은 상점, 레스토랑, 카페 등이 자리 잡고 있습니다. 특히, 지하에는 SFC Mall이 위치해 있어 쇼핑과 식사를 동시에 즐길 수 있습니다. 다양한 전시회와 공연이 열리며, 도시의 역동적인 분위기를 느끼고 싶거나 문화 예술에 관심이 많은 사람들에게 추천하는 장소입니다. 또한, 비즈니스와 여가를 동시에 즐기고 싶은 사람들에게도 적합한 곳입니다.', ""장소명: 키이스&기비\n내용: **키이스&기비는 서울 중구에 위치한 독특한 컨셉의 문화공간으로, 예술과 휴식이 조화된 특별한 경험을 선사하는 3층 규모의 복합 문화공간입니다.**  \n\n이곳은 현대 예술과 일상의 여유를 동시에 즐길 수 있는 공간으로, 감각적인 인테리어와 다양한 문화 프로그램이 어우러져 있습니다. 3층 규모의 건물 내부에는 아트 갤러리와 북카페, 소규모 공연장이 마련돼 있어 방문객들은 조용히 책을 읽거나 전시를 감상하며 시간을 보낼 수 있습니다. 특히, 지하 1층부터 지상 3층까지 이어지는 계단식 구조에서는 층마다 다른 분위기의 공간을 경험할 수 있는 것이 특징입니다.  \n\n키이스&기비는 2020년대 초반에 문을 연 비교적 새로운 문화공간이지만, 이미 지역 주민과 젊은 세대 사이에서 입소문이 난 곳입니다. 이곳은 단순히 전시를 보는 공간을 넘어, 워크숍이나 소규모 공연 등 참여형 프로그램을 운영하며 관람객과의 소통을 중시합니다. 예를 들어, 주말에는 핸드메이드 워크숍이나 인디 밴드 공연이 열리기도 해 매번 새로운 즐거움을 발견할 수 있습니다.  \n\n방문객들을 위한 팁으로는 평일에는 비교적 한적하게 즐길 수 있지만, 주말에는 프로그램이 많아 미리 일정을 확인하는 것이 좋습니다. 또한 3층에 위치한 야외 테라스에서는 도심 속에서도 자연을 느낄 수 있는 여유로운 풍경을 감상할 수 있어 사진 촬영 명소로도 인기가 높습니다.  \n\n키이스&기비는 단순한 관광지가 아닌, 일상에서 벗어나 잠시 숨을 고를 수 있는 '도심 속 오아시스'와도 같은 곳입니다. 예술적 감성과 편안함을 동시에 추구한다면, 이곳을 방문해 보는 것을 추천합니다. 특히, 전시와 공연 일정을 미리 체크하면 더욱 풍부한 경험을 할 수 있을 것입니다."", '장소명: 황금콩밭\n내용: **황금콩밭**은 서울에서 색다른 문화 체험을 할 수 있는 독특한 복합 문화 공간입니다.  \n\n이 공간은 마포구 한적한 골목길에 자리 잡고 있으며, 현대적인 감각과 전통적인 요소가 조화를 이룬 인테리어로 방문객의 시선을 사로잡습니다. 황금콩밭은 카페와 갤러리를 결합한 공간으로, 지역 예술가들의 작품을 감상하며 편안한 시간을 보낼 수 있습니다. 특히, 계절별로 변화하는 테마 전시는 방문객에게 항상 새로운 경험을 선사합니다.  \n\n주요 볼거리 중 하나는 공간 한켠에 마련된 소규모 정원입니다. 도심 속에서도 자연을 느낄 수 있도록 조성된 이 정원은 사진 촬영 명소로도 인기 있습니다. 또한, 직접 체험할 수 있는 워크숍 프로그램이 정기적으로 열리는데, 핸드드립 커피 클래스와 소품 만들기 활동 등이 대표적입니다.  \n\n역사적 배경은 명확히 알려지지 않았지만, 건물의 외관과 내부 구조에서 느껴지는 레트로한 감성은 과거의 흔적을 간직하고 있어 묘한 분위기를 자아냅니다. 이는 현대적인 문화 공간과 조화되며 독특한 정체성을 형성합니다.  \n\n방문객을 위한 팁으로는 평일 오후를 추천합니다. 주말보다는 한적한 분위기 속에서 여유로운 시간을 보내기에 좋으며, 사전 예약을 통해 체험 프로그램에 참여할 수 있습니다. 또한, 공간 내에서 제공하는 지역 로스팅 커피와 디저트는 황금콩밭의 특별한 매력을 더하는 요소이니 꼭 경험해 보시길 권합니다.  \n\n황금콩밭은 단순한 카페나 갤러리를 넘어, 일상의 소소한 즐거움을 찾는 이들에게 강추하는 공간입니다. 예술과 휴식, 문화가 공존하는 이곳에서 나만의 특별한 이야기를 만들어 보세요.', '장소명: 온앤온\n내용: **온앤온**은 서울 을지로6가에 위치한 복합 문화 공간으로, 도시 한복판에서 여유로운 휴식과 특별한 체험을 선사하는 곳입니다.  \n\n이 장소는 현대적인 감각으로 재해석된 편안한 분위기에서 다양한 문화 콘텐츠를 즐길 수 있는 것이 특징입니다. 특히, 창의적인 워크숍과 소규모 전시가 열리며, 방문객들은 직접 참여하는 체험을 통해 일상의 스트레스를 잠시 잊고 새로운 영감을 얻을 수 있습니다. 건물 외관은 세련된 디자인과 어우러져 도심 속 미술관을 연상시키며, 내부는 자연 친화적인 소재와 따뜻한 조명으로 꾸며져 있습니다.  \n\n역사적으로는 을지로6가 일대가 과거 상업과 예술의 중심지로 발전해온 과정을 반영하듯, 온앤온은 전통과 현대가 공존하는 문화적 가치를 추구합니다. 주변에는 동대문 패션 거리나 DDP 같은 명소도 있어, 방문 후 주변 탐방을 함께 즐기기에도 좋습니다.  \n\n방문 팁으로는 평일 오후를 추천하며, 주말에는 인기 프로그램의 사전 예약이 필요할 수 있습니다. 조용한 분위기에서 차를 마시며 독서를 하거나, 친구들과 함께 창의적인 활동을 계획하는 것도 좋은 방법입니다. 온앤온은 단순한 공간을 넘어, 일상에 작은 여유를 더하고 싶은 이들에게 특별한 경험을 선사할 것입니다.', '장소명: 스타일노리터 현대동대문\n내용: **스타일노리터 현대동대문**은 동대문 패션 산업의 중심에서 트렌디한 디자인과 편의시설을 결합한 복합 문화 공간입니다.  \n\n이곳은 서울특별시 중구에 위치한 현대시티타워 8층에 자리 잡고 있으며, 패션 스튜디오와 미팅룸을 운영합니다. 특히 동대문 패션의 핵심 거점으로, 국내외 디자이너와 유통업체의 협업 공간이면서도 일반 방문객도 체험할 수 있는 개방감을 자랑합니다. 검색 결과에 따르면 2024년 3월 기준으로 영업 시간은 오전 10시 30분부터 오후 8시까지로, 쇼핑과 업무 공간으로의 활용도가 높습니다.  \n\n주요 볼거리로는 동대문 패션 트렌드를 반영한 최신 컬렉션과 팝업 전시 공간이 있습니다. 역사적 배경과는 거리가 있지만, 동대문이 한국 패션 산업의 상징으로 자리매김한 점을 고려하면 현대적 감각으로 재해석된 공간이라는 점에서 의미가 깊습니다. 또한, 미팅룸과 스튜디오를 통해 소규모 브랜드의 쇼룸이나 협업 프로젝트가 활발히 진행되며, 방문객은 패션 산업의 생생한 현장을 체험할 수 있습니다.  \n\n방문객을 위한 팁으로는 평일 오전 시간대 방문이 혼잡하지 않아 여유롭게 둘러보기 좋다는 점을 추천합니다. 또한, 인근에 동대문 시장, 쇼핑몰 등 관광 명소가 밀집해 있어 연계 관광하기에도 최적입니다. 현대동대문점의 트렌디한 공간에서 패션의 미래를 엿보고, 동대문의 활기찬 에너지를 만끽해보세요!  \n\n(참고: 제공된 정보를 바탕으로 작성되었으나, 일부 내용은 일반적인 동대문 지역의 특성을 반영하였습니다.)']",0,0
multi_query_dense,특별한 날 고급스러운 남성 패션 아이템을 고를 수 있는 곳 있을까?,"[""장소명: 골든듀 롯데본점\n내용: **골든듀 롯데본점**은 서울 중심부에 위치한 독특한 컨셉의 쇼핑 문화 공간으로, 롯데백화점 본점 1층에 자리한 이색적인 복합 매장입니다.  \n\n이 매장은 패션, 라이프스타일, 푸드 등 다양한 분야를 아우르는 브랜드들을 한자리에서 경험할 수 있는 것이 특징입니다. 특히 '골든듀'라는 이름은 금(Gold)과 듀얼(Dual)을 결합한 것으로, 고급스러움과 다채로운 콘셉트의 공존을 상징합니다. 롯데본점의 상징적인 위치에 걸맞은 세련된 인테리어와 공간 구성으로 일상 속에서도 특별한 쇼핑을 즐길 수 있습니다.  \n\n역사적 배경을 살펴보면, 롯데백화점 본점은 1979년 개장한 이래 서울의 대표 쇼핑 명소로 자리매김했으며, 골든듀는 이러한 전통을 현대적으로 재해석한 공간입니다. 매장에서는 국내·외 유명 브랜드의 패션 아이템부터 한정판 제품, 아트 콜라보레이션 상품까지 다양하게 만날 수 있어 패션 애호가들의 발길이 끊이지 않습니다. 또한, 간단한 음료나 디저트를 즐기며 휴식을 취할 수 있는 푸드 존도 마련되어 쇼핑의 피로를 잊게 합니다.  \n\n방문객을 위한 팁으로, 골든듀는 백화점 영업 시간 내에 운영되므로 오픈 시간 확인이 필수입니다. 주말이나 공휴일에는 인파가 몰릴 수 있으므로 여유로운 시간을 확보하는 것이 좋습니다. 특히 패션 아이템은 한정 재고가 많아 인기가 높은 제품은 빠르게 품절될 수 있으니, 관심 있는 상품이 있다면 미리 체크한 후 방문하는 것을 추천합니다.  \n\n**골든듀 롯데본점**은 단순한 쇼핑 공간을 넘어 문화와 트렌드가 교차하는 장소입니다. 독특한 브랜드 구성과 세련된 분위기 속에서 특별한 추억을 만들어 보시길 바랍니다."", '장소명: 발렌티노 신세계 본점\n내용: 발렌티노 신세계 본점은 대한민국의 수도이자 문화, 인문, 정치, 경제의 중심지인 서울에 위치한 유명 패션 브랜드 매장입니다. 이곳은 이탈리아 고급 패션 하우스 발렌티노의 다양한 컬렉션을 만나볼 수 있는 공간입니다. 방문자들은 최신 트렌드부터 클래식한 디자인까지 다양한 제품을 경험할 수 있습니다. 감각적인 인테리어와 고객 서비스를 제공하는 이 매장은 패션에 관심이 많은 사람들이 최신 유행을 접하고, 고급스러운 제품을 구매하기에 좋은 장소입니다. 특히, 중요한 행사나 특별한 날을 위해 고품질의 패션 아이템을 찾는 이들에게 추천합니다.', '장소명: 한섬 타미힐피거 명동\n내용: 한섬 타미힐피거 명동은 고급스러운 패션 아이템을 만날 수 있는 서울 명동 중심의 프리미엄 브랜드 매장입니다.  \n\n이곳은 타미힐피거의 클래식한 아메리칸 캐주얼과 한섬의 세련된 디자인이 조화를 이룬 공간입니다. 명품 의류와 액세서리부터 캐주얼한 데일리 웨어까지 다양한 라인을 한자리에서 살펴볼 수 있으며, 특히 한정판 컬렉션과 시즌별 트렌드 아이템이 방문객의 눈길을 사로잡습니다. 매장은 모던한 인테리어로 꾸며져 쇼핑하는 내내 고급스러운 분위기를 느낄 수 있습니다.  \n\n타미힐피거는 1985년 뉴욕에서 탄생한 글로벌 브랜드로, 캐주얼과 포멀의 경계를 넘나드는 유려한 디자인으로 유명합니다. 한섬은 국내 대표 패션 그룹으로, 타미힐피거와의 협업을 통해 한국 고객의 취향에 맞는 제품을 선보이고 있습니다. 명동 매장에서는 해외 직구 없이 국내에서 바로 만나볼 수 있는 독점 상품과 특별한 행사 혜택도 제공됩니다.  \n\n방문객을 위한 팁으로는, 신규 회원 가입 시 마일리지를 적립할 수 있는 프로모션에 주목해 보세요. 또한, 매장 직원의 스타일링 추천을 받으면 자신에게 맞는 코디를 찾기 수월합니다. 주말이나 공휴일에는 혼잡할 수 있으니 평일 오후 시간대를 추천합니다.  \n\n명동에서의 쇼핑 여정을 특별하게 만들고 싶다면, 한섬 타미힐피거 명동에서 세련된 라이프스타일을 경험해 보세요.', ""장소명: 휴고보스 롯데 본점\n내용: 휴고보스 롯데 본점은 서울 중심가에 위치한 명품 남성복 브랜드의 플래그십 매장으로, 세련된 의류와 액세서리를 한자리에서 경험할 수 있는 공간입니다.  \n\n이 매장은 1979년 롯데호텔 부속 건물로 문을 연 롯데백화점 본점 5층에 자리해 있으며, 독일 출신의 글로벌 라이프스타일 브랜드 휴고보스의 핵심 컬렉션을 선보입니다. 고급스러운 인테리어와 체계적인 공간 구성으로 방문객은 슈트, 캐주얼웨어, 신발, 액세서리 등을 체계적으로 둘러볼 수 있습니다. 특히 브랜드의 시그니처인 'HUGO'와 'BOSS' 라인의 차별화된 디자인을 직접 체험하며, 전문 스타일리스트의 맞춤 상담 서비스도 이용 가능합니다.  \n\n역사적 관점에서 롯데백화점 본점은 국내 최초의 현대적 백화점 중 하나로, 40년 이상 명품 쇼핑의 메카로 자리잡았습니다. 휴고보스 매장은 이러한 전통과 현대적 감각을 결합해 전 세계 패션 트렌드를 반영하는 동시에 한국 고객의 취향에 부합하는 제품을 선보입니다.  \n\n방문객을 위한 팁으로, 백화점 내 무료 발레파킹 서비스를 활용하면 도심 주차 부담을 줄일 수 있습니다. 또한 매장 인근에는 다양한 명품 브랜드 매장과 레스토랑이 밀집해 있어 쇼핑 후 여유로운 시간을 보내기 좋습니다. 휴고보스 롯데 본점은 특별한 날을 위한 아이템을 찾는 분들에게 완벽한 목적지가 될 것입니다.  \n\n*참고: 본 소개글은 검색결과를 기반으로 작성되었으며, 일부 내용은 브랜드 공식 정보와 차이가 있을 수 있습니다."", ""장소명: 한섬 래트바이티 현대동대문\n내용: **한섬 래트바이티 현대동대문**은 고급 의류 브랜드 한섬의 플래그십 스토어로, 세련된 쇼핑과 휴식을 동시에 즐길 수 있는 복합 문화 공간입니다.  \n\n이곳은 현대시티아울렛 동대문점 7층에 위치해 있으며, 한섬의 대표 라인인 래트바이티를 중심으로 남성·여성·라이프스타일의 고급스러운 의류와 액세서리를 만날 수 있습니다. 특히 미니멀하면서도 우아한 디자인의 의류들은 현대적이면서도 클래식한 감성을 추구하는 방문객들에게 큰 사랑을 받고 있습니다. 매장 내부는 넓은 공간과 따뜻한 조명으로 구성되어 편안하게 쇼핑을 즐길 수 있으며, 고객 맞춤 서비스와 체계적인 사이즈 관리 시스템으로 개인 맞춤형 쇼핑이 가능합니다.  \n\n래트바이티는 '일상의 특별함'을 콘셉트로 한 브랜드로, 단순한 옷가게를 넘어 라이프스타일까지 제안하는 공간으로 꾸며져 있습니다. 계절별로 변화하는 윈도우 디스플레이와 계절 한정 컬렉션은 방문객들에게 항상 새로운 경험을 선사합니다. 또한 매장 내에는 휴식 공간이 마련되어 있어 쇼핑 후 여유롭게 커피를 즐기거나 브랜드의 아이코닉한 디자인을 감상하기에 좋습니다.  \n\n방문객을 위한 팁으로는 평일 오후를 추천합니다. 주말과 비교하면 한적한 분위기에서 쇼핑을 즐기기 좋으며, 매장 직원의 세심한 스타일링 조언을 받을 수 있습니다. 특히 계절별 프로모션 기간에는 한정 제품을 만날 수 있으니 공식 SNS를 미리 확인하는 것이 좋습니다. 한섬 래트바이티 현대동대문은 단순한 쇼핑을 넘어 감성과 실용성을 모두 잡은 특별한 시간을 선사할 것입니다."", '장소명: 발렌티노남성 신세계 본점\n내용: 발렌티노남성 신세계 본점은 대한민국의 수도이자 문화, 인문, 정치, 경제의 중심지인 서울특별시 내에 위치한 발렌티노 남성 의류 매장입니다. 서울특별시는 경기도와 인천광역시와 함께 수도권의 중심을 이루는 대도시로, 다양한 문화와 역사가 공존하는 곳입니다. 패션에 관심이 많은 방문객들이나 특별한 날을 기념하기 위해 고급스러운 의류를 구매하고자 하는 분들에게 추천하는 장소입니다.', ""장소명: 펜디 롯데 본점\n내용: **펜디 롯데 본점**은 서울 중구에 위치한 롯데백화점 본점 1층의 명품 패션 매장으로, 이탈리아 럭셔리 브랜드 펜디의 공식 입점처입니다.  \n\n펜디는 1925년 로마에서 시작된 이래 혁신적인 디자인과 독보적인 스타일링으로 전 세계 패션 애호가의 사랑을 받아온 명품 브랜드입니다. 롯데 본점 매장은 브랜드의 시그니처인 'ZZZ' 로고, 모노그램 캔버스 백, 가죽 액세서리 등 아이코닉한 아이템을 한눈에 만날 수 있는 공간입니다. 특히 한정판 컬렉션과 시즌 신제품이 빠르게 업데이트되어 패션 트렌드를 선도하는 방문객들에게 인기가 높습니다.  \n\n매장은 고급스러운 인테리어 속에서 펜디의 헤리티지를 체험할 수 있도록 구성되어 있습니다. 전문 스타일리스트의 컨설팅을 통해 개인 맞춤형 쇼핑이 가능하며, 명품 구매 시 필요한 맞춤 서비스와 보증서 발급 등 세심한 케어를 받을 수 있습니다. 또한, 펜디의 대표적인 레디투웨어와 액세서리를 직접 살펴보고 착용해보며 브랜드의 철학을 체감할 수 있습니다.  \n\n방문객을 위한 팁으로는, 신제품 출시 시기나 시즌 세일 기간을 미리 확인하는 것이 좋습니다. 평일 오전에는 상대적으로 한적해 여유롭게 쇼핑할 수 있으며, 백화점 내부 주차장과 편의시설을 함께 이용하면 편리합니다. 펜디의 클래식한 백이나 스카프를 찾아보는 것부터 시작해보세요. 세련된 디자인과 뛰어난 품질로 특별한 순간을 완성해줄 것입니다.  \n\n단, 매장 위치나 운영 시간은 변동될 수 있으니 방문 전 롯데백화점 공식 채널에서 최신 정보를 확인하시기 바랍니다."", '장소명: 시슬리\n내용: **시슬리**는 서울 중구에 위치한 독특한 감성의 패션 편집숍으로, 트렌디한 의류와 액세서리를 한곳에서 만날 수 있는 공간입니다.  \n\n**도심 속 패션의 오아시스**  \n시슬리는 장충단로와 을지로6가의 활기찬 상권 한가운데 자리 잡고 있지만, 내부에는 차분한 색조와 세련된 디스플레이로 차분한 분위기를 연출합니다. 국내외 디자이너 브랜드와 한정판 아이템을 선별해 선보이며, 패션 감각이 뛰어난 방문객들에게 인기가 높습니다. 특히 여성복과 남성복, 유니섹스 제품을 고루 갖춰 커플이나 친구끼리의 쇼핑에도 적합합니다.  \n\n**역사와 현대의 조화**  \n이 지역은 과거 의류 상가의 중심지로 유명했으며, 시슬리는 이러한 역사적 배경을 현대적 감각으로 재해석한 공간입니다. 매장 내부에는 패션 아이콘의 사진 또는 아트워크가 전시되어 있어 쇼핑과 동시에 예술을 감상할 수 있습니다.  \n\n**특별한 쇼핑 체험**  \n시슬리에서는 단순 구매를 넘어 스타일링 상담을 받을 수 있습니다. 패션 전문가의 추천을 통해 개인의 취향에 맞는 아이템을 발견할 수 있으며, 계절별 테마 컬렉션도 운영됩니다. 또한 매장에서는 소규모 팝업 이벤트나 패션 워크숍이 종종 열려, 방문객들에게 영감을 제공합니다.  \n\n**방문 팁**  \n- 평일에는 비교적 한산하니 여유로운 쇼핑을 즐기기에 좋습니다.  \n- 주차 공간이 협소할 수 있으니 대중교통을 이용하는 것을 추천합니다.  \n- 계절별 프로모션 기간에는 한정 상품을 미리 확인해 보세요.  \n\n시슬리는 패션을 사랑하는 이들에게 색다른 경험을 선사하는 공간입니다. 특별한 아이템을 찾고 있다면, 이곳에서 나만의 스타일을 완성해 보시길 추천합니다.', ""장소명: 레노마 롯데서울역\n내용: **레노마 롯데서울역**은 서울역 내 롯데백화점아울렛 3층에 위치한 세련된 남성 의류 브랜드 매장으로, 트렌디한 패션 아이템을 만날 수 있는 쇼핑 명소다.  \n\n이곳은 일본 패션 브랜드 '레노마'의 공식 매장으로, 깔끔한 라인과 실용적인 디자인이 특징인 남성복의 매력을 선사한다. 단정한 오피스룩부터 캐주얼한 데일리 웨어까지 다양한 라인업을 갖추고 있어, 비즈니스와 일상에서 모두 활용할 수 있는 아이템을 찾는 방문객들에게 특히 인기가 높다. 매장 내부는 모던한 감각으로 꾸며져 쇼핑하는 내내 감각적인 분위기를 즐길 수 있다.  \n\n영업 시간은 오전 11시부터 오후 9시까지(월요일~일요일, 명절 당일 제외)로, 퇴근 후에도 여유롭게 방문하기 좋다. 추가로 신용카드가 가능하며, 주차 시설과 환급 서비스도 지원된다. 화장실이 완비되어 있어 쇼핑 중 불편함 없이 이용할 수 있다.  \n\n**방문 팁**: 계절별 신상품이 빠르게 업데이트되므로, 트렌디한 아이템을 원한다면 평일 오후나 주말에 방문해 보기를 추천한다. 또한, 백화점 내 다른 패션 매장과 연계할인도 종종 진행되니, 할인 정보를 미리 확인하면 더 알뜰한 쇼핑이 가능하다. 세련된 남성 패션을 원한다면 레노마 롯데서울역에서 특별한 쇼핑 경험을 즐겨보시길!"", ""장소명: 세인트 제임스 삼청[한국관광 품질인증/Korea Quality]\n내용: 세인트 제임스 삼청은 대한민국의 수도이자 문화, 인문, 정치, 경제 중심지인 서울특별시의 종로구 북촌로12길 35-1에 위치한 프랑스 브랜드의 의류 매장입니다. 이 매장은 프랑스 브랜드인 세인트 제임스의 한국 매장 중 하나로, 전통과 미의 중심지인 안국에 자리 잡고 있어 고즈넉한 분위기를 자아냅니다. 초기에는 선원들이 입는 옷, 이른바 '마린 룩'을 전문적으로 판매했으나, 프랑스의 패션 스타일이 전 세계적으로 인기를 얻으면서 점차적으로 영역을 넓혀갔습니다. 현재 세인트 제임스 삼청에서는 남녀노소 누구나 입을 수 있는 다양한 마린룩 스타일 의류를 선보이고 있습니다. 특히, 고유의 스트라이프 패턴과 편안한 실루엣이 특징인 제품들은 유럽 감성을 느낄 수 있어 패션에 관심이 많은 분들이 방문하기에 좋습니다. 또한, 매장에서는 섬세하게 선별된 향수 컬렉션을 직접 사용해볼 수 있는 체험 기회도 제공하고 있어, 색다른 쇼핑 경험을 원하는 분들이 방문하면 좋습니다."", ""장소명: 휴고보스 롯데 본점\n내용: 휴고보스 롯데 본점은 서울 중심가에 위치한 명품 남성복 브랜드의 플래그십 매장으로, 세련된 의류와 액세서리를 한자리에서 경험할 수 있는 공간입니다.  \n\n이 매장은 1979년 롯데호텔 부속 건물로 문을 연 롯데백화점 본점 5층에 자리해 있으며, 독일 출신의 글로벌 라이프스타일 브랜드 휴고보스의 핵심 컬렉션을 선보입니다. 고급스러운 인테리어와 체계적인 공간 구성으로 방문객은 슈트, 캐주얼웨어, 신발, 액세서리 등을 체계적으로 둘러볼 수 있습니다. 특히 브랜드의 시그니처인 'HUGO'와 'BOSS' 라인의 차별화된 디자인을 직접 체험하며, 전문 스타일리스트의 맞춤 상담 서비스도 이용 가능합니다.  \n\n역사적 관점에서 롯데백화점 본점은 국내 최초의 현대적 백화점 중 하나로, 40년 이상 명품 쇼핑의 메카로 자리잡았습니다. 휴고보스 매장은 이러한 전통과 현대적 감각을 결합해 전 세계 패션 트렌드를 반영하는 동시에 한국 고객의 취향에 부합하는 제품을 선보입니다.  \n\n방문객을 위한 팁으로, 백화점 내 무료 발레파킹 서비스를 활용하면 도심 주차 부담을 줄일 수 있습니다. 또한 매장 인근에는 다양한 명품 브랜드 매장과 레스토랑이 밀집해 있어 쇼핑 후 여유로운 시간을 보내기 좋습니다. 휴고보스 롯데 본점은 특별한 날을 위한 아이템을 찾는 분들에게 완벽한 목적지가 될 것입니다.  \n\n*참고: 본 소개글은 검색결과를 기반으로 작성되었으며, 일부 내용은 브랜드 공식 정보와 차이가 있을 수 있습니다."", '장소명: 시슬리\n내용: **시슬리**는 서울 중구에 위치한 독특한 감성의 패션 편집숍으로, 트렌디한 의류와 액세서리를 한곳에서 만날 수 있는 공간입니다.  \n\n**도심 속 패션의 오아시스**  \n시슬리는 장충단로와 을지로6가의 활기찬 상권 한가운데 자리 잡고 있지만, 내부에는 차분한 색조와 세련된 디스플레이로 차분한 분위기를 연출합니다. 국내외 디자이너 브랜드와 한정판 아이템을 선별해 선보이며, 패션 감각이 뛰어난 방문객들에게 인기가 높습니다. 특히 여성복과 남성복, 유니섹스 제품을 고루 갖춰 커플이나 친구끼리의 쇼핑에도 적합합니다.  \n\n**역사와 현대의 조화**  \n이 지역은 과거 의류 상가의 중심지로 유명했으며, 시슬리는 이러한 역사적 배경을 현대적 감각으로 재해석한 공간입니다. 매장 내부에는 패션 아이콘의 사진 또는 아트워크가 전시되어 있어 쇼핑과 동시에 예술을 감상할 수 있습니다.  \n\n**특별한 쇼핑 체험**  \n시슬리에서는 단순 구매를 넘어 스타일링 상담을 받을 수 있습니다. 패션 전문가의 추천을 통해 개인의 취향에 맞는 아이템을 발견할 수 있으며, 계절별 테마 컬렉션도 운영됩니다. 또한 매장에서는 소규모 팝업 이벤트나 패션 워크숍이 종종 열려, 방문객들에게 영감을 제공합니다.  \n\n**방문 팁**  \n- 평일에는 비교적 한산하니 여유로운 쇼핑을 즐기기에 좋습니다.  \n- 주차 공간이 협소할 수 있으니 대중교통을 이용하는 것을 추천합니다.  \n- 계절별 프로모션 기간에는 한정 상품을 미리 확인해 보세요.  \n\n시슬리는 패션을 사랑하는 이들에게 색다른 경험을 선사하는 공간입니다. 특별한 아이템을 찾고 있다면, 이곳에서 나만의 스타일을 완성해 보시길 추천합니다.', '장소명: 한섬 타미힐피거 명동\n내용: 한섬 타미힐피거 명동은 고급스러운 패션 아이템을 만날 수 있는 서울 명동 중심의 프리미엄 브랜드 매장입니다.  \n\n이곳은 타미힐피거의 클래식한 아메리칸 캐주얼과 한섬의 세련된 디자인이 조화를 이룬 공간입니다. 명품 의류와 액세서리부터 캐주얼한 데일리 웨어까지 다양한 라인을 한자리에서 살펴볼 수 있으며, 특히 한정판 컬렉션과 시즌별 트렌드 아이템이 방문객의 눈길을 사로잡습니다. 매장은 모던한 인테리어로 꾸며져 쇼핑하는 내내 고급스러운 분위기를 느낄 수 있습니다.  \n\n타미힐피거는 1985년 뉴욕에서 탄생한 글로벌 브랜드로, 캐주얼과 포멀의 경계를 넘나드는 유려한 디자인으로 유명합니다. 한섬은 국내 대표 패션 그룹으로, 타미힐피거와의 협업을 통해 한국 고객의 취향에 맞는 제품을 선보이고 있습니다. 명동 매장에서는 해외 직구 없이 국내에서 바로 만나볼 수 있는 독점 상품과 특별한 행사 혜택도 제공됩니다.  \n\n방문객을 위한 팁으로는, 신규 회원 가입 시 마일리지를 적립할 수 있는 프로모션에 주목해 보세요. 또한, 매장 직원의 스타일링 추천을 받으면 자신에게 맞는 코디를 찾기 수월합니다. 주말이나 공휴일에는 혼잡할 수 있으니 평일 오후 시간대를 추천합니다.  \n\n명동에서의 쇼핑 여정을 특별하게 만들고 싶다면, 한섬 타미힐피거 명동에서 세련된 라이프스타일을 경험해 보세요.', ""장소명: 한섬 래트바이티 현대동대문\n내용: **한섬 래트바이티 현대동대문**은 고급 의류 브랜드 한섬의 플래그십 스토어로, 세련된 쇼핑과 휴식을 동시에 즐길 수 있는 복합 문화 공간입니다.  \n\n이곳은 현대시티아울렛 동대문점 7층에 위치해 있으며, 한섬의 대표 라인인 래트바이티를 중심으로 남성·여성·라이프스타일의 고급스러운 의류와 액세서리를 만날 수 있습니다. 특히 미니멀하면서도 우아한 디자인의 의류들은 현대적이면서도 클래식한 감성을 추구하는 방문객들에게 큰 사랑을 받고 있습니다. 매장 내부는 넓은 공간과 따뜻한 조명으로 구성되어 편안하게 쇼핑을 즐길 수 있으며, 고객 맞춤 서비스와 체계적인 사이즈 관리 시스템으로 개인 맞춤형 쇼핑이 가능합니다.  \n\n래트바이티는 '일상의 특별함'을 콘셉트로 한 브랜드로, 단순한 옷가게를 넘어 라이프스타일까지 제안하는 공간으로 꾸며져 있습니다. 계절별로 변화하는 윈도우 디스플레이와 계절 한정 컬렉션은 방문객들에게 항상 새로운 경험을 선사합니다. 또한 매장 내에는 휴식 공간이 마련되어 있어 쇼핑 후 여유롭게 커피를 즐기거나 브랜드의 아이코닉한 디자인을 감상하기에 좋습니다.  \n\n방문객을 위한 팁으로는 평일 오후를 추천합니다. 주말과 비교하면 한적한 분위기에서 쇼핑을 즐기기 좋으며, 매장 직원의 세심한 스타일링 조언을 받을 수 있습니다. 특히 계절별 프로모션 기간에는 한정 제품을 만날 수 있으니 공식 SNS를 미리 확인하는 것이 좋습니다. 한섬 래트바이티 현대동대문은 단순한 쇼핑을 넘어 감성과 실용성을 모두 잡은 특별한 시간을 선사할 것입니다."", ""장소명: 레노마 롯데서울역\n내용: **레노마 롯데서울역**은 서울역 내 롯데백화점아울렛 3층에 위치한 세련된 남성 의류 브랜드 매장으로, 트렌디한 패션 아이템을 만날 수 있는 쇼핑 명소다.  \n\n이곳은 일본 패션 브랜드 '레노마'의 공식 매장으로, 깔끔한 라인과 실용적인 디자인이 특징인 남성복의 매력을 선사한다. 단정한 오피스룩부터 캐주얼한 데일리 웨어까지 다양한 라인업을 갖추고 있어, 비즈니스와 일상에서 모두 활용할 수 있는 아이템을 찾는 방문객들에게 특히 인기가 높다. 매장 내부는 모던한 감각으로 꾸며져 쇼핑하는 내내 감각적인 분위기를 즐길 수 있다.  \n\n영업 시간은 오전 11시부터 오후 9시까지(월요일~일요일, 명절 당일 제외)로, 퇴근 후에도 여유롭게 방문하기 좋다. 추가로 신용카드가 가능하며, 주차 시설과 환급 서비스도 지원된다. 화장실이 완비되어 있어 쇼핑 중 불편함 없이 이용할 수 있다.  \n\n**방문 팁**: 계절별 신상품이 빠르게 업데이트되므로, 트렌디한 아이템을 원한다면 평일 오후나 주말에 방문해 보기를 추천한다. 또한, 백화점 내 다른 패션 매장과 연계할인도 종종 진행되니, 할인 정보를 미리 확인하면 더 알뜰한 쇼핑이 가능하다. 세련된 남성 패션을 원한다면 레노마 롯데서울역에서 특별한 쇼핑 경험을 즐겨보시길!"", '장소명: 한섬 오브제 롯데서울역\n내용: **한섬 오브제 롯데서울역**은 서울역 인근에 위치한 프리미엄 여성 의류 편집숍으로, 감각적인 디자인과 세련된 무드의 패션 아이템을 선보이는 쇼핑 명소다.  \n\n이곳은 한섬의 대표 브랜드와 한정판 컬렉션을 한자리에서 만나볼 수 있는 공간으로, 최신 트렌드와 클래식한 감성을 아우르는 제품을 선보인다. 특히 매장 내부는 모던하면서도 여유로운 공간 구성으로 쇼핑뿐만 아니라 휴식도 즐길 수 있도록 설계되어 있다. 영업 시간은 오전 11시부터 오후 9시까지이며, 명절 당일을 제외한 연중무휴로 운영되어 편리하게 방문할 수 있다.  \n\n주요 특징으로는 글로벌텍스프리(GTF)와 제휴한 **세금 환급 서비스**를 제공한다는 점이다. 해외 방문객은 구매 후 간단한 절차로 환급을 받을 수 있어, 여행 중 쇼핑의 즐거움을 더할 수 있다. 매장 내 세련된 디스플레이와 친절한 스태프 덕분에 쇼핑 경험이 한층 업그레이드된다.  \n\n방문객을 위한 팁으로는 평일 오후나 주말 오전 시간을 추천하는데, 비교적 한적한 분위기에서 여유롭게 쇼핑을 즐길 수 있다. 또한, 서울역과의 접근성이 뛰어나 대중교통 이용 시 편리하며, 인근 명소와 연계한 일정도 고려해보길 권한다.  \n\n한섬 오브제 롯데서울역은 단순한 매장을 넘어 패션과 라이프스타일을 제안하는 공간으로, 특별한 날이나 일상 속 작은 사치를 원하는 방문객에게 이상적인 장소다. 세련된 쇼핑을 원한다면 이곳에서의 시간을 계획에 꼭 추가해보자.', '장소명: 벨루티 신세계 본점\n내용: 벨루티 신세계 본점은 명품 브랜드 벨루티의 한국 공식 매장 중 하나로, 신세계백화점 본점 신관 6층에 위치한 럭셔리 쇼핑 공간이다.  \n\n이곳은 이탈리아 명품 브랜드 벨루티의 대표 제품을 한눈에 감상할 수 있는 곳으로, 가죽 공예 기술이 집약된 가방, 신발, 액세서리 등이 전시되어 있다. 특히 벨루티만의 독특한 컬러 조합과 세심한 디테일은 방문객에게 세련된 브랜드 철학을 전달한다. 매장 내부는 우아한 인테리어로 꾸며져 쇼핑과 동시에 여유로운 분위기를 즐길 수 있다.  \n\n벨루티는 19세기 이탈리아에서 시작된 역사를 가진 브랜드로, 전통적인 장인 정신과 현대적인 디자인이 조화를 이룬다. 신세계 본점 매장에서는 시즌별 신제품부터 한정판까지 다양한 라인을 경험할 수 있으며, 전문 스타일리스트의 친절한 상담 서비스도 제공된다. 특히 크리스마스 시즌에는 백화점 외벽과 매장 내 크리스마스 장식이 어우러져 더욱 화려한 분위기를 연출한다.  \n\n방문객을 위한 팁으로는 평일 오후 시간대를 추천하는데, 비교적 한산한 분위기에서 여유롭게 제품을 감상할 수 있다. 또한 신세계백화점 내 다양한 식음료점과 연계하여 쇼핑 후 휴식을 취하는 것도 좋다. 명품 쇼핑을 계획한다면 벨루티 신세계 본점에서 이탈리아 장인정신의 정수를 경험해 보시길.', '장소명: 파리게이츠골프\n내용: 파리게이츠골프는 골프 의류 및 악세사리를 전문으로 생산하는 브랜드입니다. 고품질의 제품과 실용적인 디자인으로 골퍼들 사이에서 인기가 높습니다. 골프를 즐기는 분들 중, 패션과 기능성을 모두 중시하는 분들에게 파리게이츠골프 제품을 추천합니다. 특히, 라운딩 시 착용할 의상을 구매하고자 하는 분들, 또는 새로운 골프 악세사리를 찾고 있는 분들에게 적합한 방문 장소입니다.', '장소명: 프라다남성 신세계 본점\n내용: 프라다남성 신세계 본점은 서울특별시 중구 소공로 63에 위치한 신세계백화점 본점 신관 6층에 자리하고 있습니다. 프라다의 고급스러운 남성복과 액세서리를 만나볼 수 있는 곳으로, 유행에 구애받지 않는 클래식한 디자인의 제품들이 많습니다. 프라다의 팬이거나 고급스러운 남성 패션을 선호하는 사람들이라면 꼭 방문해야 하는 곳입니다. 특히 중요한 약속이나 이벤트가 있는 날, 특별한 분위기를 내고 싶은 때에 방문하면 좋습니다.', '장소명: 발렌티노남성 신세계 본점\n내용: 발렌티노남성 신세계 본점은 대한민국의 수도이자 문화, 인문, 정치, 경제의 중심지인 서울특별시 내에 위치한 발렌티노 남성 의류 매장입니다. 서울특별시는 경기도와 인천광역시와 함께 수도권의 중심을 이루는 대도시로, 다양한 문화와 역사가 공존하는 곳입니다. 패션에 관심이 많은 방문객들이나 특별한 날을 기념하기 위해 고급스러운 의류를 구매하고자 하는 분들에게 추천하는 장소입니다.', ""장소명: 한섬 래트바이티 현대동대문\n내용: **한섬 래트바이티 현대동대문**은 고급 의류 브랜드 한섬의 플래그십 스토어로, 세련된 쇼핑과 휴식을 동시에 즐길 수 있는 복합 문화 공간입니다.  \n\n이곳은 현대시티아울렛 동대문점 7층에 위치해 있으며, 한섬의 대표 라인인 래트바이티를 중심으로 남성·여성·라이프스타일의 고급스러운 의류와 액세서리를 만날 수 있습니다. 특히 미니멀하면서도 우아한 디자인의 의류들은 현대적이면서도 클래식한 감성을 추구하는 방문객들에게 큰 사랑을 받고 있습니다. 매장 내부는 넓은 공간과 따뜻한 조명으로 구성되어 편안하게 쇼핑을 즐길 수 있으며, 고객 맞춤 서비스와 체계적인 사이즈 관리 시스템으로 개인 맞춤형 쇼핑이 가능합니다.  \n\n래트바이티는 '일상의 특별함'을 콘셉트로 한 브랜드로, 단순한 옷가게를 넘어 라이프스타일까지 제안하는 공간으로 꾸며져 있습니다. 계절별로 변화하는 윈도우 디스플레이와 계절 한정 컬렉션은 방문객들에게 항상 새로운 경험을 선사합니다. 또한 매장 내에는 휴식 공간이 마련되어 있어 쇼핑 후 여유롭게 커피를 즐기거나 브랜드의 아이코닉한 디자인을 감상하기에 좋습니다.  \n\n방문객을 위한 팁으로는 평일 오후를 추천합니다. 주말과 비교하면 한적한 분위기에서 쇼핑을 즐기기 좋으며, 매장 직원의 세심한 스타일링 조언을 받을 수 있습니다. 특히 계절별 프로모션 기간에는 한정 제품을 만날 수 있으니 공식 SNS를 미리 확인하는 것이 좋습니다. 한섬 래트바이티 현대동대문은 단순한 쇼핑을 넘어 감성과 실용성을 모두 잡은 특별한 시간을 선사할 것입니다."", '장소명: 한섬 타미힐피거 명동\n내용: 한섬 타미힐피거 명동은 고급스러운 패션 아이템을 만날 수 있는 서울 명동 중심의 프리미엄 브랜드 매장입니다.  \n\n이곳은 타미힐피거의 클래식한 아메리칸 캐주얼과 한섬의 세련된 디자인이 조화를 이룬 공간입니다. 명품 의류와 액세서리부터 캐주얼한 데일리 웨어까지 다양한 라인을 한자리에서 살펴볼 수 있으며, 특히 한정판 컬렉션과 시즌별 트렌드 아이템이 방문객의 눈길을 사로잡습니다. 매장은 모던한 인테리어로 꾸며져 쇼핑하는 내내 고급스러운 분위기를 느낄 수 있습니다.  \n\n타미힐피거는 1985년 뉴욕에서 탄생한 글로벌 브랜드로, 캐주얼과 포멀의 경계를 넘나드는 유려한 디자인으로 유명합니다. 한섬은 국내 대표 패션 그룹으로, 타미힐피거와의 협업을 통해 한국 고객의 취향에 맞는 제품을 선보이고 있습니다. 명동 매장에서는 해외 직구 없이 국내에서 바로 만나볼 수 있는 독점 상품과 특별한 행사 혜택도 제공됩니다.  \n\n방문객을 위한 팁으로는, 신규 회원 가입 시 마일리지를 적립할 수 있는 프로모션에 주목해 보세요. 또한, 매장 직원의 스타일링 추천을 받으면 자신에게 맞는 코디를 찾기 수월합니다. 주말이나 공휴일에는 혼잡할 수 있으니 평일 오후 시간대를 추천합니다.  \n\n명동에서의 쇼핑 여정을 특별하게 만들고 싶다면, 한섬 타미힐피거 명동에서 세련된 라이프스타일을 경험해 보세요.', '장소명: 지이크파렌하이트 현대동대문\n내용: 지이크 파렌하이트 현대동대문은 서울특별시 중구에 위치한 현대시티아울렛 동대문에 자리한 패션 브랜드 매장입니다. 지이크 파렌하이트는 남성복을 전문으로 하는 브랜드로, 현대적인 감각과 클래식한 스타일을 결합한 다양한 의류를 선보입니다. 이곳을 방문하면 깔끔하고 세련된 디자인의 정장, 캐주얼웨어, 액세서리 등을 만나볼 수 있습니다. 쇼핑을 즐기는 사람들은 물론, 다가오는 중요한 행사를 위해 새로운 옷을 찾는 분들에게 추천하는 장소입니다. 또한, 현대시티아울렛 동대문은 다양한 브랜드와 레스토랑이 모여 있어, 쇼핑과 함께 여가 시간을 보내기에 적합한 곳입니다.', ""장소명: 레노마 롯데서울역\n내용: **레노마 롯데서울역**은 서울역 내 롯데백화점아울렛 3층에 위치한 세련된 남성 의류 브랜드 매장으로, 트렌디한 패션 아이템을 만날 수 있는 쇼핑 명소다.  \n\n이곳은 일본 패션 브랜드 '레노마'의 공식 매장으로, 깔끔한 라인과 실용적인 디자인이 특징인 남성복의 매력을 선사한다. 단정한 오피스룩부터 캐주얼한 데일리 웨어까지 다양한 라인업을 갖추고 있어, 비즈니스와 일상에서 모두 활용할 수 있는 아이템을 찾는 방문객들에게 특히 인기가 높다. 매장 내부는 모던한 감각으로 꾸며져 쇼핑하는 내내 감각적인 분위기를 즐길 수 있다.  \n\n영업 시간은 오전 11시부터 오후 9시까지(월요일~일요일, 명절 당일 제외)로, 퇴근 후에도 여유롭게 방문하기 좋다. 추가로 신용카드가 가능하며, 주차 시설과 환급 서비스도 지원된다. 화장실이 완비되어 있어 쇼핑 중 불편함 없이 이용할 수 있다.  \n\n**방문 팁**: 계절별 신상품이 빠르게 업데이트되므로, 트렌디한 아이템을 원한다면 평일 오후나 주말에 방문해 보기를 추천한다. 또한, 백화점 내 다른 패션 매장과 연계할인도 종종 진행되니, 할인 정보를 미리 확인하면 더 알뜰한 쇼핑이 가능하다. 세련된 남성 패션을 원한다면 레노마 롯데서울역에서 특별한 쇼핑 경험을 즐겨보시길!"", '장소명: 시슬리\n내용: **시슬리**는 서울 중구에 위치한 독특한 감성의 패션 편집숍으로, 트렌디한 의류와 액세서리를 한곳에서 만날 수 있는 공간입니다.  \n\n**도심 속 패션의 오아시스**  \n시슬리는 장충단로와 을지로6가의 활기찬 상권 한가운데 자리 잡고 있지만, 내부에는 차분한 색조와 세련된 디스플레이로 차분한 분위기를 연출합니다. 국내외 디자이너 브랜드와 한정판 아이템을 선별해 선보이며, 패션 감각이 뛰어난 방문객들에게 인기가 높습니다. 특히 여성복과 남성복, 유니섹스 제품을 고루 갖춰 커플이나 친구끼리의 쇼핑에도 적합합니다.  \n\n**역사와 현대의 조화**  \n이 지역은 과거 의류 상가의 중심지로 유명했으며, 시슬리는 이러한 역사적 배경을 현대적 감각으로 재해석한 공간입니다. 매장 내부에는 패션 아이콘의 사진 또는 아트워크가 전시되어 있어 쇼핑과 동시에 예술을 감상할 수 있습니다.  \n\n**특별한 쇼핑 체험**  \n시슬리에서는 단순 구매를 넘어 스타일링 상담을 받을 수 있습니다. 패션 전문가의 추천을 통해 개인의 취향에 맞는 아이템을 발견할 수 있으며, 계절별 테마 컬렉션도 운영됩니다. 또한 매장에서는 소규모 팝업 이벤트나 패션 워크숍이 종종 열려, 방문객들에게 영감을 제공합니다.  \n\n**방문 팁**  \n- 평일에는 비교적 한산하니 여유로운 쇼핑을 즐기기에 좋습니다.  \n- 주차 공간이 협소할 수 있으니 대중교통을 이용하는 것을 추천합니다.  \n- 계절별 프로모션 기간에는 한정 상품을 미리 확인해 보세요.  \n\n시슬리는 패션을 사랑하는 이들에게 색다른 경험을 선사하는 공간입니다. 특별한 아이템을 찾고 있다면, 이곳에서 나만의 스타일을 완성해 보시길 추천합니다.', ""장소명: 휴고보스 롯데 본점\n내용: 휴고보스 롯데 본점은 서울 중심가에 위치한 명품 남성복 브랜드의 플래그십 매장으로, 세련된 의류와 액세서리를 한자리에서 경험할 수 있는 공간입니다.  \n\n이 매장은 1979년 롯데호텔 부속 건물로 문을 연 롯데백화점 본점 5층에 자리해 있으며, 독일 출신의 글로벌 라이프스타일 브랜드 휴고보스의 핵심 컬렉션을 선보입니다. 고급스러운 인테리어와 체계적인 공간 구성으로 방문객은 슈트, 캐주얼웨어, 신발, 액세서리 등을 체계적으로 둘러볼 수 있습니다. 특히 브랜드의 시그니처인 'HUGO'와 'BOSS' 라인의 차별화된 디자인을 직접 체험하며, 전문 스타일리스트의 맞춤 상담 서비스도 이용 가능합니다.  \n\n역사적 관점에서 롯데백화점 본점은 국내 최초의 현대적 백화점 중 하나로, 40년 이상 명품 쇼핑의 메카로 자리잡았습니다. 휴고보스 매장은 이러한 전통과 현대적 감각을 결합해 전 세계 패션 트렌드를 반영하는 동시에 한국 고객의 취향에 부합하는 제품을 선보입니다.  \n\n방문객을 위한 팁으로, 백화점 내 무료 발레파킹 서비스를 활용하면 도심 주차 부담을 줄일 수 있습니다. 또한 매장 인근에는 다양한 명품 브랜드 매장과 레스토랑이 밀집해 있어 쇼핑 후 여유로운 시간을 보내기 좋습니다. 휴고보스 롯데 본점은 특별한 날을 위한 아이템을 찾는 분들에게 완벽한 목적지가 될 것입니다.  \n\n*참고: 본 소개글은 검색결과를 기반으로 작성되었으며, 일부 내용은 브랜드 공식 정보와 차이가 있을 수 있습니다."", '장소명: 한섬 시스템옴므 현대동대문\n내용: 한섬 시스템옴므 현대동대문은 서울 중구에 위치한 현대시티아울렛 동대문점에 입점한 남성 패션 브랜드입니다. 현대적이고 감각적인 디자인의 의류를 선보이며, 현대적인 감각을 가진 남성들에게 인기가 많습니다. 동대문은 서울의 대표적인 쇼핑 지구로, 유행에 민감한 사람이라면 방문해볼 만한 곳입니다. 특히, 한섬 시스템옴므는 트렌디한 스타일의 정장을 비롯한 다양한 제품군을 보유하고 있어, 생일이나 승진 등의 기념일에 새로운 정장을 구매하려는 사람들이 방문하면 좋을 것입니다. 또한, 현대시티아울렛에는 다양한 패션 브랜드와 레스토랑이 입점해 있어, 쇼핑과 식사를 동시에 즐길 수 있습니다.', ""장소명: (주)LF(명동헤지스종합)\n내용: **명동 헤지스 플래그십 스토어: 패션과 도시의 만남**  \n\n명동 헤지스 플래그십 스토어는 한국 대표 캐주얼 브랜드인 헤지스의 핵심 가치를 체험할 수 있는 공간으로, 세련된 디자인과 트렌디한 라이프스타일을 제안하는 패션 핫플레이스입니다.  \n\n이곳은 헤지스의 역사와 철학을 한눈에 볼 수 있는 전시 공간부터 최신 컬렉션을 한눈에 확인할 수 있는 매장까지 구성되어 있습니다. 특히 브랜드의 아이코닉한 아이템인 '헤지스 팬츠'를 비롯한 다양한 의류와 액세서리를 직접 체험하며 쇼핑할 수 있어 패션 애호가들이 꼭 방문해야 할 장소로 꼽힙니다. 매장 내부는 모던하면서도 편안한 분위기로 꾸며져 있어 쇼핑뿐만 아니라 친구와 대화를 나누거나 잠깐의 휴식을 취하기에도 좋습니다.  \n\n명동 헤지스 플래그십 스토어는 서울 중심부에 위치해 접근성이 뛰어나며, 근처에는 명동 쇼핑거리와 남산 타워가 있어 패션 탐방 후 주변 명소를 함께 즐기기 좋습니다. 매장 주변에는 다양한 카페와 맛집도 밀집해 있어 쇼핑 후 여유로운 시간을 보내기에도 적합합니다.  \n\n방문객을 위한 팁: 매장에서는 헤지스의 시그니처 아이템을 합리적인 가격에 구매할 수 있는 프로모션을 자주 진행하니, 공식 SNS를 미리 확인하면 좋습니다. 또한, 매장 직원들이 스타일링 조언을 친절하게 제공하므로 패션 고민이 있다면 적극 활용해 보시길 추천합니다.  \n\n명동 헤지스 플래그십 스토어는 단순한 쇼핑을 넘어 브랜드의 철학과 한국의 현대적 감각을 동시에 경험할 수 있는 공간입니다. 패션을 사랑하는 여행자라면 놓치지 말아야 할 명동 쇼핑의 필수 코스입니다."", '장소명: 버버리 남성 롯데 본점\n내용: 버버리 남성 롯데 본점은 서울특별시 중구 소공동에 위치한 롯데백화점 본점에 입점한 버버리 남성 매장입니다. 이곳에서는 버버리의 클래식하고 세련된 남성복을 만나볼 수 있습니다. 모던한 분위기와 함께 트렌디한 스타일을 원하시는 분들께 추천드립니다. 특히, 중요한 자리를 위해 고급스럽고 품위 있는 패션을 찾고 계신다면 방문해 보시길 추천합니다.', '장소명: 보이런던 회현\n내용: 보이런던 회현은 서울특별시 중구에 위치한 패션 브랜드 매장입니다. 이 곳은 전통과 현대가 어우러진 공간으로, 패션에 관심이 많은 사람들이 최신 트렌드를 경험할 수 있는 곳입니다. 특히 보이런던의 유니크한 스타일과 디자인을 좋아하시는 분들이 방문하기에 좋은 장소입니다. 도시적인 분위기와 세련된 인테리어가 돋보이는 매장에서 다양한 의류와 액세서리를 만나보실 수 있습니다. 패션을 사랑하고 유니크한 스타일을 추구하는 분들이 최신 패션 트렌드를 경험하고 싶을 때 방문하면 좋은 곳입니다.']",1,0
hyde,현대적인 쇼핑과 문화를 함께 즐길 수 있는 복합 공간 추천해줄래?,"['장소명: 본 현대동대문\n내용: **본 현대동대문은 동대문 패션의 중심지에서 쇼핑과 휴식을 동시에 즐길 수 있는 복합 문화공간입니다.**  \n\n서울의 번화가 동대문에 위치한 이 복합몰은 패션, 푸드, 엔터테인먼트가 어우러진 현대적인 공간으로, 특히 24시간 영업으로 언제든지 방문할 수 있어 실용적입니다. 1층에는 다양한 패스트패션 브랜드와 편의시설이 자리해 쇼핑객들의 발길을 사로잡으며, 내부에는 현대적인 인테리어와 편의시설이 조화를 이룹니다.  \n\n주요 볼거리 중 하나는 동대문 패션의 트렌디한 아이템을 한눈에 만날 수 있는 매장들입니다. 특히 젊은 층을 겨냥한 캐주얼웨어부터 세련된 오피스룩까지 폭넓은 스타일을 제안해 방문객의 취향에 맞는 쇼핑이 가능합니다. 또한, 푸드코트와 카페 공간에서는 간단한 식사나 커피를 즐기며 잠시 쉬어가기 좋습니다.  \n\n이 공간은 단순한 쇼핑을 넘어 문화적 경험을 제공합니다. 야간에도 운영하는 만큼, 동대문의 활기찬 밤문화를 경험하려는 여행객들에게 특히 인기가 많습니다. 건물 내부에는 아트월이나 포토존도 마련되어 있어 SNS에 남길 인생샷을 찍기 적합합니다.  \n\n방문객을 위한 팁으로는, 무료 주차 시설을 활용할 수 있다는 점을 추천합니다. 특히 주말이나 저녁 시간대에는 쇼핑객이 많으므로 비교적 한산한 오후 이른 시간을 노리는 것도 좋습니다. 또한, 동대문의 명물인 길거리 음식과 함께 즐기면 더 풍부한 경험을 할 수 있습니다.  \n\n동대문을 방문한다면, 본 현대동대문은 트렌드와 편의를 모두 잡은 필수 코스입니다. 패션, 맛집, 휴식이 공존하는 이곳에서 서울의 활기찬 에너지를 만끽해 보세요!', '장소명: 마루이홈\n내용: **마루이홈은 서울 중심부에 위치한 트렌디한 라이프스타일 편집매장으로, 일본과 글로벌 패션·라이프스타일 브랜드를 한자리에서 경험할 수 있는 공간입니다.**  \n\n현대시티타워 12층에 자리 잡은 마루이홈은 도심 속에서 특별한 쇼핑과 휴식을 동시에 즐길 수 있는 복합 문화 공간입니다. 이곳은 단순히 제품을 판매하는 매장이 아니라, 감각적인 인테리어 디자인과 함께 편안하게 공간을 탐방하며 쇼핑을 즐길 수 있도록 구성되어 있습니다. 특히 일본 내 인기 있는 브랜드의 한정판 제품이나 한국에서 쉽게 접하기 어려운 독특한 아이템을 만날 수 있어 패션과 라이프스타일 애호가들의 발길이 끊이지 않습니다.  \n\n주요 볼거리로는 각 브랜드의 핵심 제품을 체계적으로 전시한 테마 존과, 계절별 기획 전시를 통해 선보이는 한정 컬렉션이 있습니다. 또한 매장 내부에는 카페와 휴식 공간이 마련되어 있어 쇼핑 중 잠시 여유를 즐기기에도 좋습니다. 마루이홈은 단순히 물건을 사는 공간을 넘어, 트렌디한 아이템을 발견하고 일상의 영감을 얻을 수 있는 문화적 경험을 제공합니다.  \n\n방문객을 위한 팁으로는, 평일 오후나 주말 오전에 방문하면 비교적 한적하게 쇼핑을 즐길 수 있다는 점을 추천합니다. 또한 매장 내 브랜드별로 할인 이벤트나 팝업 전시가 자주 열리니, 방문 전 공식 홈페이지나 SNS를 확인해 보는 것이 좋습니다. 트렌드에 민감한 제품이나 한정판은 조기 품절될 수 있으니, 관심 있는 아이템이 있다면 미리 체크한 후 방문하는 것을 권장합니다.  \n\n마루이홈은 독특한 쇼핑 경험과 함께 일상의 특별함을 찾고자 하는 분들에게 강력히 추천하는 곳입니다. 도심 속에서 새로운 스타일을 발견하고, 여유로운 시간을 보내기에 완벽한 장소입니다.', ""장소명: GCUT\n내용: GCUT는 서울 중심부에 위치한 현대아울렛 동대문점 4층에 자리한 복합 문화 공간으로, 패션·디자인·예술이 어우러진 창의적인 플랫폼입니다. '지오다노' 매장이 입점해 있는 이 공간은 젊은 감성과 트렌드를 반영한 패션 아이템부터 독창적인 디자인 소품까지 다채로운 볼거리를 제공하며, 도심 속 특별한 쇼핑 경험을 선사합니다.\n\n이곳은 역사적 건물인 현대아울렛 동대문점의 현대적 리모델링을 통해 탄생했는데, 을지로6가의 산업 유산을 보존하면서도 모던한 감성으로 재해석한 것이 특징입니다. 특히 4층의 GCUT는 층고의 넉넉함과 자연채광이 조화를 이뤄 편안한 분위기에서 쇼핑과 휴식을 동시에 즐길 수 있습니다. 주변에는 동대문역, 동대문역사문화공원역, 종로5가역 등 3개의 지하철역이 5~9분 거리에 위치해 접근성이 뛰어나며, 46개의 버스 노선으로도 편리하게 연결됩니다.\n\n방문객들을 위한 추천 팁으로는, 평일 오후 시간대에 방문하면 한적한 분위기에서 쇼핑을 즐길 수 있다는 점, 인근에 위치한 전통 시장과 현대 복합 문화공간을 함께 탐방하며 서울의 다채로운 매력을 경험할 수 있다는 점을 꼽을 수 있습니다. 또한 GCUT 내부에서는 한정판 콜라보레이션 제품이나 로컬 디자이너의 작품을 발견할 수 있으니, 세심한 관찰력을 발휘해 보시길 추천합니다. 도심 속 트렌디한 문화를 경험하고 싶다면 GCUT를 방문해 보는 것이 좋습니다."", ""장소명: 골든듀 롯데본점\n내용: **골든듀 롯데본점**은 서울 중심부에 위치한 독특한 컨셉의 쇼핑 문화 공간으로, 롯데백화점 본점 1층에 자리한 이색적인 복합 매장입니다.  \n\n이 매장은 패션, 라이프스타일, 푸드 등 다양한 분야를 아우르는 브랜드들을 한자리에서 경험할 수 있는 것이 특징입니다. 특히 '골든듀'라는 이름은 금(Gold)과 듀얼(Dual)을 결합한 것으로, 고급스러움과 다채로운 콘셉트의 공존을 상징합니다. 롯데본점의 상징적인 위치에 걸맞은 세련된 인테리어와 공간 구성으로 일상 속에서도 특별한 쇼핑을 즐길 수 있습니다.  \n\n역사적 배경을 살펴보면, 롯데백화점 본점은 1979년 개장한 이래 서울의 대표 쇼핑 명소로 자리매김했으며, 골든듀는 이러한 전통을 현대적으로 재해석한 공간입니다. 매장에서는 국내·외 유명 브랜드의 패션 아이템부터 한정판 제품, 아트 콜라보레이션 상품까지 다양하게 만날 수 있어 패션 애호가들의 발길이 끊이지 않습니다. 또한, 간단한 음료나 디저트를 즐기며 휴식을 취할 수 있는 푸드 존도 마련되어 쇼핑의 피로를 잊게 합니다.  \n\n방문객을 위한 팁으로, 골든듀는 백화점 영업 시간 내에 운영되므로 오픈 시간 확인이 필수입니다. 주말이나 공휴일에는 인파가 몰릴 수 있으므로 여유로운 시간을 확보하는 것이 좋습니다. 특히 패션 아이템은 한정 재고가 많아 인기가 높은 제품은 빠르게 품절될 수 있으니, 관심 있는 상품이 있다면 미리 체크한 후 방문하는 것을 추천합니다.  \n\n**골든듀 롯데본점**은 단순한 쇼핑 공간을 넘어 문화와 트렌드가 교차하는 장소입니다. 독특한 브랜드 구성과 세련된 분위기 속에서 특별한 추억을 만들어 보시길 바랍니다."", '장소명: 롯데 서울역점(SJSJ)\n내용: **롯데 서울역점(SJSJ)은 서울역 중심에 위치한 복합 쇼핑몰로, 쇼핑과 문화 체험을 동시에 즐길 수 있는 현대적인 공간입니다.**  \n서울역 광장과 연결된 한강대로 405에 자리한 이 장소는 롯데아울렛 서울역점을 중심으로 다양한 패션, 라이프스타일 브랜드, 푸드 코너가 어우러져 있습니다. 특히, 역사(驛舍)와의 연계로 교통 접근성이 뛰어나 여행객과 지역 주민 모두에게 편리함을 제공합니다. 내부에는 트렌디한 의류 매장부터 일상 속 필요한 아이템을 찾을 수 있는 편집숍까지 다양하게 구성되어 있어, 쇼핑뿐만 아니라 시간을 보내는 즐거움을 선사합니다.  \n\n주요 볼거리로는 계절별 프로모션과 한정 기획전이 열리는 특별관이 있으며, 푸드 존에서는 국내외 다양한 맛과 함께 편안한 식사를 즐길 수 있습니다. 또한, 문화 행사나 팝업 이벤트가 종종 개최되어 방문객에게 특별한 경험을 선사하기도 합니다. 쇼핑 후 피로를 풀기에 좋은 휴게 공간도 마련되어 있어, 여유롭게 공간을 둘러보며 휴식을 취할 수 있습니다.  \n\n방문객을 위한 팁으로는, 주말이나 연휴에는 인파가 많을 수 있으므로 평일 오후를 추천드리며, 서울역과의 직결 구조 덕분에 대중교통 이용 시 편리하게 이동 가능합니다. 또한, 푸드 코너에서는 현지인과 여행객 모두에게 사랑받는 메뉴들이 준비되어 있으니, 쇼핑 후 맛있는 식사까지 계획해 보시길 권합니다. 롯데 서울역점(SJSJ)은 단순한 쇼핑몰을 넘어 도시의 활기와 현대적 감성을 느낄 수 있는 공간으로, 서울 방문 시 놓치지 말아야 할 장소입니다.', ""장소명: 찰스앤키스 눈스퀘어\n내용: **명동의 새로운 패션·엔터테인먼트 복합공간, 찰스앤키스 눈스퀘어**  \n찰스앤키스 눈스퀘어는 패션, 식음료, 엔터테인먼트가 한데 어우러진 명동의 대표 복합 문화공간으로, 흰 결정체를 형상화한 모던한 디자인과 편의성이 돋보이는 쇼핑 명소입니다.  \n\n### 주요 볼거리 & 특징  \n눈스퀘어는 한국 최초로 외부 에스컬레이터를 도입해 접근성을 극대화했으며, 국내외 다양한 패션 브랜드부터 CGV 영화관, 카페까지 한곳에서 즐길 수 있는 것이 특징입니다. 특히 지하 2층에는 한양문고&카페가 위치해 쇼핑 후 편안하게 책을 읽거나 휴식할 수 있습니다. 최근 오픈한 ZARA 플래그십 스토어와 한국 독점 '자카페(ZARA Cafe)'는 감각적인 인테리어와 독특한 쇼핑 경험을 선사하며 방문객들의 발길을 사로잡습니다.  \n\n패션 섹션은 실용성과 트렌드를 겸비한 카테고리로 구성되어 있으며, F&B 존에서는 간편하게 즐길 수 있는 글로벌 패스트푸드와 현지 맛집을 함께 만날 수 있습니다. 영화관은 최신 상영작과 편안한 관람 환경을 제공해 쇼핑과 문화생활을 동시에 즐기기에 이상적입니다.  \n\n### 방문객을 위한 팁  \n- **플래그십 스토어 체험**: ZARA 플래그십 스토어는 단순한 매장이 아닌 공간 자체가 예술품으로, 컬렉션마다 특별 섹션이 마련되어 있으니 천천히 둘러보시길 추천합니다.  \n- **자카페 활용**: 한국에서만 만날 수 있는 ZARA의 카페는 커피와 디저트를 즐기며 쇼핑 피로를 풀기에 좋습니다.  \n- **지하 2층 서점**: 한양문고&카페에서 조용히 책을 읽거나 기념품용 책을 고르는 것도 특별한 경험이 될 것입니다.  \n\n눈스퀘어는 명동의 번화가에 위치하지만, 외부 에스컬레이터와 깔끔한 내부 설계로 오히려 여유로운 분위기입니다. 패션, 문화, 휴식을 한곳에서 누리고 싶다면 반드시 방문해 보세요!"", ""장소명: 블랙야크 현대동대문\n내용: **블랙야크 현대동대문**은 아웃도어 브랜드 블랙야크의 대표 매장으로, 현대시티아울렛 동대문점 7층에 위치한 쇼핑과 체험을 결합한 복합 문화 공간이다.  \n\n이곳은 블랙야크의 최신 아웃도어 웨어와 장비를 한눈에 확인할 수 있는 공간으로, 등산, 트레킹, 캠핑에 필요한 프리미엄 제품을 직접 체험하며 구매할 수 있다. 특히 매장 내부에는 브랜드의 핵심 가치인 '자연과의 조화'를 반영한 모티프와 함께, 한국의 아름다운 산림을 연상시키는 인테리어 디자인이 돋보인다. 방문객들은 제품 전시뿐 아니라 AR(증강현실) 기술을 활용한 가상 체험 코너에서 블랙야크의 아웃도어 정신을 경험해볼 수 있다.  \n\n매장은 기능성과 디자인을 겸비한 블랙야크의 시그니처 제품부터 한정판 콜라보레이션 아이템까지 다양하게 구성되어 있어, 실용성과 스타일을 모두 추구하는 소비자에게 적합하다. 또한, 전문 스타일리스트의 쇼핑 컨설팅을 받을 수 있는 서비스도 제공되며, 계절별 추천 아이템을 통해 맞춤형 쇼핑이 가능하다.  \n\n방문객을 위한 팁으로, 평일 오후에는 상대적으로 한산하여 여유롭게 쇼핑할 수 있고, 주말에는 가족 단위 방문객을 위한 이벤트나 체험 프로그램이 진행되기도 한다. 또한, 현대시티아울렛 내 다른 매장과의 연계를 통해 쇼핑의 즐거움을 배가시킬 수 있다. 블랙야크 현대동대문은 단순한 매장을 넘어 아웃도어 라이프스타일을 제안하는 공간으로, 자연과 도시를 사랑하는 이들에게 특별한 경험을 선사할 것이다.  \n\n*※ 매장은 현대시티아울렛 운영 시간에 따라 개방되며, 정확한 정보는 공식 채널을 통해 확인하시기 바랍니다.*"", '장소명: 반스 두타\n내용: 동대문 디자인 플라자(DDP) 근처에 위치한 반스 두타는 쇼핑과 문화를 한번에 즐길 수 있는 복합 문화 공간입니다. 이곳에는 다양한 브랜드의 패션 상품과 더불어 현대적인 디자인의 건축물이 조화를 이루고 있습니다. 또한, 현대면세점이 입점해 있어 외국인 관광객들에게도 인기가 많습니다. 분위기 있는 식사를 원한다면 레스토랑이나 카페를, 쇼핑을 즐기고 싶다면 다양한 브랜드 매장을 방문해보세요. 친구나 가족과 함께 쇼핑과 문화를 즐기고 싶은 분들에게 특히 추천드립니다.', ""장소명: 컬럼비아 현대동대문\n내용: **컬럼비아 현대동대문은 서울 중심부의 현대적 쇼핑과 문화 체험이 어우러진 복합 문화공간입니다.**  \n\n이곳은 동대문 현대시티아울렛 내 위치한 컬럼비아 매장으로, 글로벌 아웃도어 브랜드의 대표 아이템을 한자리에서 만날 수 있습니다. 특히 컬럼비아의 기능성 재킷, 방수 의류, 캐주얼웨어 등 다양한 라인이 체계적으로 전시되어 쇼핑의 편의성을 높였으며, 트렌디한 디자인과 실용성을 겸비한 제품들을 직접 체험해 볼 수 있습니다. 매장 내부에는 계절별 추천 코디와 신제품 소개 코너가 마련되어 있어 방문객의 니즈에 맞는 쇼핑이 가능합니다.  \n\n컬럼비아 현대동대문은 단순히 제품을 판매하는 공간을 넘어 브랜드의 역사와 철학을 엿볼 수 있는 문화적 요소도 갖추고 있습니다. 아웃도어 활동의 영감을 주는 사진 전시나 한정판 컬렉션 소개 등 특별 이벤트가 종종 열리며, 이는 쇼핑에 재미와 깊이를 더합니다. 또한 동대문 패션 중심가의 이점을 살려 인근에 위치한 다양한 패션 편집숍, 먹거리 거리와의 연계 탐방도 추천할 만합니다.  \n\n방문객을 위한 팁으로는, 주말보다는 평일 오후를 이용해 비교적 한적한 분위기에서 쇼핑하기, 매장의 사이즈 교환 정책을 미리 확인해 체형에 맞는 옷을 선택하기, 계절별 프로모션 기간을 노려 할인 혜택을 누리는 것 등을 추천합니다. 특히 컬럼비아의 베스트셀링 아이템인 '아웃드라이' 재킷이나 '헤이터' 시리즈는 실용성과 디자인 면에서 높은 평가를 받고 있으니 꼭 체크해 보시길 바랍니다.  \n\n동대문 현대시티아울렛의 중심부에 위치한 이 매장은 쇼핑과 휴식을 동시에 즐기기에 최적화된 공간입니다. 방문 시 인근 카페나 푸드코트에서 잠시 쉬어가며 쇼핑의 피로를 풀어보는 것도 좋은 방법입니다. 컬럼비아 현대동대문은 단순한 구매 공간을 넘어, 삶의 방식을 제안하는 라이프스타일 허브로의 역할을 꾸준히 이어가고 있습니다."", ""장소명: 한섬 래트바이티 현대동대문\n내용: **한섬 래트바이티 현대동대문**은 고급 의류 브랜드 한섬의 플래그십 스토어로, 세련된 쇼핑과 휴식을 동시에 즐길 수 있는 복합 문화 공간입니다.  \n\n이곳은 현대시티아울렛 동대문점 7층에 위치해 있으며, 한섬의 대표 라인인 래트바이티를 중심으로 남성·여성·라이프스타일의 고급스러운 의류와 액세서리를 만날 수 있습니다. 특히 미니멀하면서도 우아한 디자인의 의류들은 현대적이면서도 클래식한 감성을 추구하는 방문객들에게 큰 사랑을 받고 있습니다. 매장 내부는 넓은 공간과 따뜻한 조명으로 구성되어 편안하게 쇼핑을 즐길 수 있으며, 고객 맞춤 서비스와 체계적인 사이즈 관리 시스템으로 개인 맞춤형 쇼핑이 가능합니다.  \n\n래트바이티는 '일상의 특별함'을 콘셉트로 한 브랜드로, 단순한 옷가게를 넘어 라이프스타일까지 제안하는 공간으로 꾸며져 있습니다. 계절별로 변화하는 윈도우 디스플레이와 계절 한정 컬렉션은 방문객들에게 항상 새로운 경험을 선사합니다. 또한 매장 내에는 휴식 공간이 마련되어 있어 쇼핑 후 여유롭게 커피를 즐기거나 브랜드의 아이코닉한 디자인을 감상하기에 좋습니다.  \n\n방문객을 위한 팁으로는 평일 오후를 추천합니다. 주말과 비교하면 한적한 분위기에서 쇼핑을 즐기기 좋으며, 매장 직원의 세심한 스타일링 조언을 받을 수 있습니다. 특히 계절별 프로모션 기간에는 한정 제품을 만날 수 있으니 공식 SNS를 미리 확인하는 것이 좋습니다. 한섬 래트바이티 현대동대문은 단순한 쇼핑을 넘어 감성과 실용성을 모두 잡은 특별한 시간을 선사할 것입니다.""]",0,1
hyde,역사적 의미가 깃든 조용한 사찰 주변에 산책로 있을까?,"['장소명: 안산자락길\n내용: **안산자락길**은 서울 서대문구에 위치한 안산의 둘레를 따라 조성된 총 길이 약 7km의 숲길입니다. 이 길은 도심 속에서 자연과 함께 산책하며 일상의 여유를 만끽할 수 있는 매력적인 공간으로, 사계절 다양한 풍경과 체험을 선사합니다.  \n\n### 🌳 주요 볼거리와 체험 요소  \n안산자락길은 산책로 중간중간 설치된 쉼터와 전망대에서 서울 도심의 경관을 조망할 수 있으며, 특히 가을에는 단풍, 봄에는 신록이 어우러져 환상적인 풍경을 연출합니다. 역사적으로는 안산이 예로부터 서울의 진산(鎭山)으로 여겨지며 지역 주민들에게 영감과 휴식을 제공한 점이 특징입니다. 길 주변에는 봉원사길과 연결된 문화유적지가 있어 역사적 분위기와 자연을 동시에 즐길 수 있습니다.  \n\n체험 측면에서는 맨발 걷기, 숲속 명상, 가벼운 트레킹 등 도심 속에서 접하기 어려운 자연 활동을 추천합니다. 주차 시설도 편리해 국립임시정부기념관 주차장을 이용하면 접근성이 좋습니다.  \n\n### 🚶 마무리 팁  \n안산자락길을 방문할 때는 편한 신발과 함께 간단한 음료, 간식, 카메라를 준비하는 것이 좋습니다. 특히 주말에는 가족이나 친구와 함께 산책하며 사진 촬영을 즐기기에 최적이며, 평일 오후에는 한적한 분위기 속에서 혼자만의 시간을 보내기 좋습니다. 코스 중간중간에 있는 쉼터에서 잠시 숨을 고르며 숲의 정기를 느껴보세요.  \n\n도심 속 비밀 정원 같은 안산자락길은 바쁜 일상 속에서 잠시 멈추고 싶은 이들에게 강력히 추천하는 명소입니다. 🌿', '장소명: 연당\n내용: **연당: 한옥과 전통이 살아 숨 쉬는 서울의 숨은 정원**  \n연당은 서울 종로구 계동에 위치한 한옥 정원으로, 조선 시대 양반가의 정원을 재현한 고즈넉한 문화유산 공간입니다.  \n\n**한옥의 운치와 정원의 아름다움**  \n연당은 1930년대 건축된 전통 한옥을 기반으로 조성된 공간으로, 사계절 각기 다른 매력을 선사합니다. 봄에는 진달래와 철쭉이 화사하게 피고, 여름에는 연꽃이 만개한 연못에서 청량감을 느낄 수 있습니다. 가을에는 단풍이, 겨울에는 설경이 한옥과 어우러져 고풍스러운 풍경을 완성합니다. 특히 정원 내 \'연당\'이라는 이름의 연못은 계절별로 다른 식물군과 어우러지며 방문객에게 평온함을 선사합니다.  \n\n**역사와 문화가 깃든 공간**  \n이곳은 조선 후기 사대부 집의 정원을 현대적으로 재해석한 곳으로, 한옥의 단아한 구조와 정원의 자연스러운 조화가 특징입니다. 전통 정원 디자인 기법을 활용해 담장 너머로 보이는 풍경과 물소리가 마치 시간을 거슬러 올라간 듯한 착각을 일으키죠. 내부에는 차를 마실 수 있는 다실과 소규모 전시 공간도 마련되어 있어, 한국 전통 차 문화와 예술을 체험할 수 있습니다.  \n\n**방문객을 위한 팁**  \n연당은 비교적 좁은 공간이지만, 한적한 분위기에서 사진 촬영이나 독서, 명상하기에 적합합니다. 한옥 체험 프로그램(예: 한복 입기, 전통 다도 체험)이 운영될 때도 있으니 사전 확인을 추천합니다. 근처 계동 골목길의 카페와 갤러리와 함께 둘러보면 전통과 현대가 공존하는 독특한 매력을 느낄 수 있습니다.  \n\n**추천 멘트**  \n""연당은 도심 속에서 한국의 전통을 오롯이 느끼고 싶은 분들에게 추천합니다. 한옥 마당에 앉아 차 한 잔의 여유를 즐기다 보면, 바쁜 일상에서의 스트레스가 자연스레 사라질 거예요.""', '장소명: 후암편백\n내용: 후암편백은 서울 용산구 후암로에 위치한 자연과 휴식이 공존하는 도심 속 힐링 명소입니다.  \n\n후암편백은 후암동 두텁바위 마을 인근에 자리한 조용한 공간으로, 편백나무의 은은한 향기로 일상의 스트레스를 해소하는 데 최적화된 장소입니다. 특히 남산 자락의 자연 경관과 어우러져 도보로도 쉽게 접근할 수 있는 점이 매력적입니다. 이곳은 전통 한옥과 현대적 감성이 어우러진 건축물로, 방문객들은 산책로를 따라 걷거나 편백나무 숲에서 명상을 즐기며 여유로운 시간을 보낼 수 있습니다. 주변에는 용산도서관, 남산공원, 서울역 등 문화·역사 명소도 가까워 연계 관광이 가능합니다.  \n\n후암편백의 주변에는 외국인 거주 비율이 높은 지역적 특성을 반영한 다문화 프로그램이나 영어·다국어 도서가 갖춰진 도서관도 있어, 다양한 문화적 체험을 원하는 여행객에게도 추천합니다. 또한, 인근 카페와 한옥 골목에서는 감성적인 분위기와 함께 지역 특색을 느낄 수 있습니다.  \n\n방문객을 위한 팁으로는, 교통편이 편리하지만 전용 주차장이 없으므로 지하철(서울역)이나 버스 이용을 권장합니다. 특히 오후 3시부터 5시까지는 인근 상점의 휴식 시간일 수 있으니, 방문 계획을 세울 때 참고하시면 좋습니다. 후암편백에서의 시간은 도심 속에서도 자연과 전통을 느끼며 마음의 안정을 찾는 특별한 경험이 될 것입니다.  \n\n혹시 주변에 맛집이나 카페를 찾고 있다면, 후암동 일대의 감성 카페와 지역 특색 있는 음식점도 함께 둘러보시길 추천합니다. 단, 방문 전 운영 시간을 확인하는 것이 좋습니다. 후암편백은 사계절 내내 아름다운 풍경을 자랑하므로, 계절별로 다른 매력을 발견해 보시기 바랍니다.', '장소명: 사라진 성곽길을 따라 걷기\n내용: 사라진 성곽길을 따라 걷기는 역사적인 분위기를 느끼며 산책할 수 있는 활동입니다. 성곽은 과거에 방어나 거주 등의 목적으로 건설된 구조물로, 해당 성곽길은 과거의 흔적을 간직하고 있어 역사적 의미를 가지고 있습니다. 이 성곽길을 따라 걸으면, 과거의 풍경과 문화를 상상하며 시간 여행을 하는 기분을 느낄 수 있습니다. 특히, 역사에 관심이 많은 분들이나 평온한 분위기 속에서 산책을 즐기고 싶은 분들에게 추천합니다. 또한, 사진 찍기를 좋아하는 분들에게는 아름다운 전경과 역사적 장면을 담아낼 수 있는 좋은 기회가 될 것입니다.', '장소명: 길복정\n내용: **길복정: 전통과 현대의 조화를 느낄 수 있는 한옥 카페**  \n\n길복정은 서울 종로구에 위치한 한옥 카페로, 전통 한옥의 아름다움과 현대적인 감성이 어우러진 독특한 공간입니다. 새문안로5가길 13에 자리한 이 곳은 역사적 정취를 느끼며 차분한 시간을 보내기에 최적화된 장소로, 한옥의 고풍스러운 분위기와 세련된 인테리어가 조화를 이룹니다.  \n\n길복정은 조선 시대 건축 양식을 현대적으로 재해석한 한옥 구조로, 나무로 된 대청마루와 넓은 마당이 특징입니다. 계절별로 다른 풍경을 선사하는 정원은 방문객에게 평온함을 선사하며, 특히 가을에는 단풍이 물든 마당에서 차 한 잔의 여유를 즐길 수 있습니다. 내부는 전통 다실의 분위기를 살리되, 모던한 소품과 조명으로 세련된 감각을 더해 젊은 세대에게도 인기가 높습니다.  \n\n주요 메뉴로는 전통 차를 현대적으로 변주한 음료와 계절 과일을 활용한 디저트가 있습니다. 예를 들어, 유자차나 대추차는 한옥의 정갈한 분위기와 잘 어울리며, 호박 떡 케이크와 같은 전통 간식들은 건강한 맛을 선사합니다. 또한, 한옥에서 진행되는 소규모 문화 행사나 워크숍도 종종 열려, 차 문화 체험이나 전통 공예 배우기 등 특별한 경험을 할 수 있습니다.  \n\n방문객들을 위한 팁으로는 주말 오후 2시~4시 사이에 방문하면 비교적 한적한 분위기에서 즐길 수 있다는 점을 추천합니다. 또한, 길복정 인근에는 전통과 현대가 공존하는 골목길들이 많아, 산책하며 주변 카페나 갤러리를 함께 탐방하는 것도 좋습니다. 한옥의 정취와 달콤한 휴식을 동시에 원한다면, 길복정은 단순한 카페 이상의 문화적 경험을 선사할 것입니다.  \n\n이곳은 과거와 현재를 잇는 감성적인 공간에서 일상의 여유를 찾고 싶은 이들에게 특히 추천할 만한 장소입니다.', '장소명: 로씨니\n내용: **로씨니**는 서울 종로구 북촌로 18에 위치한 한옥과 현대적 감각이 어우러진 문화 공간입니다.  \n\n로씨니는 북촌한옥마을의 고즈넉한 분위기와 어우러진 독특한 장소로, 전통 한옥의 아름다움을 현대적으로 재해석한 공간입니다. 이곳은 한옥의 정취를 느끼며 차를 마시거나 소규모 모임을 즐기기에 적합합니다. 주변 골목길을 걷다 보면 마주치는 한옥의 우아한 지붕선과 나무 대문이 시간의 흐름을 잊게 만듭니다. 로씨니 내부에서는 창문으로 스며드는 자연광과 한지 장식이 어우러져 차분하고 세련된 분위기를 연출합니다.  \n\n역사적 배경을 살펴보면, 북촌 지역은 조선 시대부터 양반과 문인들이 거주하던 전통 마을로, 로씨니가 자리한 재동 일대도 한옥의 정취가 고스란히 남아 있습니다. 특히 로씨니는 옛 한옥의 구조를 최대한 보존하면서 현대적인 편의시설을 더해 과거와 현재가 공존하는 특별한 경험을 선사합니다.  \n\n방문객들은 이곳에서 한옥 카페의 여유로운 시간을 보내거나, 인근에 위치한 북촌한옥마을을 탐방하며 전통 문화를 체험할 수 있습니다. 계절별로 다른 풍경을 자랑하는데, 가을에는 단풍이 물든 한옥 마을과 어우러진 로씨니의 모습이 특히 인상적입니다.  \n\n로씨니를 방문할 때는 조용한 분위기를 즐기기 위해 평일을 추천하며, 주변에 주차 공간이 협소할 수 있으므로 대중교통을 이용하는 것이 좋습니다. 또한, 인근 전통 공예품 가게나 갤러리를 함께 둘러보면 북촌의 매력을 더욱 깊이 느낄 수 있습니다. ""한옥의 정취와 현대적 편안함을 동시에 경험하고 싶다면 로씨니를 방문해 보세요.""라는 추천 멘트로 마무리합니다.', '장소명: 토인\n내용: **토인: 전통과 현대가 어우러진 고풍스러운 한옥 카페**  \n토인은 서울 종로구 관훈동에 위치한 전통 찻집으로, 한옥의 고즈넉한 분위기 속에서 한국 전통차와 디저트를 즐길 수 있는 특별한 공간입니다.  \n\n**역사적 배경과 고풍스러운 매력**  \n조선시대의 정취를 간직한 한옥 구조에 현대적인 편안함을 더한 토인은, 방문자에게 시간 여행을 하는 듯한 경험을 선사합니다. 전통 목공과 단청 장식이 어우러진 내부는 사진 촬영 명소로도 사랑받으며, 특히 계절별로 변화하는 정원 풍경은 자연과 함께하는 여유로움을 느끼게 합니다.  \n\n**체험 요소와 대표 메뉴**  \n토인에서는 100% 국내산 재료로 만든 전통차를 직접 우려 마시며, 차 문화를 체험할 수 있습니다. 대표 메뉴인 **국화차**는 은은한 꽃향과 깔끔한 뒷맛이 특징이며, 유기농 커피도 함께 제공됩니다. 차와 어울리는 **모둠떡**, **쑥가래떡구이** 등 전통 디저트는 한 끼 식사로 충분할 만큼 풍성합니다. 또한, 단체석이 마련되어 세미나나 모임 장소로도 적합합니다.  \n\n**방문객을 위한 특별한 추천**  \n토인은 단순한 카페가 아닌 한국의 차 문화를 체험할 수 있는 문화 공간입니다. 방문 시에는 전통 다도를 배우며 마음의 안정을 찾아보거나, 친구들과 함께한옥에서의 특별한 티타임을 즐겨보세요. 계절별로 바뀌는 정원 풍경을 배경으로 인생 사진을 남기기에도 좋습니다. 단체 방문객은 미리 예약을 통해 쾌적한 공간을 확보하는 것이 좋습니다.  \n\n토인은 바쁜 도심 속에서 한국 전통의 아름다움을 느끼고 싶은 이들에게 강력히 추천하는 명소입니다. 차 한 잔의 여유로 일상에 쉼표를 찍어보세요.', ""장소명: 개뿔\n내용: **낙산성곽길의 아늑한 쉼표, 카페 개뿔**  \n도심 속 역사와 현대 감성이 조화된 특별한 카페에서 특별한 시간을 보내고 싶다면, 낙산성곽길 초입에 자리한 '개뿔'을 추천합니다.  \n\n'개뿔'은 서울 종로구 낙산성곽서1길 26에 위치한 1·2층 카페로, 낙산성곽의 고즈넉한 풍경과 어우러진 아늑한 공간입니다. 성곽길을 따라 20분 정도 걷다 보면 만나는 이 카페는, 역사적인 돌담과 현대적 인테리어가 조화를 이루며 방문객들에게 독특한 분위기를 선사합니다. 1층에서는 탁 트인 매장 바깥의 성곽 풍경을 감상할 수 있고, 2층은 좀 더 프라이빗한 공간에서 여유로운 시간을 보내기에 좋습니다.  \n\n이 카페의 매력은 단순한 음료 제공을 넘어, 낙산성곽길 산책과 결합된 체험에 있습니다. 낮 시간에는 따스한 햇살 아래 성곽 위를 걸으며 오랜 역사의 흔적을 느끼고, 카페에서 향긋한 커피와 디저트로 잠시 숨을 고르는 여정이 가능합니다. 특히 해질 무렵에는 성곽 위에서 바라보는 도심의 야경과 어우러진 카페의 조명이 낭만적인 분위기를 자아냅니다. 반려동물 동반이 가능해 반려견과의 산책 후 편안하게 머무르기에도 적합합니다.  \n\n운영 시간은 매일 오전 10시부터 오후 11시까지이며, 주차 공간이 없으므로 대중교통 이용을 권장합니다. 낙산성곽길 초입의 좁은 골목길에 위치하므로, 성곽길 안내 표지판을 따라 찾으면 쉽게 도착할 수 있습니다.  \n\n**추천 여행 팁**  \n1. 성곽길 산책 후 카페에서 휴식을 취해보세요. 역사적 정취와 현대적 편의가 결합된 특별한 경험이 될 것입니다.  \n2. 저녁 시간대 방문 시, 야경과 어우러진 카페 분위기를 즐기실 수 있습니다.  \n3. 반려동물과 함께라면 동반 입장이 가능하니, 함께 여유로운 시간을 보내보세요.  \n\n낙산성곽길의 과거와 현재를 동시에 경험하고 싶다면, '개뿔'은 단순한 카페 이상의 의미를 선사할 것입니다. 하루의 속도를 늦추며, 성곽길의 숨결을 카페에서 되새기는 시간을 가져보시길 바랍니다."", '장소명: 정동길\n내용: 정동길은 서울시 중구에 위치한 역사적인 길로, 다양한 문화와 역사가 살아 숨 쉬는 곳입니다. 덕수궁 돌담길과 함께 서울 도심의 보행자 전용 도로 중 하나로, 많은 관광객과 시민들이 찾는 인기 있는 명소입니다. 정동길은 덕수궁과 서울시립미술관을 잇는 약 1km의 길로, 고즈넉한 분위기와 함께 다양한 카페, 레스토랑, 상점들이 자리 잡고 있습니다. 특히 가을이 되면 단풍이 아름다워 데이트 코스나 산책로로 적합합니다. 또한, 주변에 위치한 덕수궁, 대한 성공회 성당, 정동 경향 신문사 등 역사적인 건물들도 함께 볼 수 있어, 역사와 문화를 느끼고 싶은 여행객들에게 추천합니다. 정동길은 도심 속에서도 한적하고 여유로운 분위기를 느낄 수 있는 곳으로, 바쁜 일상에서 벗어나 휴식을 취하고 싶은 이들에게 적합한 장소입니다.', '장소명: 만가\n내용: **만가**는 서울 종로구에 위치한 전통 한옥 체험 공간으로, 한국의 역사적 정서를 현대적으로 재해석한 복합 문화 공간입니다.  \n\n만가는 조선 시대 건축 양식을 기반으로 한 우아한 한옥 건물에서 전통과 현대가 조화를 이루는 독특한 분위기를 선사합니다. 주요 볼거리로는 한옥의 정제된 미학이 살아 있는 대청마루와 정원, 그리고 계절별로 변화하는 자연의 풍경을 감상할 수 있는 야외 공간이 있습니다. 특히, 전통 공예 체험 프로그램을 통해 한국의 문화유산을 직접 체험해 볼 수 있는데, 한지 공예, 전통 차 문화 체험 등이 대표적입니다. 또한, 한옥 스테이 프로그램을 운영하여 일상 속에서 잠시 벗어나 고즈넉한 분위기를 즐기며 휴식할 수 있는 기회를 제공합니다.  \n\n역사적 배경과 관련해서는, 만가가 자리한 종로구 일대는 조선 시대 왕실 관련 유적과 전통 가옥들이 밀집한 지역으로, 도심 속에서도 한국의 역사를 느낄 수 있는 장소입니다. 건물 자체는 현대에 지어졌지만, 전통 한옥의 구조와 기능을 현대 생활에 맞게 재구성해 문화적 연속성을 보여줍니다.  \n\n방문객을 위한 팁으로는, 체험 프로그램 사전 예약을 권장하며, 특히 주말에는 한옥 내에서 진행되는 전통 공연이나 문화 행사에 참여해 보는 것도 좋습니다. 계절에 따라 정원의 풍경이 달라지므로 봄의 꽃놀이, 가을의 단풍 시즌을 노려 방문하면 더욱 특별한 추억을 만들 수 있을 것입니다.  \n\n만가는 단순히 관광지를 넘어, 한국의 정서를 오감으로 체험할 수 있는 문화 공간입니다. 바쁜 일상 속에서 여유를 찾고 싶은 이들에게, 혹은 한국 전통 문화에 관심을 가진 여행자들에게 강력히 추천하는 장소입니다.']",0,0
hyde,전문적이고 친절한 안경 서비스와 맞춤형 안경을 찾을 수 있는 곳 있을까?,"['장소명: 불가리안경\n내용: 불가리안경은 서울의 중심가에 위치한 독특한 안경 전문점으로, 1950년대부터 이어온 역사와 전통을 바탕으로 고객 맞춤 서비스를 제공하는 곳입니다. 서울특별시 중구 소월로 3에 자리한 이 매장은 단순한 안경 판매를 넘어 개인의 얼굴 형태와 라이프스타일을 고려한 세심한 피팅으로 유명합니다.  \n\n불가리안경의 가장 큰 특징은 숙련된 안경사가 직접 고객의 얼굴 구조를 분석해 최적의 프레임을 추천한다는 점입니다. 70년 이상의 노하우를 바탕으로 한 전통적인 제작 방식부터 현대 기술을 접목한 디지털 검사까지, 다양한 서비스를 경험할 수 있습니다. 특히, 매장 내부에는 시대별 안경 변천사를 보여주는 사진 자료와 빈티지 프레임 전시 코너가 마련되어 있어 방문객들에게 흥미로운 볼거리를 제공합니다.  \n\n체험 요소로는 맞춤 렌즈 체험, 프레임 디자인 워크숍 등이 있으며, 예약제로 진행되는 특별 상담 서비스도 인기 있습니다. 또한, 매장에서는 한국 안경 문화의 역사를 소개하는 소책자를 배포하며, 고객들은 이를 통해 국내 안경 산업의 발전 과정을 알아볼 수 있습니다.  \n\n방문객들에게는 주말 오전 시간대를 추천하는데, 이때가 가장 한산하며 안경사와의 여유로운 상담이 가능하기 때문입니다. 계절에 따라 한정 판매되는 특별 컬렉션도 있으니, 방문 전 공식 홈페이지에서 이벤트를 확인하는 것이 좋습니다. 불가리안경은 단순한 쇼핑 공간이 아닌, 개인의 스타일을 완성하는 문화 공간으로 기억될 것입니다.', '장소명: 아이닥안경\n내용: 아이닥안경은 다양한 안경테와 콘택트렌즈를 제공하는 안경원입니다. 최신 트렌드의 안경테부터 클래식한 디자인까지 다양한 제품군을 자랑하며, 시력 검사와 함께 고객의 필요에 맞는 안경을 제안합니다. 또한, 각종 브랜드 콘택트렌즈를 합리적인 가격에 구매할 수 있어 편리합니다. 시력 교정이 필요하거나 새로운 안경을 구매하고자 하는 분들께 추천합니다.', '장소명: 김안경\n내용: 김안경은 대한민국의 수도이자 문화, 인문, 정치, 경제 중심지인 서울 특별시 내에 위치한 안경원입니다. 서울은 오랜 역사와 전통을 자랑하며, 다양한 문화유산과 현대적인 도시의 모습을 동시에 볼 수 있는 도시입니다. 이곳에서 김안경은 고객님께 전문적이고 친절한 서비스를 제공하여 최상의 안경을 매칭해 드립니다. 특히, 서울을 방문하여 새로운 안경을 맞추고 싶거나, 편안한 시생활을 위해 보다 전문적인 안경 서비스를 원하는 분들에게 추천합니다. 또한, 서울에 거주하시는 분들 중 자신의 라이프스타일에 맞는 맞춤형 안경을 찾는 분들에게도 적합한 장소입니다.', '장소명: 바니스튜디오 안경(명동역점)\n내용: 바니스튜디오 안경 명동역점은 서울특별시 중구에 위치한 안경 전문점입니다. 이곳은 다양한 스타일과 기능성의 안경과 선글라스를 제공하여 고객들의 눈 건강을 지키고 패션을 완성시켜줍니다. 특히, 최신 트렌드를 반영한 디자인과 편안한 착용감을 자랑하는 제품들이 많이 구비되어 있습니다. 방문 고객들은 전문 안경사들의 친절한 상담을 받으며, 자신에게 가장 적합한 안경을 선택할 수 있습니다. 바니스튜디오 안경 명동역점은 스타일과 실용성을 동시에 추구하는 사람들에게 추천하는 장소입니다. 패션에 관심이 많거나, 새로운 안경을 찾고 있는 분들이 방문하면 좋은 곳입니다.', '장소명: 조은안경 회현\n내용: 조은안경은 대한민국 서울 중구 남대문로에 위치한 안경원입니다. 최신 안경과 선글라스를 다양한 스타일과 가격으로 제공하며, 고객의 시력과 생활 패턴에 맞는 제품을 추천해줍니다. 또한, 조은안경에서는 정확한 시력 검사와 안경 피팅 서비스를 제공하며, 수리 및 렌즈 교체 서비스도 함께 운영하고 있습니다. 조은안경을 방문하기에 적합한 상황은 새로운 안경이나 선글라스를 구매하고자 하거나, 정확한 시력 검사와 안경 피팅이 필요한 경우입니다. 남대문시장에 방문하여 쇼핑을 즐기며, 안경을 구매하거나 점검하고 싶은 분들에게도 좋은 선택이 될 수 있습니다.', '장소명: 하나로안경원\n내용: 서울특별시 내에 위치한 하나로안경원은 시력교정이 필요한 이들이나 새로운 안경을 찾는 이들에게 최적화된 장소입니다. 서울은 대한민국의 수도이자 최대 도시로, 오랜 역사와 현대적인 문화가 공존하는 곳입니다. 하나로안경원은 이러한 문화·인문·정치·경제 중심지에서 정확하고 전문적인 안경 맞춤 서비스를 제공합니다. 안과 진료 후 안경이 필요한 경우나, 패션 아이템으로 안경을 바꾸고 싶은 경우, 최신 트렌드의 안경을 찾고 있는 경우 등 다양한 상황에서 방문하기에 적합한 곳입니다.', '장소명: 뉴카이스트안경원\n내용: 뉴카이스트안경원은 서울 남대문시장에 위치한 안경원입니다. 이곳은 최신 디자인의 안경과 선글라스를 다양하게 보유하고 있으며, 전문 안경사들이 고객의 요구에 맞는 제품을 추천해줍니다. 또한, 정확하고 친절한 시력검사 서비스를 제공하여 고객 만족도가 높습니다. 안경이나 선글라스를 구매하고자 하는 분들이나 시력검사가 필요한 분들이 방문하기에 적합한 장소입니다.', '장소명: 다비치안경 (명동점)\n내용: 다비치안경 명동점은 대한민국 수도인 서울에서 가장 번화한 지역 중 하나에 위치한 안경점입니다. 서울은 대한민국의 문화, 인문, 정치, 경제의 중심지로 알려져 있으며, 다양한 문화 체험과 쇼핑을 동시에 즐길 수 있는 곳입니다. 다비치안경 명동점은 최신 디자인의 안경과 렌즈를 제공하고, 고객의 얼굴형과 생활습관에 맞는 제품을 추천하여 보다 편안한 시생활을 제공하는 곳입니다. 안경을 새로 맞추거나, 렌즈 교체가 필요한 경우, 또는 패션 안경을 찾으시는 분들에게 추천드립니다. 서울을 여행하며 지친 눈을 쉬게 주고, 새로운 안경으로 스타일 변신을 하고 싶은 분들에게 방문을 권해드립니다.', '장소명: 오렌즈 광화문\n내용: 오렌즈 광화문점은 대한민국의 수도이자 최대 도시인 서울특별시의 중심에 위치한 안경원이다. 광화문이라는 이름에서 알 수 있듯이, 역사적인 장소인 광화문이 가까이에 있어 서울의 역사와 문화를 체험할 수 있는 좋은 위치에 있다. 오렌즈 광화문점은 다양한 브랜드의 안경과 콘택트렌즈를 보유하고 있어, 방문객들은 자신의 얼굴형과 스타일에 맞는 안경을 찾을 수 있다. 또한, 전문적인 안경사와 검안사가 상주하여 고객의 시력 검사를 진행하고, 이에 맞는 안경이나 렌즈를 추천해준다. 특히, 서울을 방문하는 관광객들이나 외국인들에게도 친절한 서비스를 제공하여 좋은 평가를 받고 있다. 서울의 중심에서 편안하고 전문적인 안경 서비스를 받고 싶은 사람들에게 추천할 만한 장소이다.', '장소명: 믿음안경\n내용: 믿음안경은 대한민국 수도이자 문화, 인문, 정치, 경제의 중심지인 서울 특별시에 위치한 안경원이다. 서울은 대한민국의 대표적인 도시로, 역사적인 유적지와 현대적인 건축물이 공존하는 독특한 분위기를 가지고 있다. 믿음안경은 이러한 서울에서도 친절하고 전문적인 서비스로 유명하다. 안경을 구매하거나 검안을 받고 싶은 분들, 또는 안경에 대한 궁금한 점이 있는 분들은 서울을 방문할 때 믿음안경을 방문해보자. 최신 안경 트렌드를 만나볼 수 있으며, 전문 안경사의 친절한 상담을 통해 자신에게 딱 맞는 안경을 찾을 수 있을 것이다.']",1,0
hyde,최신 뷰티 트렌드를 경험할 수 있는 매장 추천해줘,"['장소명: B the B\n내용: 동대문역사문화공원과 DDP, 주변 동대문 시장과 연결되어 있는 콘텐츠 허브 공간 B the B는 서울의 뷰티 기업과 시민들이 가깝게 소통할 수 있는 공간이자, 도심 속 자연에서 휴식을 즐길 수 있는 크리에이티브 라운지이다. 서울 뷰티 대표 기업들의 브랜드 쇼룸 및 트렌드 컨셉에 맞는 제품 큐레이션 기획 전시, 혁신 기술 결합형 제품 체험 등 다양한 콘텐츠를 무료로 감상할 수 있다. 또한 숲속 휴양림을 연상하는 힐링 공간에서 뷰티 관련 콘텐츠와 정보를 접할 수 있는 시즌별 이벤트가 수시로 전개된다.', '장소명: 올리브영 종로YBM\n내용: 올리브영 종로YBM은 한국 최대의 헬스앤뷰티 스토어로, 전국에 약 1,300개 이상의 매장을 운영하는 유명한 곳입니다. 특히 서울의 성동구에 위치한 올리브영N 성수는 K뷰티의 1번지로 꼽히며, 누적 방문객 수가 250만 명을 돌파한 인기 명소입니다. 이곳에서는 AI를 활용한 피부 및 두피 스캔과 컨설팅 서비스를 제공하여 방문객들에게 큰 인기를 얻고 있습니다. 올리브영 종로YBM은 최신 뷰티 트렌드와 다양한 제품을 경험하고 싶은 국내외 관광객들에게 추천하는 곳입니다.', ""장소명: 퍼니컷\n내용: **퍼니컷(Funny Cut)**은 서울 중구에 위치한 독특한 컨셉의 헤어 샵으로, 단순한 미용 서비스를 넘어 개성 넘치는 스타일과 창의적인 체험을 제공하는 공간입니다.  \n\n**주요 볼거리와 특징**  \n퍼니컷은 전통적인 헤어 디자인에 현대적인 감각을 더해 방문객에게 색다른 경험을 선사합니다. 먼저, 샵 내부는 트렌디한 인테리어와 예술적 소품으로 꾸며져 사진 찍기 좋은 핫스팟으로 인기가 높습니다. 디자이너들은 다양한 헤어스타일링 기술을 바탕으로 고객의 개성과 취향에 맞춘 맞춤형 서비스를 제공하며, 특히 캐릭터를 연상시키는 독특한 커트나 컬러링으로 SNS에서도 화제입니다.  \n\n역사적 배경은 부족하지만, 퍼니컷은 지역 내에서 젊은 층을 중심으로 빠르게 입소문을 타며 현대적 감성의 문화 공간으로 자리 잡았습니다. 체험 요소로는 '캐릭터 헤어 스타일링'과 '컬러 트렌드 워크숍'이 있는데, 이는 단순한 미용 서비스를 넘어 예술과 패션을 결합한 창의적인 활동입니다. 또한, 샵 내부에는 방문객을 위한 포토존과 소규모 전시 공간이 마련되어 있어, 헤어디자인의 예술적 가치를 느낄 수 있습니다.  \n\n**방문객을 위한 팁**  \n퍼니컷을 방문할 때는 사전 예약을 통해 원하는 디자이너와 스타일을 미리 조율하는 것이 좋습니다. 특히 주말에는 방문객이 많을 수 있으니 평일 오후 시간대를 추천합니다. 인스타그램에서 최신 트렌드를 확인하고 방문하면 더 풍부한 경험을 할 수 있습니다.  \n\n마지막으로, 퍼니컷은 단순한 미용실보다는 '자기 표현의 장'으로 즐기는 것이 핵심입니다. 평소 시도하지 못했던 과감한 스타일이나 캐릭터를 연상시키는 디자인을 도전해 보세요. 일상의 경계를 넘어 개성과 창의성을 발견할 수 있는 특별한 시간을 선사할 것입니다."", ""장소명: 디올 신세계 본점 1층\n내용: **디올 신세계 본점 1층은 프랑스 명품 브랜드 디올이 복층 구조로 선보인 럭셔리 플래그십 매장으로, 세련된 디자인과 프라이빗한 쇼핑 경험을 제공하는 명품 문화의 중심지입니다.**  \n\n신세계백화점 본점 1층에 위치한 디올 매장은 기존 소규모 부틱에서 벗어나 공간감과 프라이버시를 강조한 공간으로 재탄생했습니다. 복층 구조로 설계된 매장은 디올의 아이코닉한 패션, 액세서리, 메이크업 제품을 한눈에 감상할 수 있는 세련된 전시장으로, 각 층마다 브랜드의 정체성을 반영한 디자인 요소가 돋보입니다. 특히 리뉴얼 후 프라이빗 룸과 맞춤 서비스 공간을 도입해 고객 맞춤형 쇼핑이 가능해졌으며, 롤렉스와 같은 명품 브랜드의 공식 판매점과 함께 고급스러운 쇼핑 경험을 선사합니다.  \n\n매장 내부에는 디올의 클래식한 레드 앤 블랙 컬러와 모던한 조명이 조화를 이루며, 계절별 컬렉션과 한정판 제품을 전시하는 공간이 마련되어 있습니다. 방문객은 매장 직원이 추천하는 시그니처 향수(예: 미스 디올) 시향이나 메이크업 아티스트의 제품 체험도 즐길 수 있어, 단순한 쇼핑을 넘어 브랜드 철학을 체감할 수 있는 특별한 시간을 보낼 수 있습니다.  \n\n**방문 팁:** 신세계백화점 본점은 오전 10시 30분부터 영업하며, 지하철 4호선 회현역에서 지하보도로 직결되어 접근성이 좋습니다. 매장 내 프라이빗 서비스나 제품 시연을 원할 경우 미리 예약하는 것을 추천합니다. 디올의 한정판 아이템이나 시즌 컬렉션을 확인하고 싶다면 오픈 직후 방문을 권장합니다. 세련된 패키징과 브랜드의 상징적인 '카농 플라워' 디자인 요소를 감상하며, 특별한 순간을 기록해 보세요."", '장소명: 올리브영 명동본점\n내용: 올리브영 명동본점은 서울특별시 중구 명동길에 위치한 라이프스타일 체험형 드럭스토어입니다. 올리브영은 뷰티, 헬스, 퍼스널 케어 등 다양한 제품들을 한 곳에서 만나볼 수 있는 곳으로, 최신 트렌드를 반영한 제품들을 선보이고 있습니다. 특히 명동본점은 올리브영의 대표 매장 중 하나로, 다양한 브랜드와 제품을 경험할 수 있는 공간과 고객들을 위한 편의시설도 잘 갖춰져 있습니다. 쇼핑과 관광의 중심지인 명동에 위치하여 언제든지 방문하기 좋은 곳으로, 최신 뷰티 트렌드를 경험하고 싶은 분이나 다양한 라이프스타일 제품을 한 번에 만나보고 싶은 분들에게 추천합니다.', '장소명: 네이처리퍼블릭 (명동월드점)\n내용: 네이처리퍼블릭 명동월드점은 명동의 중심에 위치한 인기 있는 화장품 매장입니다. 이곳은 다양한 피부 타입과 관심사에 맞춘 고품질의 화장품과 스킨케어 제품을 제공합니다. 특히, 자연에서 영감을 얻은 제품들로 유명하며, 방문 고객들은 피부 관리에 대한 전문적인 상담과 함께 제품을 체험할 수 있습니다. 네이처리퍼블릭 명동월드점은 최신 화장품 트렌드를 경험하고 싶은 분, 자연 친화적인 제품을 찾고 있는 분, 피부 관리에 대한 전문적인 조언을 구하고 싶은 분들에게 추천합니다.', '장소명: 프라다 롯데 본점\n내용: **프라다 롯데 본점: 서울에서 만나는 럭셔리 플래그십 스토어**  \n서울 중구 을지로 30에 위치한 프라다 롯데 본점은 이탈리아 명품 브랜드 프라다의 한국 대표 매장으로, 고급스러운 쇼핑 경험과 독보적인 디자인을 선사하는 공간입니다. 롯데백화점과 직접 연결되어 접근성이 뛰어나며, 국내외 패션 열풍을 주도하는 트렌디한 아이템부터 클래식한 시그니처 제품까지 다양하게 만나볼 수 있습니다.  \n\n### **볼거리와 체험**  \n1. **프리미엄 쇼핑 공간**  \n   매장 내부에는 프라다의 아이코닉한 삼각형 로고와 미니멀한 디자인이 반영된 세련된 인테리어가 눈길을 끕니다. 특히 한정판 컬렉션과 계절별 신제품이 전시되며, 패션 피스부터 액세서리, 향수까지 브랜드의 정수를 경험할 수 있습니다.  \n\n2. **럭셔리 라이프스타일 제안**  \n   프라다만의 감성이 담긴 패션 아이템뿐만 아니라, 일상에서 활용할 수 있는 소품과 생활용품도 선보입니다. 매장 직원의 전문적인 스타일링 조언을 받으며 개인 맞춤형 쇼핑이 가능합니다.  \n\n3. **역사 문화와의 조화**  \n   을지로 일대는 전통 인쇄 골목과 현대적 감각이 공존하는 ‘힙지로’로 유명합니다. 쇼핑 후 주변의 감성 카페나 공방 거리에서 독특한 디자인의 소품이나 핸드메이드 제품을 구경하며 지역 문화를 체험해 보세요.  \n\n### **방문 팁**  \n- **롯데백화점과의 연계 활용**: 백화점 내 다양한 F&B 매장에서 휴식을 취하거나, 주변 을지로의 맛집에서 현지 음식(예: 을지로 골목식당의 빈대떡)을 즐기면 좋습니다.  \n- **특별 이벤트 체크**: 시즌별로 진행되는 프라다의 팝업 전시나 프로모션 정보를 미리 확인하면 특별한 경험을 할 수 있습니다.  \n- **편의 시설**: 매장 내 전용 주차장과 라운지 공간이 마련되어 있으며, VIP 고객은 프라이빗 서비스를 요청 가능합니다.  \n\n프라다 롯데 본점은 단순한 매장을 넘어 럭셔리 패션의 정수를 느끼고 싶은 분들에게 추천하는 장소입니다. 쇼핑과 문화 체험을 동시에 즐기며, 서울의 유행을 선도하는 트렌디한 여정을 시작해 보세요!', '장소명: 서울뷰티위크\n내용: 서울뷰티위크는 대한민국 수도 서울의 대표적인 뷰티 행사입니다. 이번 가을, 서울에서 열리는 이 행사는 단순한 박람회가 아닌 뷰티 산업의 미래를 내다볼 수 있는 특별한 축제입니다. K-뷰티의 최신 트렌드를 경험하고, 글로벌 뷰티 트렌드를 이끄는 산업의 현주소를 체험할 수 있습니다. 이곳에서 산업계 전문가들과의 교류를 통해 비즈니스 기회를 넓힐 수도 있습니다. 뷰티에 관심 있는 사람들이라면 누구나 방문해 볼 만한 가치가 있는 행사이며, K-뷰티에 관심이 많은 분들이나 뷰티 업계 종사자들에게 더욱 추천하고 싶은 행사입니다.', '장소명: 마루이홈\n내용: **마루이홈은 서울 중심부에 위치한 트렌디한 라이프스타일 편집매장으로, 일본과 글로벌 패션·라이프스타일 브랜드를 한자리에서 경험할 수 있는 공간입니다.**  \n\n현대시티타워 12층에 자리 잡은 마루이홈은 도심 속에서 특별한 쇼핑과 휴식을 동시에 즐길 수 있는 복합 문화 공간입니다. 이곳은 단순히 제품을 판매하는 매장이 아니라, 감각적인 인테리어 디자인과 함께 편안하게 공간을 탐방하며 쇼핑을 즐길 수 있도록 구성되어 있습니다. 특히 일본 내 인기 있는 브랜드의 한정판 제품이나 한국에서 쉽게 접하기 어려운 독특한 아이템을 만날 수 있어 패션과 라이프스타일 애호가들의 발길이 끊이지 않습니다.  \n\n주요 볼거리로는 각 브랜드의 핵심 제품을 체계적으로 전시한 테마 존과, 계절별 기획 전시를 통해 선보이는 한정 컬렉션이 있습니다. 또한 매장 내부에는 카페와 휴식 공간이 마련되어 있어 쇼핑 중 잠시 여유를 즐기기에도 좋습니다. 마루이홈은 단순히 물건을 사는 공간을 넘어, 트렌디한 아이템을 발견하고 일상의 영감을 얻을 수 있는 문화적 경험을 제공합니다.  \n\n방문객을 위한 팁으로는, 평일 오후나 주말 오전에 방문하면 비교적 한적하게 쇼핑을 즐길 수 있다는 점을 추천합니다. 또한 매장 내 브랜드별로 할인 이벤트나 팝업 전시가 자주 열리니, 방문 전 공식 홈페이지나 SNS를 확인해 보는 것이 좋습니다. 트렌드에 민감한 제품이나 한정판은 조기 품절될 수 있으니, 관심 있는 아이템이 있다면 미리 체크한 후 방문하는 것을 권장합니다.  \n\n마루이홈은 독특한 쇼핑 경험과 함께 일상의 특별함을 찾고자 하는 분들에게 강력히 추천하는 곳입니다. 도심 속에서 새로운 스타일을 발견하고, 여유로운 시간을 보내기에 완벽한 장소입니다.', ""장소명: 골든듀 롯데본점\n내용: **골든듀 롯데본점**은 서울 중심부에 위치한 독특한 컨셉의 쇼핑 문화 공간으로, 롯데백화점 본점 1층에 자리한 이색적인 복합 매장입니다.  \n\n이 매장은 패션, 라이프스타일, 푸드 등 다양한 분야를 아우르는 브랜드들을 한자리에서 경험할 수 있는 것이 특징입니다. 특히 '골든듀'라는 이름은 금(Gold)과 듀얼(Dual)을 결합한 것으로, 고급스러움과 다채로운 콘셉트의 공존을 상징합니다. 롯데본점의 상징적인 위치에 걸맞은 세련된 인테리어와 공간 구성으로 일상 속에서도 특별한 쇼핑을 즐길 수 있습니다.  \n\n역사적 배경을 살펴보면, 롯데백화점 본점은 1979년 개장한 이래 서울의 대표 쇼핑 명소로 자리매김했으며, 골든듀는 이러한 전통을 현대적으로 재해석한 공간입니다. 매장에서는 국내·외 유명 브랜드의 패션 아이템부터 한정판 제품, 아트 콜라보레이션 상품까지 다양하게 만날 수 있어 패션 애호가들의 발길이 끊이지 않습니다. 또한, 간단한 음료나 디저트를 즐기며 휴식을 취할 수 있는 푸드 존도 마련되어 쇼핑의 피로를 잊게 합니다.  \n\n방문객을 위한 팁으로, 골든듀는 백화점 영업 시간 내에 운영되므로 오픈 시간 확인이 필수입니다. 주말이나 공휴일에는 인파가 몰릴 수 있으므로 여유로운 시간을 확보하는 것이 좋습니다. 특히 패션 아이템은 한정 재고가 많아 인기가 높은 제품은 빠르게 품절될 수 있으니, 관심 있는 상품이 있다면 미리 체크한 후 방문하는 것을 추천합니다.  \n\n**골든듀 롯데본점**은 단순한 쇼핑 공간을 넘어 문화와 트렌드가 교차하는 장소입니다. 독특한 브랜드 구성과 세련된 분위기 속에서 특별한 추억을 만들어 보시길 바랍니다.""]",1,0
hyde,최신 유행을 반영한 다양한 패션 아이템과 문화 행사가 있는 활기찬 쇼핑 공간 추천해줘,"[""장소명: GCUT\n내용: GCUT는 서울 중심부에 위치한 현대아울렛 동대문점 4층에 자리한 복합 문화 공간으로, 패션·디자인·예술이 어우러진 창의적인 플랫폼입니다. '지오다노' 매장이 입점해 있는 이 공간은 젊은 감성과 트렌드를 반영한 패션 아이템부터 독창적인 디자인 소품까지 다채로운 볼거리를 제공하며, 도심 속 특별한 쇼핑 경험을 선사합니다.\n\n이곳은 역사적 건물인 현대아울렛 동대문점의 현대적 리모델링을 통해 탄생했는데, 을지로6가의 산업 유산을 보존하면서도 모던한 감성으로 재해석한 것이 특징입니다. 특히 4층의 GCUT는 층고의 넉넉함과 자연채광이 조화를 이뤄 편안한 분위기에서 쇼핑과 휴식을 동시에 즐길 수 있습니다. 주변에는 동대문역, 동대문역사문화공원역, 종로5가역 등 3개의 지하철역이 5~9분 거리에 위치해 접근성이 뛰어나며, 46개의 버스 노선으로도 편리하게 연결됩니다.\n\n방문객들을 위한 추천 팁으로는, 평일 오후 시간대에 방문하면 한적한 분위기에서 쇼핑을 즐길 수 있다는 점, 인근에 위치한 전통 시장과 현대 복합 문화공간을 함께 탐방하며 서울의 다채로운 매력을 경험할 수 있다는 점을 꼽을 수 있습니다. 또한 GCUT 내부에서는 한정판 콜라보레이션 제품이나 로컬 디자이너의 작품을 발견할 수 있으니, 세심한 관찰력을 발휘해 보시길 추천합니다. 도심 속 트렌디한 문화를 경험하고 싶다면 GCUT를 방문해 보는 것이 좋습니다."", '장소명: 본 현대동대문\n내용: **본 현대동대문은 동대문 패션의 중심지에서 쇼핑과 휴식을 동시에 즐길 수 있는 복합 문화공간입니다.**  \n\n서울의 번화가 동대문에 위치한 이 복합몰은 패션, 푸드, 엔터테인먼트가 어우러진 현대적인 공간으로, 특히 24시간 영업으로 언제든지 방문할 수 있어 실용적입니다. 1층에는 다양한 패스트패션 브랜드와 편의시설이 자리해 쇼핑객들의 발길을 사로잡으며, 내부에는 현대적인 인테리어와 편의시설이 조화를 이룹니다.  \n\n주요 볼거리 중 하나는 동대문 패션의 트렌디한 아이템을 한눈에 만날 수 있는 매장들입니다. 특히 젊은 층을 겨냥한 캐주얼웨어부터 세련된 오피스룩까지 폭넓은 스타일을 제안해 방문객의 취향에 맞는 쇼핑이 가능합니다. 또한, 푸드코트와 카페 공간에서는 간단한 식사나 커피를 즐기며 잠시 쉬어가기 좋습니다.  \n\n이 공간은 단순한 쇼핑을 넘어 문화적 경험을 제공합니다. 야간에도 운영하는 만큼, 동대문의 활기찬 밤문화를 경험하려는 여행객들에게 특히 인기가 많습니다. 건물 내부에는 아트월이나 포토존도 마련되어 있어 SNS에 남길 인생샷을 찍기 적합합니다.  \n\n방문객을 위한 팁으로는, 무료 주차 시설을 활용할 수 있다는 점을 추천합니다. 특히 주말이나 저녁 시간대에는 쇼핑객이 많으므로 비교적 한산한 오후 이른 시간을 노리는 것도 좋습니다. 또한, 동대문의 명물인 길거리 음식과 함께 즐기면 더 풍부한 경험을 할 수 있습니다.  \n\n동대문을 방문한다면, 본 현대동대문은 트렌드와 편의를 모두 잡은 필수 코스입니다. 패션, 맛집, 휴식이 공존하는 이곳에서 서울의 활기찬 에너지를 만끽해 보세요!', '장소명: 시슬리\n내용: **시슬리**는 서울 중구에 위치한 독특한 감성의 패션 편집숍으로, 트렌디한 의류와 액세서리를 한곳에서 만날 수 있는 공간입니다.  \n\n**도심 속 패션의 오아시스**  \n시슬리는 장충단로와 을지로6가의 활기찬 상권 한가운데 자리 잡고 있지만, 내부에는 차분한 색조와 세련된 디스플레이로 차분한 분위기를 연출합니다. 국내외 디자이너 브랜드와 한정판 아이템을 선별해 선보이며, 패션 감각이 뛰어난 방문객들에게 인기가 높습니다. 특히 여성복과 남성복, 유니섹스 제품을 고루 갖춰 커플이나 친구끼리의 쇼핑에도 적합합니다.  \n\n**역사와 현대의 조화**  \n이 지역은 과거 의류 상가의 중심지로 유명했으며, 시슬리는 이러한 역사적 배경을 현대적 감각으로 재해석한 공간입니다. 매장 내부에는 패션 아이콘의 사진 또는 아트워크가 전시되어 있어 쇼핑과 동시에 예술을 감상할 수 있습니다.  \n\n**특별한 쇼핑 체험**  \n시슬리에서는 단순 구매를 넘어 스타일링 상담을 받을 수 있습니다. 패션 전문가의 추천을 통해 개인의 취향에 맞는 아이템을 발견할 수 있으며, 계절별 테마 컬렉션도 운영됩니다. 또한 매장에서는 소규모 팝업 이벤트나 패션 워크숍이 종종 열려, 방문객들에게 영감을 제공합니다.  \n\n**방문 팁**  \n- 평일에는 비교적 한산하니 여유로운 쇼핑을 즐기기에 좋습니다.  \n- 주차 공간이 협소할 수 있으니 대중교통을 이용하는 것을 추천합니다.  \n- 계절별 프로모션 기간에는 한정 상품을 미리 확인해 보세요.  \n\n시슬리는 패션을 사랑하는 이들에게 색다른 경험을 선사하는 공간입니다. 특별한 아이템을 찾고 있다면, 이곳에서 나만의 스타일을 완성해 보시길 추천합니다.', '장소명: 마루이홈\n내용: **마루이홈은 서울 중심부에 위치한 트렌디한 라이프스타일 편집매장으로, 일본과 글로벌 패션·라이프스타일 브랜드를 한자리에서 경험할 수 있는 공간입니다.**  \n\n현대시티타워 12층에 자리 잡은 마루이홈은 도심 속에서 특별한 쇼핑과 휴식을 동시에 즐길 수 있는 복합 문화 공간입니다. 이곳은 단순히 제품을 판매하는 매장이 아니라, 감각적인 인테리어 디자인과 함께 편안하게 공간을 탐방하며 쇼핑을 즐길 수 있도록 구성되어 있습니다. 특히 일본 내 인기 있는 브랜드의 한정판 제품이나 한국에서 쉽게 접하기 어려운 독특한 아이템을 만날 수 있어 패션과 라이프스타일 애호가들의 발길이 끊이지 않습니다.  \n\n주요 볼거리로는 각 브랜드의 핵심 제품을 체계적으로 전시한 테마 존과, 계절별 기획 전시를 통해 선보이는 한정 컬렉션이 있습니다. 또한 매장 내부에는 카페와 휴식 공간이 마련되어 있어 쇼핑 중 잠시 여유를 즐기기에도 좋습니다. 마루이홈은 단순히 물건을 사는 공간을 넘어, 트렌디한 아이템을 발견하고 일상의 영감을 얻을 수 있는 문화적 경험을 제공합니다.  \n\n방문객을 위한 팁으로는, 평일 오후나 주말 오전에 방문하면 비교적 한적하게 쇼핑을 즐길 수 있다는 점을 추천합니다. 또한 매장 내 브랜드별로 할인 이벤트나 팝업 전시가 자주 열리니, 방문 전 공식 홈페이지나 SNS를 확인해 보는 것이 좋습니다. 트렌드에 민감한 제품이나 한정판은 조기 품절될 수 있으니, 관심 있는 아이템이 있다면 미리 체크한 후 방문하는 것을 권장합니다.  \n\n마루이홈은 독특한 쇼핑 경험과 함께 일상의 특별함을 찾고자 하는 분들에게 강력히 추천하는 곳입니다. 도심 속에서 새로운 스타일을 발견하고, 여유로운 시간을 보내기에 완벽한 장소입니다.', '장소명: 네파 현대동대문\n내용: **네파 현대동대문**은 아웃도어 브랜드 네파의 대표 매장으로, 다양한 등산·캠핑 용품과 패션 아이템을 한자리에서 경험할 수 있는 동대문 패션 허브입니다.  \n\n현대시티타워 7층에 위치한 이 매장은 네파의 핵심 제품 라인업을 체계적으로 전시하며, 실용성과 디자인을 겸비한 기능성 의류부터 최신 트렌드 아이템까지 폭넓게 구성되어 있습니다. 특히 계절별 한정 컬렉션과 기술력이 집약된 프리미엄 라인은 방문객들에게 특별한 쇼핑 경험을 선사합니다. 매장 내부에는 체험 존이 마련되어 있어, 실제 등산이나 캠핑 상황을 연상시키는 환경에서 제품을 직접 테스트해 볼 수 있습니다. 또한, 전문 스타일리스트의 패션 컨설팅 서비스를 통해 개인의 취향에 맞는 코디네이션을 제안받을 수 있어 패션에 관심 있는 방문객들에게 인기가 높습니다.  \n\n방문객을 위한 편의 시설도 잘 갖춰져 있습니다. 24시간 운영으로 자유로운 쇼핑이 가능하며, 주차 공간이 넉넉하고 주차료가 무료로 제공됩니다. 동대문 패션 거리와의 접근성도 뛰어나 쇼핑 후 인근 지역에서 추가적인 패션 탐방을 즐기기 좋습니다.  \n\n**추천 팁**: 네파 현대동대문에서는 신규 출시 제품이나 시즌 세일 기간에 할인 혜택을 받을 수 있으니, 방문 전 공식 홈페이지 또는 매장 안내 데스크에서 이벤트 정보를 확인해 보세요. 특히 주말에는 체험 존 이용이 활발하므로 평일 방문을 추천합니다. 기능성 제품을 구매할 경우, 체험 존에서 착용해 본 후 결정하는 것이 실용적입니다.  \n\n이곳은 단순한 쇼핑 공간을 넘어 아웃도어 라이프스타일을 체험할 수 있는 복합 문화 공간으로, 패션과 실용성을 모두 추구하는 여행객이나 현지 방문객에게 가치 있는 장소입니다.', '장소명: 롯데 서울역점(SJSJ)\n내용: **롯데 서울역점(SJSJ)은 서울역 중심에 위치한 복합 쇼핑몰로, 쇼핑과 문화 체험을 동시에 즐길 수 있는 현대적인 공간입니다.**  \n서울역 광장과 연결된 한강대로 405에 자리한 이 장소는 롯데아울렛 서울역점을 중심으로 다양한 패션, 라이프스타일 브랜드, 푸드 코너가 어우러져 있습니다. 특히, 역사(驛舍)와의 연계로 교통 접근성이 뛰어나 여행객과 지역 주민 모두에게 편리함을 제공합니다. 내부에는 트렌디한 의류 매장부터 일상 속 필요한 아이템을 찾을 수 있는 편집숍까지 다양하게 구성되어 있어, 쇼핑뿐만 아니라 시간을 보내는 즐거움을 선사합니다.  \n\n주요 볼거리로는 계절별 프로모션과 한정 기획전이 열리는 특별관이 있으며, 푸드 존에서는 국내외 다양한 맛과 함께 편안한 식사를 즐길 수 있습니다. 또한, 문화 행사나 팝업 이벤트가 종종 개최되어 방문객에게 특별한 경험을 선사하기도 합니다. 쇼핑 후 피로를 풀기에 좋은 휴게 공간도 마련되어 있어, 여유롭게 공간을 둘러보며 휴식을 취할 수 있습니다.  \n\n방문객을 위한 팁으로는, 주말이나 연휴에는 인파가 많을 수 있으므로 평일 오후를 추천드리며, 서울역과의 직결 구조 덕분에 대중교통 이용 시 편리하게 이동 가능합니다. 또한, 푸드 코너에서는 현지인과 여행객 모두에게 사랑받는 메뉴들이 준비되어 있으니, 쇼핑 후 맛있는 식사까지 계획해 보시길 권합니다. 롯데 서울역점(SJSJ)은 단순한 쇼핑몰을 넘어 도시의 활기와 현대적 감성을 느낄 수 있는 공간으로, 서울 방문 시 놓치지 말아야 할 장소입니다.', ""장소명: 컬럼비아 현대동대문\n내용: **컬럼비아 현대동대문은 서울 중심부의 현대적 쇼핑과 문화 체험이 어우러진 복합 문화공간입니다.**  \n\n이곳은 동대문 현대시티아울렛 내 위치한 컬럼비아 매장으로, 글로벌 아웃도어 브랜드의 대표 아이템을 한자리에서 만날 수 있습니다. 특히 컬럼비아의 기능성 재킷, 방수 의류, 캐주얼웨어 등 다양한 라인이 체계적으로 전시되어 쇼핑의 편의성을 높였으며, 트렌디한 디자인과 실용성을 겸비한 제품들을 직접 체험해 볼 수 있습니다. 매장 내부에는 계절별 추천 코디와 신제품 소개 코너가 마련되어 있어 방문객의 니즈에 맞는 쇼핑이 가능합니다.  \n\n컬럼비아 현대동대문은 단순히 제품을 판매하는 공간을 넘어 브랜드의 역사와 철학을 엿볼 수 있는 문화적 요소도 갖추고 있습니다. 아웃도어 활동의 영감을 주는 사진 전시나 한정판 컬렉션 소개 등 특별 이벤트가 종종 열리며, 이는 쇼핑에 재미와 깊이를 더합니다. 또한 동대문 패션 중심가의 이점을 살려 인근에 위치한 다양한 패션 편집숍, 먹거리 거리와의 연계 탐방도 추천할 만합니다.  \n\n방문객을 위한 팁으로는, 주말보다는 평일 오후를 이용해 비교적 한적한 분위기에서 쇼핑하기, 매장의 사이즈 교환 정책을 미리 확인해 체형에 맞는 옷을 선택하기, 계절별 프로모션 기간을 노려 할인 혜택을 누리는 것 등을 추천합니다. 특히 컬럼비아의 베스트셀링 아이템인 '아웃드라이' 재킷이나 '헤이터' 시리즈는 실용성과 디자인 면에서 높은 평가를 받고 있으니 꼭 체크해 보시길 바랍니다.  \n\n동대문 현대시티아울렛의 중심부에 위치한 이 매장은 쇼핑과 휴식을 동시에 즐기기에 최적화된 공간입니다. 방문 시 인근 카페나 푸드코트에서 잠시 쉬어가며 쇼핑의 피로를 풀어보는 것도 좋은 방법입니다. 컬럼비아 현대동대문은 단순한 구매 공간을 넘어, 삶의 방식을 제안하는 라이프스타일 허브로의 역할을 꾸준히 이어가고 있습니다."", '장소명: 프라다 롯데 본점\n내용: **프라다 롯데 본점: 서울에서 만나는 럭셔리 플래그십 스토어**  \n서울 중구 을지로 30에 위치한 프라다 롯데 본점은 이탈리아 명품 브랜드 프라다의 한국 대표 매장으로, 고급스러운 쇼핑 경험과 독보적인 디자인을 선사하는 공간입니다. 롯데백화점과 직접 연결되어 접근성이 뛰어나며, 국내외 패션 열풍을 주도하는 트렌디한 아이템부터 클래식한 시그니처 제품까지 다양하게 만나볼 수 있습니다.  \n\n### **볼거리와 체험**  \n1. **프리미엄 쇼핑 공간**  \n   매장 내부에는 프라다의 아이코닉한 삼각형 로고와 미니멀한 디자인이 반영된 세련된 인테리어가 눈길을 끕니다. 특히 한정판 컬렉션과 계절별 신제품이 전시되며, 패션 피스부터 액세서리, 향수까지 브랜드의 정수를 경험할 수 있습니다.  \n\n2. **럭셔리 라이프스타일 제안**  \n   프라다만의 감성이 담긴 패션 아이템뿐만 아니라, 일상에서 활용할 수 있는 소품과 생활용품도 선보입니다. 매장 직원의 전문적인 스타일링 조언을 받으며 개인 맞춤형 쇼핑이 가능합니다.  \n\n3. **역사 문화와의 조화**  \n   을지로 일대는 전통 인쇄 골목과 현대적 감각이 공존하는 ‘힙지로’로 유명합니다. 쇼핑 후 주변의 감성 카페나 공방 거리에서 독특한 디자인의 소품이나 핸드메이드 제품을 구경하며 지역 문화를 체험해 보세요.  \n\n### **방문 팁**  \n- **롯데백화점과의 연계 활용**: 백화점 내 다양한 F&B 매장에서 휴식을 취하거나, 주변 을지로의 맛집에서 현지 음식(예: 을지로 골목식당의 빈대떡)을 즐기면 좋습니다.  \n- **특별 이벤트 체크**: 시즌별로 진행되는 프라다의 팝업 전시나 프로모션 정보를 미리 확인하면 특별한 경험을 할 수 있습니다.  \n- **편의 시설**: 매장 내 전용 주차장과 라운지 공간이 마련되어 있으며, VIP 고객은 프라이빗 서비스를 요청 가능합니다.  \n\n프라다 롯데 본점은 단순한 매장을 넘어 럭셔리 패션의 정수를 느끼고 싶은 분들에게 추천하는 장소입니다. 쇼핑과 문화 체험을 동시에 즐기며, 서울의 유행을 선도하는 트렌디한 여정을 시작해 보세요!', '장소명: 반짝반짝 DDP (Twinkle DDP)\n내용: **반짝반짝 DDP(Twinkle DDP)**는 자하 하디드의 유려한 곡선이 살아있는 서울의 랜드마크이자 디자인과 예술을 체험하는 복합 문화공간입니다.  \n\n**본관**은 동대문역사문화공원역 인근에 위치하며, 낮과 밤마다 다른 매력을 선사합니다. 낮에는 유리 돔과 미래지향적인 외관이 햇살을 반사해 반짝이는 모습을, 밤에는 LED 조명으로 변환되는 ‘미디어 파사드’가 환상적인 빛의 쇼를 연출합니다. 내부는 디자인 전시관부터 패션 쇼룸까지 다양한 공간으로 구성되어 있으며, 특히 **‘디자인 뮤지엄’**에서는 한국 디자인의 역사와 혁신을 엿볼 수 있습니다.  \n\n역사적 배경을 살펴보면, 이곳은 과거 **동대문운동장**이 있던 자리에 조성되었습니다. 2014년 개장한 이후 디자인과 기술, 문화가 융합된 공간으로 탈바꿈하며 **‘꿈꾸고(Dream), 만들고(Design), 누린다(Play)’**라는 콘셉트로 운영됩니다. **‘DDP 건축투어’**를 신청하면 자하 하디드의 독창적인 설계 철학을 전문가의 해설과 함께 탐방할 수 있습니다.  \n\n체험 요소가 풍부한 점도 매력적입니다. **‘반려견과 함께하는 패션쇼’**나 청년 디자이너의 작품이 전시되는 기획전은 참여형 콘텐츠를 찾는 방문객에게 추천합니다. 또한, 장애인을 위한 편의시설(전용 주차장, 엘리베이터, 화장실)과 무료 리플렛(국문/영문)을 제공해 누구나 편안하게 관람할 수 있습니다.  \n\n방문객을 위한 팁으로는 **지하철 2/4/5호선 동대문역사문화공원역 1번 출구**에서 도보로 1분 이내 접근성**을 활용하면 편리합니다. 저녁 7시 이후 미디어 파사드가 점등되는 시간을 노려 낭만적인 사진을 찍어보세요. 주변 거리에서는 동대문 패션타운의 활약도 엿볼 수 있어, 쇼핑과 문화를 한 번에 즐기기에 완벽합니다.  \n\nDDP는 단순한 관광지가 아닌, 디자인을 통해 과거와 미래를 잇는 창의적인 공간입니다. 발길 닿는 곳마다 새로운 영감을 선사하니, 여행의 중간 기착지로도 강력 추천합니다!', '장소명: 온앤온\n내용: **온앤온**은 서울 을지로6가에 위치한 복합 문화 공간으로, 도시 한복판에서 여유로운 휴식과 특별한 체험을 선사하는 곳입니다.  \n\n이 장소는 현대적인 감각으로 재해석된 편안한 분위기에서 다양한 문화 콘텐츠를 즐길 수 있는 것이 특징입니다. 특히, 창의적인 워크숍과 소규모 전시가 열리며, 방문객들은 직접 참여하는 체험을 통해 일상의 스트레스를 잠시 잊고 새로운 영감을 얻을 수 있습니다. 건물 외관은 세련된 디자인과 어우러져 도심 속 미술관을 연상시키며, 내부는 자연 친화적인 소재와 따뜻한 조명으로 꾸며져 있습니다.  \n\n역사적으로는 을지로6가 일대가 과거 상업과 예술의 중심지로 발전해온 과정을 반영하듯, 온앤온은 전통과 현대가 공존하는 문화적 가치를 추구합니다. 주변에는 동대문 패션 거리나 DDP 같은 명소도 있어, 방문 후 주변 탐방을 함께 즐기기에도 좋습니다.  \n\n방문 팁으로는 평일 오후를 추천하며, 주말에는 인기 프로그램의 사전 예약이 필요할 수 있습니다. 조용한 분위기에서 차를 마시며 독서를 하거나, 친구들과 함께 창의적인 활동을 계획하는 것도 좋은 방법입니다. 온앤온은 단순한 공간을 넘어, 일상에 작은 여유를 더하고 싶은 이들에게 특별한 경험을 선사할 것입니다.']",0,0
hyde,쇼핑과 업무를 동시에 즐길 수 있는 복합 공간 어디 있을까?,"['장소명: 마루이홈\n내용: **마루이홈은 서울 중심부에 위치한 트렌디한 라이프스타일 편집매장으로, 일본과 글로벌 패션·라이프스타일 브랜드를 한자리에서 경험할 수 있는 공간입니다.**  \n\n현대시티타워 12층에 자리 잡은 마루이홈은 도심 속에서 특별한 쇼핑과 휴식을 동시에 즐길 수 있는 복합 문화 공간입니다. 이곳은 단순히 제품을 판매하는 매장이 아니라, 감각적인 인테리어 디자인과 함께 편안하게 공간을 탐방하며 쇼핑을 즐길 수 있도록 구성되어 있습니다. 특히 일본 내 인기 있는 브랜드의 한정판 제품이나 한국에서 쉽게 접하기 어려운 독특한 아이템을 만날 수 있어 패션과 라이프스타일 애호가들의 발길이 끊이지 않습니다.  \n\n주요 볼거리로는 각 브랜드의 핵심 제품을 체계적으로 전시한 테마 존과, 계절별 기획 전시를 통해 선보이는 한정 컬렉션이 있습니다. 또한 매장 내부에는 카페와 휴식 공간이 마련되어 있어 쇼핑 중 잠시 여유를 즐기기에도 좋습니다. 마루이홈은 단순히 물건을 사는 공간을 넘어, 트렌디한 아이템을 발견하고 일상의 영감을 얻을 수 있는 문화적 경험을 제공합니다.  \n\n방문객을 위한 팁으로는, 평일 오후나 주말 오전에 방문하면 비교적 한적하게 쇼핑을 즐길 수 있다는 점을 추천합니다. 또한 매장 내 브랜드별로 할인 이벤트나 팝업 전시가 자주 열리니, 방문 전 공식 홈페이지나 SNS를 확인해 보는 것이 좋습니다. 트렌드에 민감한 제품이나 한정판은 조기 품절될 수 있으니, 관심 있는 아이템이 있다면 미리 체크한 후 방문하는 것을 권장합니다.  \n\n마루이홈은 독특한 쇼핑 경험과 함께 일상의 특별함을 찾고자 하는 분들에게 강력히 추천하는 곳입니다. 도심 속에서 새로운 스타일을 발견하고, 여유로운 시간을 보내기에 완벽한 장소입니다.', ""장소명: 한섬 래트바이티 현대동대문\n내용: **한섬 래트바이티 현대동대문**은 고급 의류 브랜드 한섬의 플래그십 스토어로, 세련된 쇼핑과 휴식을 동시에 즐길 수 있는 복합 문화 공간입니다.  \n\n이곳은 현대시티아울렛 동대문점 7층에 위치해 있으며, 한섬의 대표 라인인 래트바이티를 중심으로 남성·여성·라이프스타일의 고급스러운 의류와 액세서리를 만날 수 있습니다. 특히 미니멀하면서도 우아한 디자인의 의류들은 현대적이면서도 클래식한 감성을 추구하는 방문객들에게 큰 사랑을 받고 있습니다. 매장 내부는 넓은 공간과 따뜻한 조명으로 구성되어 편안하게 쇼핑을 즐길 수 있으며, 고객 맞춤 서비스와 체계적인 사이즈 관리 시스템으로 개인 맞춤형 쇼핑이 가능합니다.  \n\n래트바이티는 '일상의 특별함'을 콘셉트로 한 브랜드로, 단순한 옷가게를 넘어 라이프스타일까지 제안하는 공간으로 꾸며져 있습니다. 계절별로 변화하는 윈도우 디스플레이와 계절 한정 컬렉션은 방문객들에게 항상 새로운 경험을 선사합니다. 또한 매장 내에는 휴식 공간이 마련되어 있어 쇼핑 후 여유롭게 커피를 즐기거나 브랜드의 아이코닉한 디자인을 감상하기에 좋습니다.  \n\n방문객을 위한 팁으로는 평일 오후를 추천합니다. 주말과 비교하면 한적한 분위기에서 쇼핑을 즐기기 좋으며, 매장 직원의 세심한 스타일링 조언을 받을 수 있습니다. 특히 계절별 프로모션 기간에는 한정 제품을 만날 수 있으니 공식 SNS를 미리 확인하는 것이 좋습니다. 한섬 래트바이티 현대동대문은 단순한 쇼핑을 넘어 감성과 실용성을 모두 잡은 특별한 시간을 선사할 것입니다."", '장소명: 본 현대동대문\n내용: **본 현대동대문은 동대문 패션의 중심지에서 쇼핑과 휴식을 동시에 즐길 수 있는 복합 문화공간입니다.**  \n\n서울의 번화가 동대문에 위치한 이 복합몰은 패션, 푸드, 엔터테인먼트가 어우러진 현대적인 공간으로, 특히 24시간 영업으로 언제든지 방문할 수 있어 실용적입니다. 1층에는 다양한 패스트패션 브랜드와 편의시설이 자리해 쇼핑객들의 발길을 사로잡으며, 내부에는 현대적인 인테리어와 편의시설이 조화를 이룹니다.  \n\n주요 볼거리 중 하나는 동대문 패션의 트렌디한 아이템을 한눈에 만날 수 있는 매장들입니다. 특히 젊은 층을 겨냥한 캐주얼웨어부터 세련된 오피스룩까지 폭넓은 스타일을 제안해 방문객의 취향에 맞는 쇼핑이 가능합니다. 또한, 푸드코트와 카페 공간에서는 간단한 식사나 커피를 즐기며 잠시 쉬어가기 좋습니다.  \n\n이 공간은 단순한 쇼핑을 넘어 문화적 경험을 제공합니다. 야간에도 운영하는 만큼, 동대문의 활기찬 밤문화를 경험하려는 여행객들에게 특히 인기가 많습니다. 건물 내부에는 아트월이나 포토존도 마련되어 있어 SNS에 남길 인생샷을 찍기 적합합니다.  \n\n방문객을 위한 팁으로는, 무료 주차 시설을 활용할 수 있다는 점을 추천합니다. 특히 주말이나 저녁 시간대에는 쇼핑객이 많으므로 비교적 한산한 오후 이른 시간을 노리는 것도 좋습니다. 또한, 동대문의 명물인 길거리 음식과 함께 즐기면 더 풍부한 경험을 할 수 있습니다.  \n\n동대문을 방문한다면, 본 현대동대문은 트렌드와 편의를 모두 잡은 필수 코스입니다. 패션, 맛집, 휴식이 공존하는 이곳에서 서울의 활기찬 에너지를 만끽해 보세요!', '장소명: 라이프워크\n내용: **라이프워크**는 서울 용산 한강대로에 위치한 독특한 문화 공간으로, 창의적인 작업과 휴식이 공존하는 복합 문화 라운지입니다.  \n\n라이프워크는 과거 KDB생명타워로 알려진 건물의 일부를 리모델링하여 탄생했으며, 현대적인 감각과 자연이 어우러진 공간으로 재탄생했습니다. 이곳은 예술가, 창작자, 방문객이 자유롭게 소통하며 영감을 얻을 수 있는 장소로, 작업실과 카페, 전시 공간을 겸비하고 있습니다. 특히 한강 뷰가 펼쳐지는 대형 창가와 아늑한 인테리어가 조화를 이뤄 차분한 분위기에서 창의적인 활동을 즐기기에 적합합니다.  \n\n주요 볼거리로는 **오픈 스튜디오**와 **로테이션 갤러리**가 있습니다. 오픈 스튜디오에서는 지역 작가들의 작업 과정을 직접 관찰할 수 있으며, 갤러리는 매 계절마다 새로운 테마의 전시로 방문객을 맞이합니다. 또한, **라이프워크 카페에서 제공하는 핸드드립 커피와 계절별 디저트**는 이곳에서만 경험할 수 있는 특별한 메뉴로, 여유로운 시간을 보내기에 완벽합니다.  \n\n라이프워크는 단순한 작업 공간을 넘어 문화 교류의 장으로서의 역할도 수행합니다. 정기적으로 열리는 **워크숍과 아티스트 토크**는 예술을 사랑하는 이들에게 깊은 영감을 주며, 지역 커뮤니티와의 협업 프로젝트도 활발히 진행되고 있습니다.  \n\n방문객을 위한 팁으로는 **주말 오후 시간대 추천**을 드립니다. 한강의 풍경과 어우러진 노을을 배경으로 한 작업 공간에서의 시간은 특별한 추억을 선사할 것입니다. 또한, 갤러리 전시는 사전 예약 없이도 자유롭게 관람할 수 있으니, 부담 없이 방문해 보세요. 라이프워크에서의 하루는 창작과 휴식이 공존하는 소중한 경험이 될 것입니다.  \n\n*※ 정확한 운영 시간과 프로그램 일정은 공식 채널을 확인해 주시기 바랍니다.*', ""장소명: 키이스&기비\n내용: **키이스&기비는 서울 중구에 위치한 독특한 컨셉의 문화공간으로, 예술과 휴식이 조화된 특별한 경험을 선사하는 3층 규모의 복합 문화공간입니다.**  \n\n이곳은 현대 예술과 일상의 여유를 동시에 즐길 수 있는 공간으로, 감각적인 인테리어와 다양한 문화 프로그램이 어우러져 있습니다. 3층 규모의 건물 내부에는 아트 갤러리와 북카페, 소규모 공연장이 마련돼 있어 방문객들은 조용히 책을 읽거나 전시를 감상하며 시간을 보낼 수 있습니다. 특히, 지하 1층부터 지상 3층까지 이어지는 계단식 구조에서는 층마다 다른 분위기의 공간을 경험할 수 있는 것이 특징입니다.  \n\n키이스&기비는 2020년대 초반에 문을 연 비교적 새로운 문화공간이지만, 이미 지역 주민과 젊은 세대 사이에서 입소문이 난 곳입니다. 이곳은 단순히 전시를 보는 공간을 넘어, 워크숍이나 소규모 공연 등 참여형 프로그램을 운영하며 관람객과의 소통을 중시합니다. 예를 들어, 주말에는 핸드메이드 워크숍이나 인디 밴드 공연이 열리기도 해 매번 새로운 즐거움을 발견할 수 있습니다.  \n\n방문객들을 위한 팁으로는 평일에는 비교적 한적하게 즐길 수 있지만, 주말에는 프로그램이 많아 미리 일정을 확인하는 것이 좋습니다. 또한 3층에 위치한 야외 테라스에서는 도심 속에서도 자연을 느낄 수 있는 여유로운 풍경을 감상할 수 있어 사진 촬영 명소로도 인기가 높습니다.  \n\n키이스&기비는 단순한 관광지가 아닌, 일상에서 벗어나 잠시 숨을 고를 수 있는 '도심 속 오아시스'와도 같은 곳입니다. 예술적 감성과 편안함을 동시에 추구한다면, 이곳을 방문해 보는 것을 추천합니다. 특히, 전시와 공연 일정을 미리 체크하면 더욱 풍부한 경험을 할 수 있을 것입니다."", '장소명: 아이잗바바 현대동대문\n내용: **아이잗바바 현대동대문**은 서울의 번화가인 을지로6가에 위치한 현대적 복합문화공간으로, 일상 속에서 독특한 경험을 선사하는 핫플레이스입니다.  \n\n이 공간은 현대시티타워 지하 1층에 자리잡고 있으며, 지상 23층과 지하 6층으로 구성된 거대한 건물 내에서도 독특한 정체성을 자랑합니다. 특히 19대의 고속 승강기가 설치되어 있어 고층 이동 시 편리함을 제공하며, 24시간 운영되어 언제든지 방문할 수 있다는 점이 매력적입니다. 무료로 이용 가능한 주차장도 마련되어 있어 자차 방문객에게도 편리합니다.  \n\n아이잗바바 현대동대문은 전통과 현대가 조화를 이룬 디자인으로, 방문객들에게 시각적 즐거움을 선사합니다. 내부에서는 다양한 문화 체험 프로그램과 특별 전시가 종종 열리며, 특히 젊은 층을 중심으로 SNS에서 화제가 되는 포토존도 마련되어 있습니다. 또한, 현대시티타워의 거대한 규모와 세련된 인프라는 단순한 관광지를 넘어 비즈니스와 휴식이 공존하는 복합 공간으로서의 역할을 수행합니다.  \n\n방문객을 위한 팁으로는, 건물 내 편의시설과 연계된 문화 행사를 미리 확인해 보는 것을 추천합니다. 특히 야간에는 건물에 비치는 조명이 독특한 분위기를 연출하므로, 낮과는 다른 매력을 느낄 수 있습니다. 또한, 주변에 다양한 먹거리와 쇼핑 시설이 밀집해 있어 관광 후 추가 활동을 계획하기에 좋습니다.  \n\n아이잗바바 현대동대문은 단순한 명소를 넘어 서울의 활기찬 에너지를 고스란히 담아낸 공간입니다. 일상의 피로를 잊고 새로운 영감을 얻고 싶다면, 이 독특한 복합문화공간을 방문해 보시길 권합니다.', ""장소명: GCUT\n내용: GCUT는 서울 중심부에 위치한 현대아울렛 동대문점 4층에 자리한 복합 문화 공간으로, 패션·디자인·예술이 어우러진 창의적인 플랫폼입니다. '지오다노' 매장이 입점해 있는 이 공간은 젊은 감성과 트렌드를 반영한 패션 아이템부터 독창적인 디자인 소품까지 다채로운 볼거리를 제공하며, 도심 속 특별한 쇼핑 경험을 선사합니다.\n\n이곳은 역사적 건물인 현대아울렛 동대문점의 현대적 리모델링을 통해 탄생했는데, 을지로6가의 산업 유산을 보존하면서도 모던한 감성으로 재해석한 것이 특징입니다. 특히 4층의 GCUT는 층고의 넉넉함과 자연채광이 조화를 이뤄 편안한 분위기에서 쇼핑과 휴식을 동시에 즐길 수 있습니다. 주변에는 동대문역, 동대문역사문화공원역, 종로5가역 등 3개의 지하철역이 5~9분 거리에 위치해 접근성이 뛰어나며, 46개의 버스 노선으로도 편리하게 연결됩니다.\n\n방문객들을 위한 추천 팁으로는, 평일 오후 시간대에 방문하면 한적한 분위기에서 쇼핑을 즐길 수 있다는 점, 인근에 위치한 전통 시장과 현대 복합 문화공간을 함께 탐방하며 서울의 다채로운 매력을 경험할 수 있다는 점을 꼽을 수 있습니다. 또한 GCUT 내부에서는 한정판 콜라보레이션 제품이나 로컬 디자이너의 작품을 발견할 수 있으니, 세심한 관찰력을 발휘해 보시길 추천합니다. 도심 속 트렌디한 문화를 경험하고 싶다면 GCUT를 방문해 보는 것이 좋습니다."", ""장소명: 디타워 (replace 광화문)\n내용: 디타워는 서울특별시 종로구에 위치한 복합 타워로, 다양한 레스토랑, 카페, 리테일샵, 오피스 공간으로 구성되어 있습니다. 특히, 디타워는 '오픈형'이라는 특징을 가지고 있어, 이용객들이 자유롭게 공간을 이동하며 다양한 시설들을 이용할 수 있습니다. 고품격의 인테리어와 편리한 접근성으로 인해 광화문 지역의 대표적인 랜드마크로 자리매김하고 있습니다. 도시의 활기를 느끼고 싶은 분들, 다양한 맛집과 카페를 경험하고 싶은 분들, 또는 편안한 공간에서 업무나 여가를 즐기고 싶은 분들에게 추천드립니다."", ""장소명: 블랙야크 현대동대문\n내용: **블랙야크 현대동대문**은 아웃도어 브랜드 블랙야크의 대표 매장으로, 현대시티아울렛 동대문점 7층에 위치한 쇼핑과 체험을 결합한 복합 문화 공간이다.  \n\n이곳은 블랙야크의 최신 아웃도어 웨어와 장비를 한눈에 확인할 수 있는 공간으로, 등산, 트레킹, 캠핑에 필요한 프리미엄 제품을 직접 체험하며 구매할 수 있다. 특히 매장 내부에는 브랜드의 핵심 가치인 '자연과의 조화'를 반영한 모티프와 함께, 한국의 아름다운 산림을 연상시키는 인테리어 디자인이 돋보인다. 방문객들은 제품 전시뿐 아니라 AR(증강현실) 기술을 활용한 가상 체험 코너에서 블랙야크의 아웃도어 정신을 경험해볼 수 있다.  \n\n매장은 기능성과 디자인을 겸비한 블랙야크의 시그니처 제품부터 한정판 콜라보레이션 아이템까지 다양하게 구성되어 있어, 실용성과 스타일을 모두 추구하는 소비자에게 적합하다. 또한, 전문 스타일리스트의 쇼핑 컨설팅을 받을 수 있는 서비스도 제공되며, 계절별 추천 아이템을 통해 맞춤형 쇼핑이 가능하다.  \n\n방문객을 위한 팁으로, 평일 오후에는 상대적으로 한산하여 여유롭게 쇼핑할 수 있고, 주말에는 가족 단위 방문객을 위한 이벤트나 체험 프로그램이 진행되기도 한다. 또한, 현대시티아울렛 내 다른 매장과의 연계를 통해 쇼핑의 즐거움을 배가시킬 수 있다. 블랙야크 현대동대문은 단순한 매장을 넘어 아웃도어 라이프스타일을 제안하는 공간으로, 자연과 도시를 사랑하는 이들에게 특별한 경험을 선사할 것이다.  \n\n*※ 매장은 현대시티아울렛 운영 시간에 따라 개방되며, 정확한 정보는 공식 채널을 통해 확인하시기 바랍니다.*"", '장소명: 네파 현대동대문\n내용: **네파 현대동대문**은 아웃도어 브랜드 네파의 대표 매장으로, 다양한 등산·캠핑 용품과 패션 아이템을 한자리에서 경험할 수 있는 동대문 패션 허브입니다.  \n\n현대시티타워 7층에 위치한 이 매장은 네파의 핵심 제품 라인업을 체계적으로 전시하며, 실용성과 디자인을 겸비한 기능성 의류부터 최신 트렌드 아이템까지 폭넓게 구성되어 있습니다. 특히 계절별 한정 컬렉션과 기술력이 집약된 프리미엄 라인은 방문객들에게 특별한 쇼핑 경험을 선사합니다. 매장 내부에는 체험 존이 마련되어 있어, 실제 등산이나 캠핑 상황을 연상시키는 환경에서 제품을 직접 테스트해 볼 수 있습니다. 또한, 전문 스타일리스트의 패션 컨설팅 서비스를 통해 개인의 취향에 맞는 코디네이션을 제안받을 수 있어 패션에 관심 있는 방문객들에게 인기가 높습니다.  \n\n방문객을 위한 편의 시설도 잘 갖춰져 있습니다. 24시간 운영으로 자유로운 쇼핑이 가능하며, 주차 공간이 넉넉하고 주차료가 무료로 제공됩니다. 동대문 패션 거리와의 접근성도 뛰어나 쇼핑 후 인근 지역에서 추가적인 패션 탐방을 즐기기 좋습니다.  \n\n**추천 팁**: 네파 현대동대문에서는 신규 출시 제품이나 시즌 세일 기간에 할인 혜택을 받을 수 있으니, 방문 전 공식 홈페이지 또는 매장 안내 데스크에서 이벤트 정보를 확인해 보세요. 특히 주말에는 체험 존 이용이 활발하므로 평일 방문을 추천합니다. 기능성 제품을 구매할 경우, 체험 존에서 착용해 본 후 결정하는 것이 실용적입니다.  \n\n이곳은 단순한 쇼핑 공간을 넘어 아웃도어 라이프스타일을 체험할 수 있는 복합 문화 공간으로, 패션과 실용성을 모두 추구하는 여행객이나 현지 방문객에게 가치 있는 장소입니다.']",0,0
hyde,전통 생활문화를 체험할 수 있는 어린이 친화적 박물관이 있을까요?,"['장소명: 국립민속박물관&국립민속박물관 어린이박물관\n내용: 국립민속박물관은 우리나라 전통 생활양식과 관련된 4,000여 점의 민속자료가 전시되어 있는 국내 유일의 민속생활사 관련 국립박물관이다. 본관과 파주관이 있는데 본관은 경복궁 경내에 있다. 본관 안에는 어린이박물관이 있다.국립민속박물관은 민속문화의 연구·수집·보존과 문화교육 및 생활문화 전시로 전통문화에 대한 올바른 인식을 통한 민족적 자긍심을 일깨울 수 있는 문화교육의 현장이다. 전통과 현대가 어우른 문화의 전당으로 3개의 상설전시실과 야외 전시, 2개의 기획전시실이 있다. 상설 전시 [1전시실]에서는 한국인의 하루, [2전시실]에서는 한국인의 일 년, [3전시실]에서는 한국인의 일생에 대해서 전시한다. 야외 전시에는 열두 띠 동상과 연자방아, 장승 동상 등이 전시되어 있고, 1970~1980년대 서울 지역 동네 골목을 재현한 [추억의 거리]가 재현되어 있다.다양한 문화교육 프로그램과 행사는 홈페이지의 [교육안내∙신청]을 통해 선착순으로 참여할 수 있다. 설날이나 추석과 같은 전통 명절에도 전통 놀이와 공연 등이 다채롭게 진행된다. 주한 외국인을 위한 체험행사도 진행하여 한국문화알기에 도움을 준다.국립민속박물관 어린이박물관은 우리나라 전통생활양식에 관련하여 어린이들에게 알기 쉽게 설명해 주고 체험해 볼 수 있도록 전시해 놓은 박물관이다. 어린이박물관은 홈페이지를 통해 1인당 1일 1회만 전시예약이 가능하고 사전예약을 해야 관람할 수 있다.', '장소명: 북촌생활사박물관\n내용: 북촌생활사박물관은 서울특별시 종로구에 위치한 박물관으로, 한국의 전통 생활상을 전시하고 있습니다. 특히, 북촌의 역사와 문화를 중점적으로 다루며, 전통 가옥의 모습과 그곳에서 사용하던 생활용품을 통해 과거 한국의 일상생활을 생생하게 경험할 수 있습니다. 가족 여행객들에게는 한국의 전통 문화를 배우고자 하는 어린이들과 함께 방문하기에 적합한 장소입니다. 또한, 전통 한복을 입고 사진을 찍을 수 있는 체험 프로그램도 제공되어, 한국의 전통 문화를 직접 체험해보고 싶은 분들께 추천드립니다.', '장소명: 서울공예박물관\n내용: 서울공예박물관은 대한민국의 수도 서울에 위치한 공예 전문 박물관입니다. 이곳은 전통과 현대가 조화를 이루는 공예품들을 전시하며, 공예의 역사와 문화를 체험할 수 있는 다양한 프로그램을 제공합니다. 방문객들은 우리나라 고유의 미학과 장인정신을 느낄 수 있는 전시물들을 감상하며, 공예 제작 과정에 대해 배우고 직접 참여할 수도 있습니다. 서울공예박물관은 문화적 가치와 창의성을 중시하는 방문객들에게 이상적인 장소로, 특히 공예에 관심이 많은 사람들이나 우리나라의 전통문화를 체험하고 싶은 외국인들에게 적극 추천합니다. 또한, 가족이나 친구들과 함께 참여형 프로그램에 참여하여 추억을 만들 수 있는 공간이므로, 여가 시간을 의미 있게 보내고 싶은 사람들에게도 적합한 장소입니다.', '장소명: 서울우리소리박물관\n내용: 서울우리소리박물관은 서울시 종로구에 위치한 박물관이으로, 서울시에서 운영하고 있습니다. 이 박물관은 한국의 전통 음악과 소리를 주제로 하고 있으며, 관람객들에게 우리 소리의 역사와 발전 과정을 체험하고 배울 수 있는 기회를 제공합니다. 전시관은 총 3개의 상설전시실과 1개의 기획전시실로 구성되어 있으며, 각 전시실에서는 한국의 전통 음악과 소리를 다양한 전시물과 체험 프로그램을 통해 즐길 수 있습니다. 특히, 한국 전통 음악을 직접 연주해 볼 수 있는 체험 프로그램과 전통 음악에 대한 깊이 있는 학습이 가능한 교육 프로그램 등이 마련되어 있어, 가족 단위의 방문객들에게 인기가 높습니다. 이 박물관은 전통 문화에 관심이 많은 분들, 한국의 역사와 전통을 배우고 싶은 학생들, 또는 한국의 전통 음악을 직접 체험해 보고 싶은 모든 분들에게 추천드립니다. 또한, 서울특별시에서 운영하는 만큼, 무료로 관람할 수 있어 부담 없이 방문할 수 있습니다.', '장소명: 종이나라박물관\n내용: 종이나라박물관은 서울 중구에 위치한 종이 전문 박물관으로, 우리의 우수한 종이 접기와 종이문화를 보존하고 전시하는 곳입니다. 서울특별시 교육청 지정 현장체험학습기관으로서, 어린이와 학생들이 종이의 역사와 한국 종이 문화의 발전 과정을 직접 견학하고 체험할 수 있는 교육 프로그램을 운영합니다. 이곳에서는 종이공예 유물과 미술작품, 종이 조형 작품 등을 전시하고 있어, 방문자들이 전통과 현대가 어우러진 종이 문화를 감상할 수 있습니다. 특히, 종이접기에 관심이 많은 사람이나 교육적인 나들이를 원하는 가족들에게 추천하는 장소입니다. 방문 시에는 종이 공예 체험 프로그램에 참여하여 직접 종이접기를 배워보는 것도 좋은 경험이 될 것입니다.', '장소명: 한국색동박물관\n내용: 서울특별시 종로구에 위치한 한국색동박물관은 우리나라의 전통적인 색동 문화를 간직한 곳입니다. 색동의 역사와 의미, 그리고 다양한 색동 제품을 만나볼 수 있어 한국의 미를 느끼고 싶은 방문객들에게 추천합니다. 또한, 색동공예 체험 프로그램도 운영하고 있어 직접 색동공예를 경험해보고 싶은 분들에게도 좋은 장소입니다. 박물관 주변에는 경복궁, 창덕궁 등의 유서 깊은 관광지와 다양한 맛집이 있어 가족과 함께 여행하거나, 색동 문화에 관심이 있는 분들이 방문하기에 적합합니다.', '장소명: 세종충무공이야기\n내용: 세종충무공이야기는 서울특별시 한복판인 광화문 광장에 위치한 이순신 장군의 전시관입니다. 이 전시관에서는 이순신 장군의 일대기와 업적, 그리고 그가 남긴 리더십과 정신에 대해 배울 수 있습니다. 특히, 세종충무공이야기에서는 인터랙티브한 전시물과 체험 프로그램을 통해 아이들이 재미있게 역사를 배울 수 있는 공간이 마련되어 있어 가족 단위 방문객에게 추천합니다. 또한, 전시관 내에서는 아름다운 서울의 경치를 감상할 수 있는 전망대도 있습니다. 역사와 문화에 관심이 있는 분들, 그리고 가족과 함께 유익하고 즐거운 시간을 보내고 싶은 분들에게 세종충무공이야기를 방문할 것을 추천합니다.', '장소명: 은나무\n내용: **은나무: 전통과 현대 공예를 아우르는 도심 속 문화 산책로**  \n은나무는 서울 종로구에 위치한 독특한 공예 체험 공간으로, 방문객이 직접 손으로 만드는 즐거움을 경험할 수 있는 창작 스튜디오이자 갤러리입니다.  \n\n### 🎨 주요 볼거리와 체험 요소  \n은나무는 공예의 기술적 아름다움과 일상적 실용성을 조화롭게 전달합니다. 이곳에서는 목공, 도예, 섬유 아트 등 다양한 분야의 워크숍을 통해 창작 과정을 체험할 수 있으며, 지역 장인과 협업한 한정판 공예품도 전시·판매합니다. 특히 ‘소확행(소소하지만 확실한 행복)’ 콘셉트의 DIY 키트는 초보자도 쉽게 참여할 수 있도록 구성되어 있습니다. 2층 갤러리에서는 매계절 테마별 기획 전시를 통해 현대 공예의 트렌드를 소개하며, 1층 카페에서는 직접 제작한 머그잔에 커피를 담아 마시는 특별한 경험을 선사합니다.  \n\n### 🏺 역사적 배경과 공간의 의미  \n건물 자체는 1980년대 주택가를 리모델링한 것으로, 과거의 흔적을 보존하며 현대적 감각을 더했습니다. 벽돌과 목재가 어우러진 인테리어는 과거와 현재의 대화를 상징하며, 공예라는 매체가 지닌 문화적 계승의 의미를 강조합니다. 인근 운니동 골목길과 어우러진 은나무는 도시 재생의 성공 사례로도 주목받았습니다.  \n\n### 📌 방문객을 위한 팁  \n- **예약 필수**: 워크숍은 정원제로 운영되므로 사전 예약이 필요합니다.  \n- **주변 연계**: 5분 거리에 ‘삼청동 전통 공방 거리’가 있어 함께 탐방하면 좋습니다.  \n- **특전**: 전시 관람 후 카페 이용 시 핸드드립 커피를 무료 업그레이드해 주는 이벤트가 진행 중입니다.  \n\n은나무는 단순한 공방을 넘어, 일상의 소중함을 손으로 빚어내는 공간입니다. 창작의 설렘을 느끼고 싶다면, 은나무에서 나만의 이야기를 시작해 보세요.', '장소명: 북촌동양문화박물관\n내용: 북촌동양문화박물관은 대한민국의 수도이자 문화·인문·정치·경제 중심지인 서울에 위치한 박물관입니다. 이곳에서는 동양 문화에 대한 다양한 전시와 교육 프로그램을 경험할 수 있습니다. 역사와 전통을 중시하는 독특한 분위기로, 한국의 전통문화와 동양 문화에 관심이 많은 방문객에게 적합한 장소입니다. 특히, 가족이나 친구들과 함께 한국의 역사와 전통을 배우고자 하는 분들, 또는 조용하고 한적한 분위기 속에서 문화 생활을 즐기고자 하는 분들에게 추천합니다. 서울을 방문하는 동안 북촌동양문화박물관을 찾아 동양 문화의 아름다움과 가치를 느껴보세요.', '장소명: 만가\n내용: **만가**는 서울 종로구에 위치한 전통 한옥 체험 공간으로, 한국의 역사적 정서를 현대적으로 재해석한 복합 문화 공간입니다.  \n\n만가는 조선 시대 건축 양식을 기반으로 한 우아한 한옥 건물에서 전통과 현대가 조화를 이루는 독특한 분위기를 선사합니다. 주요 볼거리로는 한옥의 정제된 미학이 살아 있는 대청마루와 정원, 그리고 계절별로 변화하는 자연의 풍경을 감상할 수 있는 야외 공간이 있습니다. 특히, 전통 공예 체험 프로그램을 통해 한국의 문화유산을 직접 체험해 볼 수 있는데, 한지 공예, 전통 차 문화 체험 등이 대표적입니다. 또한, 한옥 스테이 프로그램을 운영하여 일상 속에서 잠시 벗어나 고즈넉한 분위기를 즐기며 휴식할 수 있는 기회를 제공합니다.  \n\n역사적 배경과 관련해서는, 만가가 자리한 종로구 일대는 조선 시대 왕실 관련 유적과 전통 가옥들이 밀집한 지역으로, 도심 속에서도 한국의 역사를 느낄 수 있는 장소입니다. 건물 자체는 현대에 지어졌지만, 전통 한옥의 구조와 기능을 현대 생활에 맞게 재구성해 문화적 연속성을 보여줍니다.  \n\n방문객을 위한 팁으로는, 체험 프로그램 사전 예약을 권장하며, 특히 주말에는 한옥 내에서 진행되는 전통 공연이나 문화 행사에 참여해 보는 것도 좋습니다. 계절에 따라 정원의 풍경이 달라지므로 봄의 꽃놀이, 가을의 단풍 시즌을 노려 방문하면 더욱 특별한 추억을 만들 수 있을 것입니다.  \n\n만가는 단순히 관광지를 넘어, 한국의 정서를 오감으로 체험할 수 있는 문화 공간입니다. 바쁜 일상 속에서 여유를 찾고 싶은 이들에게, 혹은 한국 전통 문화에 관심을 가진 여행자들에게 강력히 추천하는 장소입니다.']",1,0
hyde,특별한 날 고급스러운 남성 패션 아이템을 고를 수 있는 곳 있을까?,"['장소명: 시슬리\n내용: **시슬리**는 서울 중구에 위치한 독특한 감성의 패션 편집숍으로, 트렌디한 의류와 액세서리를 한곳에서 만날 수 있는 공간입니다.  \n\n**도심 속 패션의 오아시스**  \n시슬리는 장충단로와 을지로6가의 활기찬 상권 한가운데 자리 잡고 있지만, 내부에는 차분한 색조와 세련된 디스플레이로 차분한 분위기를 연출합니다. 국내외 디자이너 브랜드와 한정판 아이템을 선별해 선보이며, 패션 감각이 뛰어난 방문객들에게 인기가 높습니다. 특히 여성복과 남성복, 유니섹스 제품을 고루 갖춰 커플이나 친구끼리의 쇼핑에도 적합합니다.  \n\n**역사와 현대의 조화**  \n이 지역은 과거 의류 상가의 중심지로 유명했으며, 시슬리는 이러한 역사적 배경을 현대적 감각으로 재해석한 공간입니다. 매장 내부에는 패션 아이콘의 사진 또는 아트워크가 전시되어 있어 쇼핑과 동시에 예술을 감상할 수 있습니다.  \n\n**특별한 쇼핑 체험**  \n시슬리에서는 단순 구매를 넘어 스타일링 상담을 받을 수 있습니다. 패션 전문가의 추천을 통해 개인의 취향에 맞는 아이템을 발견할 수 있으며, 계절별 테마 컬렉션도 운영됩니다. 또한 매장에서는 소규모 팝업 이벤트나 패션 워크숍이 종종 열려, 방문객들에게 영감을 제공합니다.  \n\n**방문 팁**  \n- 평일에는 비교적 한산하니 여유로운 쇼핑을 즐기기에 좋습니다.  \n- 주차 공간이 협소할 수 있으니 대중교통을 이용하는 것을 추천합니다.  \n- 계절별 프로모션 기간에는 한정 상품을 미리 확인해 보세요.  \n\n시슬리는 패션을 사랑하는 이들에게 색다른 경험을 선사하는 공간입니다. 특별한 아이템을 찾고 있다면, 이곳에서 나만의 스타일을 완성해 보시길 추천합니다.', ""장소명: 한섬 래트바이티 현대동대문\n내용: **한섬 래트바이티 현대동대문**은 고급 의류 브랜드 한섬의 플래그십 스토어로, 세련된 쇼핑과 휴식을 동시에 즐길 수 있는 복합 문화 공간입니다.  \n\n이곳은 현대시티아울렛 동대문점 7층에 위치해 있으며, 한섬의 대표 라인인 래트바이티를 중심으로 남성·여성·라이프스타일의 고급스러운 의류와 액세서리를 만날 수 있습니다. 특히 미니멀하면서도 우아한 디자인의 의류들은 현대적이면서도 클래식한 감성을 추구하는 방문객들에게 큰 사랑을 받고 있습니다. 매장 내부는 넓은 공간과 따뜻한 조명으로 구성되어 편안하게 쇼핑을 즐길 수 있으며, 고객 맞춤 서비스와 체계적인 사이즈 관리 시스템으로 개인 맞춤형 쇼핑이 가능합니다.  \n\n래트바이티는 '일상의 특별함'을 콘셉트로 한 브랜드로, 단순한 옷가게를 넘어 라이프스타일까지 제안하는 공간으로 꾸며져 있습니다. 계절별로 변화하는 윈도우 디스플레이와 계절 한정 컬렉션은 방문객들에게 항상 새로운 경험을 선사합니다. 또한 매장 내에는 휴식 공간이 마련되어 있어 쇼핑 후 여유롭게 커피를 즐기거나 브랜드의 아이코닉한 디자인을 감상하기에 좋습니다.  \n\n방문객을 위한 팁으로는 평일 오후를 추천합니다. 주말과 비교하면 한적한 분위기에서 쇼핑을 즐기기 좋으며, 매장 직원의 세심한 스타일링 조언을 받을 수 있습니다. 특히 계절별 프로모션 기간에는 한정 제품을 만날 수 있으니 공식 SNS를 미리 확인하는 것이 좋습니다. 한섬 래트바이티 현대동대문은 단순한 쇼핑을 넘어 감성과 실용성을 모두 잡은 특별한 시간을 선사할 것입니다."", ""장소명: 휴고보스 롯데 본점\n내용: 휴고보스 롯데 본점은 서울 중심가에 위치한 명품 남성복 브랜드의 플래그십 매장으로, 세련된 의류와 액세서리를 한자리에서 경험할 수 있는 공간입니다.  \n\n이 매장은 1979년 롯데호텔 부속 건물로 문을 연 롯데백화점 본점 5층에 자리해 있으며, 독일 출신의 글로벌 라이프스타일 브랜드 휴고보스의 핵심 컬렉션을 선보입니다. 고급스러운 인테리어와 체계적인 공간 구성으로 방문객은 슈트, 캐주얼웨어, 신발, 액세서리 등을 체계적으로 둘러볼 수 있습니다. 특히 브랜드의 시그니처인 'HUGO'와 'BOSS' 라인의 차별화된 디자인을 직접 체험하며, 전문 스타일리스트의 맞춤 상담 서비스도 이용 가능합니다.  \n\n역사적 관점에서 롯데백화점 본점은 국내 최초의 현대적 백화점 중 하나로, 40년 이상 명품 쇼핑의 메카로 자리잡았습니다. 휴고보스 매장은 이러한 전통과 현대적 감각을 결합해 전 세계 패션 트렌드를 반영하는 동시에 한국 고객의 취향에 부합하는 제품을 선보입니다.  \n\n방문객을 위한 팁으로, 백화점 내 무료 발레파킹 서비스를 활용하면 도심 주차 부담을 줄일 수 있습니다. 또한 매장 인근에는 다양한 명품 브랜드 매장과 레스토랑이 밀집해 있어 쇼핑 후 여유로운 시간을 보내기 좋습니다. 휴고보스 롯데 본점은 특별한 날을 위한 아이템을 찾는 분들에게 완벽한 목적지가 될 것입니다.  \n\n*참고: 본 소개글은 검색결과를 기반으로 작성되었으며, 일부 내용은 브랜드 공식 정보와 차이가 있을 수 있습니다."", '장소명: 한섬 타미힐피거 명동\n내용: 한섬 타미힐피거 명동은 고급스러운 패션 아이템을 만날 수 있는 서울 명동 중심의 프리미엄 브랜드 매장입니다.  \n\n이곳은 타미힐피거의 클래식한 아메리칸 캐주얼과 한섬의 세련된 디자인이 조화를 이룬 공간입니다. 명품 의류와 액세서리부터 캐주얼한 데일리 웨어까지 다양한 라인을 한자리에서 살펴볼 수 있으며, 특히 한정판 컬렉션과 시즌별 트렌드 아이템이 방문객의 눈길을 사로잡습니다. 매장은 모던한 인테리어로 꾸며져 쇼핑하는 내내 고급스러운 분위기를 느낄 수 있습니다.  \n\n타미힐피거는 1985년 뉴욕에서 탄생한 글로벌 브랜드로, 캐주얼과 포멀의 경계를 넘나드는 유려한 디자인으로 유명합니다. 한섬은 국내 대표 패션 그룹으로, 타미힐피거와의 협업을 통해 한국 고객의 취향에 맞는 제품을 선보이고 있습니다. 명동 매장에서는 해외 직구 없이 국내에서 바로 만나볼 수 있는 독점 상품과 특별한 행사 혜택도 제공됩니다.  \n\n방문객을 위한 팁으로는, 신규 회원 가입 시 마일리지를 적립할 수 있는 프로모션에 주목해 보세요. 또한, 매장 직원의 스타일링 추천을 받으면 자신에게 맞는 코디를 찾기 수월합니다. 주말이나 공휴일에는 혼잡할 수 있으니 평일 오후 시간대를 추천합니다.  \n\n명동에서의 쇼핑 여정을 특별하게 만들고 싶다면, 한섬 타미힐피거 명동에서 세련된 라이프스타일을 경험해 보세요.', '장소명: 마루이홈\n내용: **마루이홈은 서울 중심부에 위치한 트렌디한 라이프스타일 편집매장으로, 일본과 글로벌 패션·라이프스타일 브랜드를 한자리에서 경험할 수 있는 공간입니다.**  \n\n현대시티타워 12층에 자리 잡은 마루이홈은 도심 속에서 특별한 쇼핑과 휴식을 동시에 즐길 수 있는 복합 문화 공간입니다. 이곳은 단순히 제품을 판매하는 매장이 아니라, 감각적인 인테리어 디자인과 함께 편안하게 공간을 탐방하며 쇼핑을 즐길 수 있도록 구성되어 있습니다. 특히 일본 내 인기 있는 브랜드의 한정판 제품이나 한국에서 쉽게 접하기 어려운 독특한 아이템을 만날 수 있어 패션과 라이프스타일 애호가들의 발길이 끊이지 않습니다.  \n\n주요 볼거리로는 각 브랜드의 핵심 제품을 체계적으로 전시한 테마 존과, 계절별 기획 전시를 통해 선보이는 한정 컬렉션이 있습니다. 또한 매장 내부에는 카페와 휴식 공간이 마련되어 있어 쇼핑 중 잠시 여유를 즐기기에도 좋습니다. 마루이홈은 단순히 물건을 사는 공간을 넘어, 트렌디한 아이템을 발견하고 일상의 영감을 얻을 수 있는 문화적 경험을 제공합니다.  \n\n방문객을 위한 팁으로는, 평일 오후나 주말 오전에 방문하면 비교적 한적하게 쇼핑을 즐길 수 있다는 점을 추천합니다. 또한 매장 내 브랜드별로 할인 이벤트나 팝업 전시가 자주 열리니, 방문 전 공식 홈페이지나 SNS를 확인해 보는 것이 좋습니다. 트렌드에 민감한 제품이나 한정판은 조기 품절될 수 있으니, 관심 있는 아이템이 있다면 미리 체크한 후 방문하는 것을 권장합니다.  \n\n마루이홈은 독특한 쇼핑 경험과 함께 일상의 특별함을 찾고자 하는 분들에게 강력히 추천하는 곳입니다. 도심 속에서 새로운 스타일을 발견하고, 여유로운 시간을 보내기에 완벽한 장소입니다.', ""장소명: (주)LF(명동헤지스종합)\n내용: **명동 헤지스 플래그십 스토어: 패션과 도시의 만남**  \n\n명동 헤지스 플래그십 스토어는 한국 대표 캐주얼 브랜드인 헤지스의 핵심 가치를 체험할 수 있는 공간으로, 세련된 디자인과 트렌디한 라이프스타일을 제안하는 패션 핫플레이스입니다.  \n\n이곳은 헤지스의 역사와 철학을 한눈에 볼 수 있는 전시 공간부터 최신 컬렉션을 한눈에 확인할 수 있는 매장까지 구성되어 있습니다. 특히 브랜드의 아이코닉한 아이템인 '헤지스 팬츠'를 비롯한 다양한 의류와 액세서리를 직접 체험하며 쇼핑할 수 있어 패션 애호가들이 꼭 방문해야 할 장소로 꼽힙니다. 매장 내부는 모던하면서도 편안한 분위기로 꾸며져 있어 쇼핑뿐만 아니라 친구와 대화를 나누거나 잠깐의 휴식을 취하기에도 좋습니다.  \n\n명동 헤지스 플래그십 스토어는 서울 중심부에 위치해 접근성이 뛰어나며, 근처에는 명동 쇼핑거리와 남산 타워가 있어 패션 탐방 후 주변 명소를 함께 즐기기 좋습니다. 매장 주변에는 다양한 카페와 맛집도 밀집해 있어 쇼핑 후 여유로운 시간을 보내기에도 적합합니다.  \n\n방문객을 위한 팁: 매장에서는 헤지스의 시그니처 아이템을 합리적인 가격에 구매할 수 있는 프로모션을 자주 진행하니, 공식 SNS를 미리 확인하면 좋습니다. 또한, 매장 직원들이 스타일링 조언을 친절하게 제공하므로 패션 고민이 있다면 적극 활용해 보시길 추천합니다.  \n\n명동 헤지스 플래그십 스토어는 단순한 쇼핑을 넘어 브랜드의 철학과 한국의 현대적 감각을 동시에 경험할 수 있는 공간입니다. 패션을 사랑하는 여행자라면 놓치지 말아야 할 명동 쇼핑의 필수 코스입니다."", ""장소명: 컬럼비아 현대동대문\n내용: **컬럼비아 현대동대문은 서울 중심부의 현대적 쇼핑과 문화 체험이 어우러진 복합 문화공간입니다.**  \n\n이곳은 동대문 현대시티아울렛 내 위치한 컬럼비아 매장으로, 글로벌 아웃도어 브랜드의 대표 아이템을 한자리에서 만날 수 있습니다. 특히 컬럼비아의 기능성 재킷, 방수 의류, 캐주얼웨어 등 다양한 라인이 체계적으로 전시되어 쇼핑의 편의성을 높였으며, 트렌디한 디자인과 실용성을 겸비한 제품들을 직접 체험해 볼 수 있습니다. 매장 내부에는 계절별 추천 코디와 신제품 소개 코너가 마련되어 있어 방문객의 니즈에 맞는 쇼핑이 가능합니다.  \n\n컬럼비아 현대동대문은 단순히 제품을 판매하는 공간을 넘어 브랜드의 역사와 철학을 엿볼 수 있는 문화적 요소도 갖추고 있습니다. 아웃도어 활동의 영감을 주는 사진 전시나 한정판 컬렉션 소개 등 특별 이벤트가 종종 열리며, 이는 쇼핑에 재미와 깊이를 더합니다. 또한 동대문 패션 중심가의 이점을 살려 인근에 위치한 다양한 패션 편집숍, 먹거리 거리와의 연계 탐방도 추천할 만합니다.  \n\n방문객을 위한 팁으로는, 주말보다는 평일 오후를 이용해 비교적 한적한 분위기에서 쇼핑하기, 매장의 사이즈 교환 정책을 미리 확인해 체형에 맞는 옷을 선택하기, 계절별 프로모션 기간을 노려 할인 혜택을 누리는 것 등을 추천합니다. 특히 컬럼비아의 베스트셀링 아이템인 '아웃드라이' 재킷이나 '헤이터' 시리즈는 실용성과 디자인 면에서 높은 평가를 받고 있으니 꼭 체크해 보시길 바랍니다.  \n\n동대문 현대시티아울렛의 중심부에 위치한 이 매장은 쇼핑과 휴식을 동시에 즐기기에 최적화된 공간입니다. 방문 시 인근 카페나 푸드코트에서 잠시 쉬어가며 쇼핑의 피로를 풀어보는 것도 좋은 방법입니다. 컬럼비아 현대동대문은 단순한 구매 공간을 넘어, 삶의 방식을 제안하는 라이프스타일 허브로의 역할을 꾸준히 이어가고 있습니다."", '장소명: 프라다 롯데 본점\n내용: **프라다 롯데 본점: 서울에서 만나는 럭셔리 플래그십 스토어**  \n서울 중구 을지로 30에 위치한 프라다 롯데 본점은 이탈리아 명품 브랜드 프라다의 한국 대표 매장으로, 고급스러운 쇼핑 경험과 독보적인 디자인을 선사하는 공간입니다. 롯데백화점과 직접 연결되어 접근성이 뛰어나며, 국내외 패션 열풍을 주도하는 트렌디한 아이템부터 클래식한 시그니처 제품까지 다양하게 만나볼 수 있습니다.  \n\n### **볼거리와 체험**  \n1. **프리미엄 쇼핑 공간**  \n   매장 내부에는 프라다의 아이코닉한 삼각형 로고와 미니멀한 디자인이 반영된 세련된 인테리어가 눈길을 끕니다. 특히 한정판 컬렉션과 계절별 신제품이 전시되며, 패션 피스부터 액세서리, 향수까지 브랜드의 정수를 경험할 수 있습니다.  \n\n2. **럭셔리 라이프스타일 제안**  \n   프라다만의 감성이 담긴 패션 아이템뿐만 아니라, 일상에서 활용할 수 있는 소품과 생활용품도 선보입니다. 매장 직원의 전문적인 스타일링 조언을 받으며 개인 맞춤형 쇼핑이 가능합니다.  \n\n3. **역사 문화와의 조화**  \n   을지로 일대는 전통 인쇄 골목과 현대적 감각이 공존하는 ‘힙지로’로 유명합니다. 쇼핑 후 주변의 감성 카페나 공방 거리에서 독특한 디자인의 소품이나 핸드메이드 제품을 구경하며 지역 문화를 체험해 보세요.  \n\n### **방문 팁**  \n- **롯데백화점과의 연계 활용**: 백화점 내 다양한 F&B 매장에서 휴식을 취하거나, 주변 을지로의 맛집에서 현지 음식(예: 을지로 골목식당의 빈대떡)을 즐기면 좋습니다.  \n- **특별 이벤트 체크**: 시즌별로 진행되는 프라다의 팝업 전시나 프로모션 정보를 미리 확인하면 특별한 경험을 할 수 있습니다.  \n- **편의 시설**: 매장 내 전용 주차장과 라운지 공간이 마련되어 있으며, VIP 고객은 프라이빗 서비스를 요청 가능합니다.  \n\n프라다 롯데 본점은 단순한 매장을 넘어 럭셔리 패션의 정수를 느끼고 싶은 분들에게 추천하는 장소입니다. 쇼핑과 문화 체험을 동시에 즐기며, 서울의 유행을 선도하는 트렌디한 여정을 시작해 보세요!', ""장소명: 레노마 롯데서울역\n내용: **레노마 롯데서울역**은 서울역 내 롯데백화점아울렛 3층에 위치한 세련된 남성 의류 브랜드 매장으로, 트렌디한 패션 아이템을 만날 수 있는 쇼핑 명소다.  \n\n이곳은 일본 패션 브랜드 '레노마'의 공식 매장으로, 깔끔한 라인과 실용적인 디자인이 특징인 남성복의 매력을 선사한다. 단정한 오피스룩부터 캐주얼한 데일리 웨어까지 다양한 라인업을 갖추고 있어, 비즈니스와 일상에서 모두 활용할 수 있는 아이템을 찾는 방문객들에게 특히 인기가 높다. 매장 내부는 모던한 감각으로 꾸며져 쇼핑하는 내내 감각적인 분위기를 즐길 수 있다.  \n\n영업 시간은 오전 11시부터 오후 9시까지(월요일~일요일, 명절 당일 제외)로, 퇴근 후에도 여유롭게 방문하기 좋다. 추가로 신용카드가 가능하며, 주차 시설과 환급 서비스도 지원된다. 화장실이 완비되어 있어 쇼핑 중 불편함 없이 이용할 수 있다.  \n\n**방문 팁**: 계절별 신상품이 빠르게 업데이트되므로, 트렌디한 아이템을 원한다면 평일 오후나 주말에 방문해 보기를 추천한다. 또한, 백화점 내 다른 패션 매장과 연계할인도 종종 진행되니, 할인 정보를 미리 확인하면 더 알뜰한 쇼핑이 가능하다. 세련된 남성 패션을 원한다면 레노마 롯데서울역에서 특별한 쇼핑 경험을 즐겨보시길!"", '장소명: 벨루티 신세계 본점\n내용: 벨루티 신세계 본점은 명품 브랜드 벨루티의 한국 공식 매장 중 하나로, 신세계백화점 본점 신관 6층에 위치한 럭셔리 쇼핑 공간이다.  \n\n이곳은 이탈리아 명품 브랜드 벨루티의 대표 제품을 한눈에 감상할 수 있는 곳으로, 가죽 공예 기술이 집약된 가방, 신발, 액세서리 등이 전시되어 있다. 특히 벨루티만의 독특한 컬러 조합과 세심한 디테일은 방문객에게 세련된 브랜드 철학을 전달한다. 매장 내부는 우아한 인테리어로 꾸며져 쇼핑과 동시에 여유로운 분위기를 즐길 수 있다.  \n\n벨루티는 19세기 이탈리아에서 시작된 역사를 가진 브랜드로, 전통적인 장인 정신과 현대적인 디자인이 조화를 이룬다. 신세계 본점 매장에서는 시즌별 신제품부터 한정판까지 다양한 라인을 경험할 수 있으며, 전문 스타일리스트의 친절한 상담 서비스도 제공된다. 특히 크리스마스 시즌에는 백화점 외벽과 매장 내 크리스마스 장식이 어우러져 더욱 화려한 분위기를 연출한다.  \n\n방문객을 위한 팁으로는 평일 오후 시간대를 추천하는데, 비교적 한산한 분위기에서 여유롭게 제품을 감상할 수 있다. 또한 신세계백화점 내 다양한 식음료점과 연계하여 쇼핑 후 휴식을 취하는 것도 좋다. 명품 쇼핑을 계획한다면 벨루티 신세계 본점에서 이탈리아 장인정신의 정수를 경험해 보시길.']",0,0
